Rank;Sourceid;Title;Type;Issn;Publisher;Open Access;Open Access Diamond;SJR;SJR Quartile;H index;Total Docs. (2025);Total Docs. (3years);Total Refs.;Total Citations (3years);Citable Docs. (3years);Citations / Doc. (2years);Ref. / Doc.;%Female;Overton;Country;Region;Publisher;Coverage;Categories;Areas
1;16860;The Lancet Neurology;journal;14744465, 14744422;Elsevier Ltd;No;No;12,439;Q1;398;251;868;4925;9226;247;9,74;19,62;38,61;0;United Kingdom;Western Europe;Elsevier Ltd;2002-2026;Neurology (clinical) (Q1);Medicine
2;17700156408;Nature Reviews Neurology;journal;17594766, 17594758;Nature Research;No;No;7,083;Q1;244;122;444;8764;5581;261;12,13;71,84;51,6;0;United Kingdom;Western Europe;Nature Research;2009-2026;"Cellular and Molecular Neuroscience (Q1); Neurology (clinical) (Q1)";"Medicine; Neuroscience"
3;5700191214;Molecular Neurodegeneration;journal;17501326;BioMed Central Ltd;Yes;No;6,262;Q1;139;122;263;17784;4453;242;14,84;145,77;47,33;0;United Kingdom;Western Europe;BioMed Central Ltd;2006-2026;"Cellular and Molecular Neuroscience (Q1); Molecular Biology (Q1); Neurology (clinical) (Q1)";"Biochemistry, Genetics and Molecular Biology; Medicine; Neuroscience"
4;21100228519;JAMA Neurology;journal;21686157, 21686149;American Medical Association;No;No;5,599;Q1;298;230;664;4976;7157;435;10,76;21,63;36,49;5;United States;Northern America;American Medical Association;2013-2026;Neurology (clinical) (Q1);Medicine
5;12499;Neuro-Oncology;journal;15228517, 15235866;Oxford University Press;No;No;5,249;Q1;189;286;738;13342;7168;543;9,63;46,65;41,81;0;United Kingdom;Western Europe;Oxford University Press;1999-2025;"Cancer Research (Q1); Neurology (clinical) (Q1); Oncology (Q1)";"Biochemistry, Genetics and Molecular Biology; Medicine"
6;21100256102;Translational Neurodegeneration;journal;20479158;BioMed Central Ltd;Yes;No;4,992;Q1;77;71;175;9103;2947;153;15,12;128,21;42,5;0;United Kingdom;Western Europe;BioMed Central Ltd;2012-2026;"Cellular and Molecular Neuroscience (Q1); Cognitive Neuroscience (Q1); Neurology (clinical) (Q1)";"Medicine; Neuroscience"
7;14317;Brain;journal;14602156, 00068950;Oxford University Press;No;No;4,746;Q1;406;443;1307;22873;13210;1053;9,66;51,63;45,59;0;United Kingdom;Western Europe;Oxford University Press;1878-1915, 1917-2026;"Medicine (miscellaneous) (Q1); Neurology (clinical) (Q1)";Medicine
8;3600148102;Alzheimer's and Dementia;journal;15525279, 15525260;John Wiley and Sons Inc;No;No;4,53;Q1;194;1244;1938;72380;17963;1394;11,93;58,18;49,88;6;United States;Northern America;John Wiley and Sons Inc;2005-2026;"Cellular and Molecular Neuroscience (Q1); Developmental Neuroscience (Q1); Epidemiology (Q1); Geriatrics and Gerontology (Q1); Health Policy (Q1); Neurology (clinical) (Q1); Psychiatry and Mental Health (Q1)";"Medicine; Neuroscience"
9;17552;Acta Neuropathologica;journal;00016322, 14320533;Springer Science and Business Media Deutschland GmbH;No;No;4,191;Q1;241;130;428;7665;3605;339;8,46;58,96;43,54;3;Germany;Western Europe;Springer Science and Business Media Deutschland GmbH;1961-2026;"Cellular and Molecular Neuroscience (Q1); Neurology (clinical) (Q1); Pathology and Forensic Medicine (Q1)";"Medicine; Neuroscience"
10;19837;Sleep Medicine Reviews;journal;15322955, 10870792;W.B. Saunders Ltd;No;No;3,827;Q1;204;144;309;10728;3896;248;10,3;74,5;47,54;0;United Kingdom;Western Europe;W.B. Saunders Ltd;1997-2026;"Neurology (Q1); Neurology (clinical) (Q1); Physiology (medical) (Q1); Pulmonary and Respiratory Medicine (Q1)";"Medicine; Neuroscience"
11;14179;Annals of Neurology;journal;15318249, 03645134;"John Wiley &amp; Sons Inc.";No;No;3,247;Q1;350;289;718;10417;4864;591;6,65;36,04;43,61;0;United States;Northern America;"John Wiley &amp; Sons Inc.";1977-2026;"Neurology (Q1); Neurology (clinical) (Q1)";"Medicine; Neuroscience"
12;16757;Journal of Neurology, Neurosurgery and Psychiatry;journal;1468330X, 00223050;BMJ Publishing Group;No;No;2,931;Q1;255;171;567;6497;3953;456;6,56;37,99;42,62;0;United Kingdom;Western Europe;BMJ Publishing Group;1920-1937, 1945-2026;"Neurology (clinical) (Q1); Psychiatry and Mental Health (Q1); Surgery (Q1)";Medicine
13;20618;Stroke;journal;15244628, 00392499;Wolters Kluwer Health;No;No;2,857;Q1;382;512;1503;17327;11001;1342;6,75;33,84;41,91;0;United Kingdom;Western Europe;Wolters Kluwer Health;1970-2026;"Advanced and Specialized Nursing (Q1); Cardiology and Cardiovascular Medicine (Q1); Medicine (miscellaneous) (Q1); Neurology (clinical) (Q1); Neuroscience (miscellaneous) (Q1)";"Medicine; Neuroscience; Nursing"
14;21100982311;npj Parkinson's Disease;journal;23738057;Nature Research;Yes;No;2,837;Q1;66;357;556;23469;4845;539;7,82;65,74;49,59;1;United Kingdom;Western Europe;Nature Research;2015-2026;"Cellular and Molecular Neuroscience (Q1); Neurology (Q1); Neurology (clinical) (Q1)";"Medicine; Neuroscience"
15;21100349562;Aging and Disease;journal;21525250;International Society on Aging and Disease;Yes;No;2,784;Q1;99;171;415;23735;4173;392;9,38;138,8;46,21;0;United States;Northern America;International Society on Aging and Disease;2010-2026;"Cell Biology (Q1); Geriatrics and Gerontology (Q1); Neurology (clinical) (Q1); Pathology and Forensic Medicine (Q1)";"Biochemistry, Genetics and Molecular Biology; Medicine"
16;21100398887;Journal of Stroke;journal;22876391, 22876405;Korean Stroke Society;Yes;Yes;2,705;Q1;61;58;150;1756;969;100;7,44;30,28;33,04;0;South Korea;Asiatic Region;Korean Stroke Society;2015-2026;"Cardiology and Cardiovascular Medicine (Q1); Neurology (clinical) (Q1)";Medicine
17;17407;Movement Disorders;journal;08853185, 15318257;"John Wiley &amp; Sons Inc.";No;No;2,625;Q1;247;365;1033;14386;5425;700;5,1;39,41;46,66;0;United States;Northern America;"John Wiley &amp; Sons Inc.";1986-2026;"Neurology (Q1); Neurology (clinical) (Q1)";"Medicine; Neuroscience"
18;11700154204;Brain Stimulation;journal;1935861X, 18764754;Elsevier Inc.;Yes;No;2,609;Q1;126;245;613;9740;3577;338;5,11;39,76;37,52;0;United States;Northern America;Elsevier Inc.;2008-2026;"Biophysics (Q1); Neurology (clinical) (Q1); Neuroscience (miscellaneous) (Q1)";"Biochemistry, Genetics and Molecular Biology; Medicine; Neuroscience"
19;21100901769;General Psychiatry;journal;2517729X, 20965923;BMJ Publishing Group;Yes;Yes;2,487;Q1;54;59;201;2229;1531;154;6,89;37,78;44,69;0;United Kingdom;Western Europe;BMJ Publishing Group;2018-2025;"Neurology (Q1); Neurology (clinical) (Q1); Psychiatry and Mental Health (Q1)";"Medicine; Neuroscience"
20;19700174935;Alzheimer's Research and Therapy;journal;17589193;BioMed Central Ltd;Yes;No;2,479;Q1;123;266;676;15649;5861;666;7,82;58,83;47,24;2;United Kingdom;Western Europe;BioMed Central Ltd;2010-2026;"Cognitive Neuroscience (Q1); Neurology (Q1); Neurology (clinical) (Q1)";"Medicine; Neuroscience"
21;21100367530;Acta Neuropathologica Communications;journal;20515960;BioMed Central Ltd;Yes;No;2,466;Q1;108;251;572;15528;3431;546;5,71;61,86;44,9;0;United Kingdom;Western Europe;BioMed Central Ltd;2013-2026;"Cellular and Molecular Neuroscience (Q1); Neurology (clinical) (Q1); Pathology and Forensic Medicine (Q1)";"Medicine; Neuroscience"
22;21100820001;Neurology: Neuroimmunology and NeuroInflammation;journal;23327812;Lippincott Williams and Wilkins;Yes;No;2,4;Q1;86;126;397;3684;2657;387;6,27;29,24;46,97;0;United States;Northern America;Lippincott Williams and Wilkins;2014-2026;"Neurology (Q1); Neurology (clinical) (Q1)";"Medicine; Neuroscience"
23;5100155080;Neurotherapeutics;journal;19337213, 18787479;Elsevier B.V.;Yes;No;2,384;Q1;152;251;421;19783;3442;399;7,11;78,82;43,98;0;Netherlands;Western Europe;Elsevier B.V.;2007-2026;"Neurology (clinical) (Q1); Pharmacology (Q1); Pharmacology (medical) (Q1)";"Medicine; Pharmacology, Toxicology and Pharmaceutics"
24;15576;European Neuropsychopharmacology;journal;0924977X, 18737862;Elsevier B.V.;No;No;2,334;Q1;139;152;430;4406;2084;242;4,83;28,99;45,64;3;Netherlands;Western Europe;Elsevier B.V.;1990-2026;"Biological Psychiatry (Q1); Neurology (Q1); Neurology (clinical) (Q1); Pharmacology (Q1); Pharmacology (medical) (Q1); Psychiatry and Mental Health (Q1)";"Medicine; Neuroscience; Pharmacology, Toxicology and Pharmaceutics"
25;21100881252;Journal of Prevention of Alzheimer's Disease;journal;22745807, 24260266;Elsevier Masson s.r.l.;Yes;No;2,269;Q1;48;243;420;1642;2878;372;6,04;6,76;47,17;2;Switzerland;Western Europe;Elsevier Masson s.r.l.;2014, 2017-2026;"Neurology (clinical) (Q1); Psychiatry and Mental Health (Q1)";Medicine
26;21100831450;Annual Review of Vision Science;journal;23744650, 23744642;Annual Reviews Inc.;No;No;2,223;Q1;54;26;61;3779;470;61;7,09;145,35;39,68;0;United States;Northern America;Annual Reviews Inc.;2015-2025;"Medicine (miscellaneous) (Q1); Neurology (clinical) (Q1); Ophthalmology (Q1)";Medicine
27;15510;Epilepsia;journal;15281167, 00139580;Wiley-Blackwell Publishing Ltd;No;No;2,203;Q1;240;508;972;22506;6559;882;5,29;44,3;46,23;3;United Kingdom;Western Europe;Wiley-Blackwell Publishing Ltd;1909-1915, 1937-1950, 1952-1955, 1959, 1961-2026;"Neurology (Q1); Neurology (clinical) (Q1)";"Medicine; Neuroscience"
28;20106;CNS Drugs;journal;11791934, 11727047;;No;No;2,161;Q1;140;105;234;8057;1854;226;7,56;76,73;44,58;1;Switzerland;Western Europe;;1994-2026;"Neurology (clinical) (Q1); Pharmacology (medical) (Q1); Psychiatry and Mental Health (Q1)";Medicine
29;18148;Pain;journal;18726623, 03043959;Lippincott Williams and Wilkins;No;No;2,127;Q1;314;480;1010;22084;5545;860;4,91;46,01;48,6;2;United States;Northern America;Lippincott Williams and Wilkins;1975-2026;"Anesthesiology and Pain Medicine (Q1); Neurology (Q1); Neurology (clinical) (Q1); Pharmacology (Q1)";"Medicine; Neuroscience; Pharmacology, Toxicology and Pharmaceutics"
30;4200151402;International Journal of Stroke;journal;17474930, 17474949;SAGE Publications Ltd;No;No;2,115;Q1;112;178;415;6270;2691;387;6,86;35,22;35,51;4;United Kingdom;Western Europe;SAGE Publications Ltd;2006-2026;"Neurology (Q1); Neurology (clinical) (Q1)";"Medicine; Neuroscience"
31;17952;Neurology;journal;00283878, 1526632X;Lippincott Williams and Wilkins;Yes;No;2,045;Q1;435;984;3417;18859;13741;2454;3,79;19,17;42,58;0;United States;Northern America;Lippincott Williams and Wilkins;1951-2026;Neurology (clinical) (Q1);Medicine
32;16667;Journal of Cerebral Blood Flow and Metabolism;journal;0271678X, 15597016;SAGE Publications Inc.;No;No;2,029;Q1;229;210;526;12815;2990;495;5,52;61,02;37,91;0;United States;Northern America;SAGE Publications Inc.;1981-2026;"Cardiology and Cardiovascular Medicine (Q1); Neurology (Q1); Neurology (clinical) (Q1)";"Medicine; Neuroscience"
33;14989;Current Neurology and Neuroscience Reports;journal;15284042, 15346293;Springer;No;No;1,994;Q1;105;81;215;7290;1700;215;8,06;90;49,1;0;United States;Northern America;Springer;2001-2026;"Neurology (clinical) (Q1); Neuroscience (miscellaneous) (Q1)";"Medicine; Neuroscience"
34;16714;Journal of Headache and Pain;journal;11292377, 11292369;BioMed Central Ltd;Yes;No;1,974;Q1;107;286;537;17879;4355;527;8,1;62,51;48,57;0;United Kingdom;Western Europe;BioMed Central Ltd;2001-2026;"Anesthesiology and Pain Medicine (Q1); Medicine (miscellaneous) (Q1); Neurology (clinical) (Q1)";Medicine
35;21100869857;Stroke and Vascular Neurology;journal;20598696, 20598688;BMJ Publishing Group;Yes;No;1,974;Q1;53;150;215;4898;1312;202;5,61;32,65;38,4;0;United Kingdom;Western Europe;BMJ Publishing Group;2016-2026;"Cardiology and Cardiovascular Medicine (Q1); Neurology (clinical) (Q1)";Medicine
36;14344;Brain Pathology;journal;10156305, 17503639;Wiley-Blackwell;Yes;No;1,955;Q1;159;82;236;3566;1133;182;4,23;43,49;48,85;0;United States;Northern America;Wiley-Blackwell;1990-2026;"Neurology (clinical) (Q1); Neuroscience (miscellaneous) (Q1); Pathology and Forensic Medicine (Q1)";"Medicine; Neuroscience"
37;21100415705;Alzheimer's and Dementia: Translational Research and Clinical Interventions;journal;23528737;John Wiley and Sons Inc;Yes;No;1,923;Q1;76;160;266;6448;1734;251;6,84;40,3;49,02;2;United States;Northern America;John Wiley and Sons Inc;2015-2026;"Neurology (clinical) (Q1); Psychiatry and Mental Health (Q1)";Medicine
38;21100818712;European Stroke Journal;journal;23969881, 23969873;SAGE Publications Inc.;No;No;1,886;Q1;45;206;314;6956;1565;290;4,93;33,77;34,67;3;United Kingdom;Western Europe;SAGE Publications Inc.;2016-2026;"Cardiology and Cardiovascular Medicine (Q1); Neurology (clinical) (Q1)";Medicine
39;19700201513;Journal of NeuroInterventional Surgery;journal;17598486, 17598478;BMJ Publishing Group;No;No;1,847;Q1;100;505;941;12457;4297;804;4,59;24,67;27,66;0;United Kingdom;Western Europe;BMJ Publishing Group;2009-2026;"Medicine (miscellaneous) (Q1); Neurology (clinical) (Q1); Surgery (Q1)";Medicine
40;21101060182;Autism in Adulthood;journal;25739581, 2573959X;Mary Ann Liebert Inc.;No;No;1,837;Q1;32;164;171;10390;1334;164;5,57;63,35;73,05;7;United States;Northern America;Mary Ann Liebert Inc.;2020-2026;"Cognitive Neuroscience (Q1); Developmental and Educational Psychology (Q1); Neurology (Q1); Neurology (clinical) (Q1); Psychiatry and Mental Health (Q1)";"Medicine; Neuroscience; Psychology"
41;21101170600;Psychoradiology;journal;26344416;Oxford University Press;Yes;Yes;1,804;Q1;15;30;83;2116;449;73;5,31;70,53;48,17;0;United Kingdom;Western Europe;Oxford University Press;2021-2026;"Artificial Intelligence (Q1); Clinical Psychology (Q1); Neurology (clinical) (Q1); Neuroscience (miscellaneous) (Q1); Psychiatry and Mental Health (Q1); Psychology (miscellaneous) (Q1); Radiology, Nuclear Medicine and Imaging (Q1)";"Computer Science; Medicine; Neuroscience; Psychology"
42;21100403234;Alzheimer's and Dementia: Diagnosis, Assessment and Disease Monitoring;journal;23528729;John Wiley and Sons Inc;Yes;No;1,774;Q1;79;175;387;7207;1970;371;4,63;41,18;49,14;1;United States;Northern America;John Wiley and Sons Inc;2015-2026;"Neurology (clinical) (Q1); Psychiatry and Mental Health (Q1)";Medicine
43;21100907002;Neurospine;journal;25866583, 25866591;Korean Spinal Neurosurgery Society;Yes;No;1,771;Q1;45;112;429;3393;1902;337;4,35;30,29;23,35;0;South Korea;Asiatic Region;Korean Spinal Neurosurgery Society;2018-2026;"Neurology (clinical) (Q1); Surgery (Q1)";Medicine
44;13070;Spine Journal;journal;15299430, 18781632;Elsevier Inc.;No;No;1,77;Q1;151;343;735;12464;3656;636;4,51;36,34;20,26;0;United States;Northern America;Elsevier Inc.;2001-2026;"Neurology (clinical) (Q1); Orthopedics and Sports Medicine (Q1); Surgery (Q1)";Medicine
45;21100445639;Biological Psychiatry: Cognitive Neuroscience and Neuroimaging;journal;24519030, 24519022;Elsevier Inc.;No;No;1,758;Q1;71;233;470;13875;1834;345;3,63;59,55;45,82;1;United States;Northern America;Elsevier Inc.;2016-2026;"Biological Psychiatry (Q1); Cognitive Neuroscience (Q1); Neurology (clinical) (Q1); Radiology, Nuclear Medicine and Imaging (Q1)";"Medicine; Neuroscience"
46;18712;Psychiatry and Clinical Neurosciences;journal;14401819, 13231316;Wiley-Blackwell Publishing Ltd;No;No;1,709;Q1;103;131;352;5224;1336;195;3,95;39,88;32,81;0;United Kingdom;Western Europe;Wiley-Blackwell Publishing Ltd;1933, 1947-2026;"Medicine (miscellaneous) (Q1); Neurology (Q1); Neurology (clinical) (Q1); Neuroscience (miscellaneous) (Q1); Psychiatry and Mental Health (Q1)";"Medicine; Neuroscience"
47;17408;Multiple Sclerosis Journal;journal;13524585, 14770970;SAGE Publications Ltd;No;No;1,68;Q1;164;225;751;5420;2802;609;3,51;24,09;49,73;0;United Kingdom;Western Europe;SAGE Publications Ltd;1995-2026;"Neurology (Q1); Neurology (clinical) (Q1)";"Medicine; Neuroscience"
48;19830;Sleep;journal;01618105, 15509109;Oxford University Press;No;No;1,671;Q1;257;348;929;14925;3960;643;4,03;42,89;47,09;0;United States;Northern America;Oxford University Press;1978-2026;"Behavioral Neuroscience (Q1); Clinical Psychology (Q1); Neurology (clinical) (Q1); Neuropsychology and Physiological Psychology (Q1); Physiology (medical) (Q1)";"Medicine; Neuroscience; Psychology"
49;21100823147;Annals of Clinical and Translational Neurology;journal;23289503;"John Wiley &amp; Sons Inc.";Yes;No;1,645;Q1;84;300;710;10761;3017;696;4,01;35,87;44,91;1;United States;Northern America;"John Wiley &amp; Sons Inc.";2014-2026;"Neurology (clinical) (Q1); Neuroscience (miscellaneous) (Q1)";"Medicine; Neuroscience"
50;17300154985;Autism Research;journal;19393792, 19393806;John Wiley and Sons Inc;No;No;1,643;Q1;111;194;581;12413;3708;524;4,18;63,98;59,71;1;United States;Northern America;John Wiley and Sons Inc;2008-2026;"Genetics (clinical) (Q1); Neurology (clinical) (Q1); Neuroscience (miscellaneous) (Q1)";"Medicine; Neuroscience"
51;14990;Current Neuropharmacology;journal;18756190, 1570159X;Bentham Science Publishers;No;No;1,642;Q1;125;192;481;19926;3318;449;6,36;103,78;46,79;0;United Arab Emirates;Middle East;Bentham Science Publishers;2004-2026;"Medicine (miscellaneous) (Q1); Neurology (Q1); Neurology (clinical) (Q1); Pharmacology (Q1); Pharmacology (medical) (Q1); Psychiatry and Mental Health (Q1)";"Medicine; Neuroscience; Pharmacology, Toxicology and Pharmaceutics"
52;16751;Journal of Neurology;journal;03405354, 14321459;Springer Science and Business Media Deutschland GmbH;No;No;1,64;Q1;175;774;2005;32908;9223;1686;4,61;42,52;46,46;3;Germany;Western Europe;Springer Science and Business Media Deutschland GmbH;1974-2026;"Neurology (Q1); Neurology (clinical) (Q1)";"Medicine; Neuroscience"
53;19700177306;International Journal of Alzheimer's Disease;journal;20908024, 20900252;John Wiley and Sons Ltd;Yes;No;1,599;Q1;68;0;13;0;105;13;6,3;0;0;0;United States;Northern America;John Wiley and Sons Ltd;2009-2024;"Aging (Q1); Behavioral Neuroscience (Q1); Cellular and Molecular Neuroscience (Q1); Cognitive Neuroscience (Q1); Neurology (Q1); Neurology (clinical) (Q1)";"Biochemistry, Genetics and Molecular Biology; Medicine; Neuroscience"
54;15549;European Journal of Neurology;journal;14681331, 13515101;Wiley-Blackwell Publishing Ltd;Yes;No;1,556;Q1;157;548;1327;17758;5483;1180;4,23;32,41;46,56;2;United Kingdom;Western Europe;Wiley-Blackwell Publishing Ltd;1994-2026;"Neurology (Q1); Neurology (clinical) (Q1)";"Medicine; Neuroscience"
55;19900191888;Journal of Parkinson's Disease;journal;1877718X, 18777171;SAGE Publications Ltd;Yes;No;1,535;Q1;82;132;507;1047;2600;479;4,92;7,93;48,31;0;United Kingdom;Western Europe;SAGE Publications Ltd;2011-2026;"Cellular and Molecular Neuroscience (Q1); Neurology (clinical) (Q1)";"Medicine; Neuroscience"
56;17990;Neuropathology and Applied Neurobiology;journal;03051846, 13652990;Wiley-Blackwell Publishing Ltd;No;No;1,512;Q1;115;46;230;1647;817;220;3,01;35,8;45,27;0;United Kingdom;Western Europe;Wiley-Blackwell Publishing Ltd;1975-2026;"Histology (Q1); Neurology (Q1); Neurology (clinical) (Q1); Pathology and Forensic Medicine (Q1); Physiology (medical) (Q1)";"Medicine; Neuroscience"
57;37369;Journal of Neurosurgery: Spine;journal;15475646, 15475654;American Association of Neurological Surgeons;No;No;1,511;Q1;135;199;645;5753;2454;572;3,75;28,91;19,82;0;United States;Northern America;American Association of Neurological Surgeons;2003-2026;"Medicine (miscellaneous) (Q1); Neurology (Q1); Neurology (clinical) (Q1); Surgery (Q1)";"Medicine; Neuroscience"
58;17494;Neuroepidemiology;journal;02515350, 14230208;S. Karger AG;No;No;1,511;Q1;107;117;155;4974;686;147;3,66;42,51;43,22;0;Switzerland;Western Europe;S. Karger AG;1982-2026;"Epidemiology (Q1); Neurology (clinical) (Q1)";Medicine
59;21100222534;NeuroImage: Clinical;journal;22131582;Elsevier Inc.;Yes;No;1,507;Q1;117;205;801;13014;3736;795;4,47;63,48;42,18;0;United States;Northern America;Elsevier Inc.;2012-2026;"Cognitive Neuroscience (Q1); Neurology (Q1); Neurology (clinical) (Q1); Radiology, Nuclear Medicine and Imaging (Q1)";"Medicine; Neuroscience"
60;16101;Human Brain Mapping;journal;10659471, 10970193;Wiley-Liss Inc.;Yes;No;1,501;Q1;231;333;1175;24942;5480;1173;4,04;74,9;40,74;0;United States;Northern America;Wiley-Liss Inc.;1993-2026;"Anatomy (Q1); Neurology (Q1); Neurology (clinical) (Q1); Radiological and Ultrasound Technology (Q1); Radiology, Nuclear Medicine and Imaging (Q1)";"Health Professions; Medicine; Neuroscience"
61;14987;Developmental Medicine and Child Neurology;journal;14698749, 00121622;Wiley-Blackwell;No;No;1,484;Q1;182;435;870;8606;2730;513;2,69;19,78;67,13;0;United States;Northern America;Wiley-Blackwell;1958-2026;"Developmental Neuroscience (Q1); Neurology (clinical) (Q1); Pediatrics, Perinatology and Child Health (Q1)";"Medicine; Neuroscience"
62;21101081603;Neuro-Oncology Advances;journal;26322498;Oxford University Press;Yes;No;1,421;Q1;42;227;551;10793;2238;538;4,02;47,55;40,08;0;United Kingdom;Western Europe;Oxford University Press;2019-2026;"Neurology (clinical) (Q1); Oncology (Q1); Surgery (Q1)";Medicine
63;15987;Journal of Pain;journal;15265900, 15288447;Elsevier B.V.;No;No;1,415;Q1;174;266;643;16224;2945;612;4,01;60,99;52,43;3;United States;Northern America;Elsevier B.V.;2000-2026;"Anesthesiology and Pain Medicine (Q1); Neurology (Q1); Neurology (clinical) (Q1)";"Medicine; Neuroscience"
64;13068;Spine;journal;03622436, 15281159;Wolters Kluwer Health;No;No;1,406;Q1;310;439;903;12076;3332;822;3,37;27,51;20,37;0;United States;Northern America;Wolters Kluwer Health;1976-2026;"Neurology (clinical) (Q1); Orthopedics and Sports Medicine (Q1); Sports Science (Q1)";"Health Professions; Medicine"
65;16767;Journal of Neurosurgery;journal;19330693, 00223085;American Association of Neurological Surgeons;No;No;1,403;Q1;253;410;1342;12437;4766;1156;3,37;30,33;25;0;United States;Northern America;American Association of Neurological Surgeons;1945-2026;"Neurology (clinical) (Q1); Surgery (Q1)";Medicine
66;19400158804;Translational Stroke Research;journal;1868601X, 18684483;Springer;No;No;1,388;Q1;83;183;277;9711;1279;248;4,62;53,07;33,35;1;United States;Northern America;Springer;2010-2026;"Cardiology and Cardiovascular Medicine (Q1); Neurology (clinical) (Q1); Neuroscience (miscellaneous) (Q1)";"Medicine; Neuroscience"
67;21100466855;Neurology and Therapy;journal;21938253, 21936536;;Yes;No;1,386;Q1;47;167;358;7654;1677;319;3,93;45,83;46,53;0;United Kingdom;Western Europe;;2012-2026;"Neurology (Q1); Neurology (clinical) (Q1)";"Medicine; Neuroscience"
68;17500155127;Sleep Medicine Clinics;journal;1556407X, 15564088;W.B. Saunders;No;No;1,376;Q1;69;59;181;3500;952;157;2,52;59,32;37,9;0;United States;Northern America;W.B. Saunders;2006-2026;"Clinical Psychology (Q1); Medicine (miscellaneous) (Q1); Neurology (clinical) (Q1); Neuropsychology and Physiological Psychology (Q1); Psychiatry and Mental Health (Q1)";"Medicine; Psychology"
69;14993;Current Opinion in Neurology;journal;14736551, 13507540;Lippincott Williams and Wilkins;No;No;1,375;Q1;147;111;294;5543;1333;265;4,48;49,94;39,33;0;United States;Northern America;Lippincott Williams and Wilkins;1993-2026;"Neurology (Q1); Neurology (clinical) (Q1)";"Medicine; Neuroscience"
70;18059;Neuroscientist;journal;10738584, 10894098;SAGE Publications Inc.;No;No;1,361;Q1;155;52;191;3510;688;158;3,44;67,5;42,2;0;United States;Northern America;SAGE Publications Inc.;1995-2026;"Neurology (clinical) (Q1); Neuroscience (miscellaneous) (Q1)";"Medicine; Neuroscience"
71;23985;Neurobiology of Aging;journal;01974580, 15581497;Elsevier Inc.;No;No;1,357;Q1;228;125;509;9381;2096;505;4,23;75,05;48,86;0;United States;Northern America;Elsevier Inc.;1980-2026;"Developmental Biology (Q1); Geriatrics and Gerontology (Q1); Neurology (clinical) (Q1); Neuroscience (miscellaneous) (Q1); Aging (Q2)";"Biochemistry, Genetics and Molecular Biology; Medicine; Neuroscience"
72;16761;Journal of Neuropathology and Experimental Neurology;journal;15546578, 00223069;Oxford University Press;No;No;1,337;Q1;187;118;325;4195;813;231;2,41;35,55;48,38;0;United Kingdom;Western Europe;Oxford University Press;1942-2026;"Medicine (miscellaneous) (Q1); Neurology (Q1); Neurology (clinical) (Q1); Pathology and Forensic Medicine (Q1); Cellular and Molecular Neuroscience (Q2)";"Medicine; Neuroscience"
73;12235;Journal of Neurotrauma;journal;15579042, 08977151;Mary Ann Liebert Inc.;No;No;1,329;Q1;187;212;583;12157;2448;543;4,01;57,34;44,13;4;United States;Northern America;Mary Ann Liebert Inc.;1988-2026;Neurology (clinical) (Q1);Medicine
74;19700174928;ASN Neuro;journal;17590914;SAGE Publications Inc.;Yes;No;1,322;Q1;62;21;76;984;364;75;4,48;46,86;54,37;0;United Kingdom;Western Europe;SAGE Publications Inc.;2009-2026;"Neurology (clinical) (Q1); Neuroscience (miscellaneous) (Q1)";"Medicine; Neuroscience"
75;21100345623;Global Spine Journal;journal;21925682, 21925690;SAGE Publications Inc.;Yes;No;1,306;Q1;69;553;873;17784;3474;782;3,67;32,16;19,1;0;United States;Northern America;SAGE Publications Inc.;2014-2026;"Neurology (clinical) (Q1); Orthopedics and Sports Medicine (Q1); Surgery (Q1)";Medicine
76;16790;Journal of Pain and Symptom Management;journal;18736513, 08853924;Elsevier Inc.;No;No;1,287;Q1;178;329;821;10866;2986;732;3,28;33,03;60,97;3;United States;Northern America;Elsevier Inc.;1986-2026;"Anesthesiology and Pain Medicine (Q1); Neurology (clinical) (Q1); Nursing (miscellaneous) (Q1)";"Medicine; Nursing"
77;33648;Neurorehabilitation and Neural Repair;journal;15526844, 15459683;SAGE Publications Inc.;No;No;1,284;Q1;141;80;221;4212;1001;217;3,97;52,65;46,38;0;United States;Northern America;SAGE Publications Inc.;1987-2026;"Neurology (Q1); Neurology (clinical) (Q1); Rehabilitation (Q1)";"Medicine; Neuroscience"
78;21100915393;Neuroscience of Consciousness;journal;20572107;Oxford University Press;Yes;No;1,277;Q1;27;56;83;4681;359;83;3,6;83,59;36,4;0;United Kingdom;Western Europe;Oxford University Press;2017, 2019-2026;"Clinical Psychology (Q1); Experimental and Cognitive Psychology (Q1); Neurology (Q1); Neurology (clinical) (Q1); Psychiatry and Mental Health (Q1)";"Medicine; Neuroscience; Psychology"
79;14352;Brain Topography;journal;15736792, 08960267;Springer;No;No;1,276;Q1;92;76;203;4763;944;201;5,13;62,67;43,02;0;United States;Northern America;Springer;1988-2026;"Anatomy (Q1); Neurology (Q1); Neurology (clinical) (Q1); Radiological and Ultrasound Technology (Q1); Radiology, Nuclear Medicine and Imaging (Q1)";"Health Professions; Medicine; Neuroscience"
80;130054;Neurocritical Care;journal;15560961, 15416933;Springer;No;No;1,256;Q1;103;263;769;7897;2516;614;3,3;30,03;37,89;0;United States;Northern America;Springer;2004-2026;"Critical Care and Intensive Care Medicine (Q1); Neurology (clinical) (Q1)";Medicine
81;19400158590;Journal of Neurodevelopmental Disorders;journal;18661947, 18661955;BioMed Central Ltd;Yes;No;1,25;Q1;69;74;170;5009;712;168;3,51;67,69;61,36;0;United Kingdom;Western Europe;BioMed Central Ltd;2009-2026;"Cognitive Neuroscience (Q1); Neurology (clinical) (Q1); Pathology and Forensic Medicine (Q1); Pediatrics, Perinatology and Child Health (Q1)";"Medicine; Neuroscience"
82;19700174913;Therapeutic Advances in Neurological Disorders;journal;17562864, 17562856;SAGE Publications Ltd;Yes;No;1,243;Q1;81;131;274;6814;1086;261;3,57;52,02;43,82;0;United Kingdom;Western Europe;SAGE Publications Ltd;2008-2026;"Neurology (Q1); Neurology (clinical) (Q1); Pharmacology (Q1)";"Medicine; Neuroscience; Pharmacology, Toxicology and Pharmaceutics"
83;14945;Cortex;journal;19738102, 00109452;Masson SpA;No;No;1,242;Q1;155;229;668;15736;2259;599;2,91;68,72;45,5;0;Italy;Western Europe;Masson SpA;1964-1965, 1968-2026;"Cognitive Neuroscience (Q1); Developmental and Educational Psychology (Q1); Experimental and Cognitive Psychology (Q1); Neurology (Q1); Neurology (clinical) (Q1); Neuropsychology and Physiological Psychology (Q1)";"Medicine; Neuroscience; Psychology"
84;18572;Parkinsonism and Related Disorders;journal;18735126, 13538020;Elsevier Ltd;No;No;1,236;Q1;134;373;918;9529;2944;676;3,14;25,55;46,19;0;United Kingdom;Western Europe;Elsevier Ltd;1995-2026;"Geriatrics and Gerontology (Q1); Neurology (Q1); Neurology (clinical) (Q1)";"Medicine; Neuroscience"
85;21101082068;Cerebral Circulation - Cognition and Behavior;journal;26662450;Elsevier B.V.;Yes;No;1,23;Q1;16;39;121;1781;397;109;2,94;45,67;49,24;0;Netherlands;Western Europe;Elsevier B.V.;2020-2026;"Behavioral Neuroscience (Q1); Cognitive Neuroscience (Q1); Neurology (Q1); Neurology (clinical) (Q1); Biological Psychiatry (Q2)";"Medicine; Neuroscience"
86;32816;Neural Plasticity;journal;16875443, 20905904;John Wiley and Sons Ltd;Yes;No;1,218;Q1;102;35;118;2280;564;118;4,03;65,14;46,41;0;United Kingdom;Western Europe;John Wiley and Sons Ltd;1998-2005, 2007-2026;"Neurology (Q1); Neurology (clinical) (Q1)";"Medicine; Neuroscience"
87;15300154855;Journal of Neural Transmission;journal;03009564, 14351463;Springer;No;No;1,205;Q1;138;217;393;16284;1792;376;4,67;75,04;48,78;0;Austria;Western Europe;Springer;1972-2026;"Neurology (Q1); Neurology (clinical) (Q1); Psychiatry and Mental Health (Q1); Biological Psychiatry (Q2)";"Medicine; Neuroscience"
88;18069;Neurosurgery;journal;15244040, 0148396X;Lippincott Williams and Wilkins;Yes;No;1,191;Q1;236;633;1308;16554;3282;847;2,67;26,15;24,79;0;United States;Northern America;Lippincott Williams and Wilkins;1977-2026;"Neurology (clinical) (Q1); Surgery (Q1)";Medicine
89;14841;Cephalalgia;journal;14682982, 03331024;SAGE Publications Ltd;No;No;1,178;Q1;153;193;445;7643;2126;402;5,14;39,6;45,34;0;United Kingdom;Western Europe;SAGE Publications Ltd;1981-2026;"Medicine (miscellaneous) (Q1); Neurology (clinical) (Q1)";Medicine
90;20028;American Journal of Neuroradiology;journal;1936959X, 01956108;American Society of Neuroradiology;No;No;1,166;Q1;212;390;898;11060;2969;792;3,12;28,36;31,6;0;United States;Northern America;American Society of Neuroradiology;1980-2026;"Medicine (miscellaneous) (Q1); Neurology (clinical) (Q1); Radiology, Nuclear Medicine and Imaging (Q1)";Medicine
91;15771;Muscle and Nerve;journal;10974598, 0148639X;"John Wiley &amp; Sons Inc.";No;No;1,134;Q1;178;277;651;9240;1820;520;2,78;33,36;47,36;0;United States;Northern America;"John Wiley &amp; Sons Inc.";1978-2026;"Neurology (clinical) (Q1); Physiology (Q1); Physiology (medical) (Q1); Cellular and Molecular Neuroscience (Q2)";"Biochemistry, Genetics and Molecular Biology; Medicine; Neuroscience"
92;21370;Expert Review of Neurotherapeutics;journal;14737175, 17448360;Taylor and Francis Ltd.;No;No;1,106;Q1;110;113;299;11574;1192;260;4,13;102,42;37,72;0;United Kingdom;Western Europe;Taylor and Francis Ltd.;2001-2026;"Neurology (clinical) (Q1); Pharmacology (medical) (Q1); Neuroscience (miscellaneous) (Q2)";"Medicine; Neuroscience"
93;21101183778;Current Research in Neurobiology;journal;2665945X;Elsevier B.V.;Yes;No;1,09;Q1;15;8;102;529;345;100;2,91;66,13;38,78;0;Netherlands;Western Europe;Elsevier B.V.;2020-2026;"Behavioral Neuroscience (Q1); Bioengineering (Q1); Neurology (clinical) (Q1); Cognitive Neuroscience (Q2); Developmental Neuroscience (Q2); Neuroscience (miscellaneous) (Q2)";"Chemical Engineering; Medicine; Neuroscience"
94;14386;CNS Spectrums;journal;10928529, 21656509;Cambridge University Press;Yes;No;1,086;Q1;100;92;282;5350;975;240;3,32;58,15;44,32;0;United Kingdom;Western Europe;Cambridge University Press;1996-2026;"Neurology (clinical) (Q1); Psychiatry and Mental Health (Q2)";Medicine
95;14255;Autonomic Neuroscience: Basic and Clinical;journal;15660702, 18727484;Elsevier B.V.;No;No;1,077;Q1;100;88;164;6469;580;154;2,76;73,51;45,02;0;Netherlands;Western Europe;Elsevier B.V.;2000-2026;"Neurology (clinical) (Q1); Cellular and Molecular Neuroscience (Q2); Endocrine and Autonomic Systems (Q2)";"Medicine; Neuroscience"
96;17973;Neuromodulation;journal;15251403, 10947159;International Neuromodulation Society;No;No;1,076;Q1;86;190;532;8708;1961;491;3,31;45,83;36,21;1;United States;Northern America;International Neuromodulation Society;1998-2026;"Anesthesiology and Pain Medicine (Q1); Medicine (miscellaneous) (Q1); Neurology (Q1); Neurology (clinical) (Q1)";"Medicine; Neuroscience"
97;14900;Clinical Neurophysiology;journal;13882457, 18728952;Elsevier Ireland Ltd;No;No;1,07;Q1;237;307;783;15332;2511;617;2,85;49,94;38,45;0;Ireland;Western Europe;Elsevier Ireland Ltd;1999-2026;"Neurology (Q1); Neurology (clinical) (Q1); Sensory Systems (Q1); Physiology (medical) (Q2)";"Medicine; Neuroscience"
98;29306;Clinical Autonomic Research;journal;09599851, 16191560;Springer Science and Business Media Deutschland GmbH;No;No;1,067;Q1;77;110;218;3917;551;117;2,99;35,61;45,42;0;Germany;Western Europe;Springer Science and Business Media Deutschland GmbH;1991-2026;"Medicine (miscellaneous) (Q1); Neurology (clinical) (Q1); Endocrine and Autonomic Systems (Q2)";"Medicine; Neuroscience"
99;21100835138;Journal of Neuromuscular Diseases;journal;22143599, 22143602;SAGE Publications Ltd;No;No;1,066;Q1;49;79;266;629;875;263;3,31;7,96;56,49;1;United Kingdom;Western Europe;SAGE Publications Ltd;2014-2026;"Neurology (clinical) (Q1); Neurology (Q2)";"Medicine; Neuroscience"
100;21100878009;Neurobiology of Pain;journal;2452073X;Elsevier B.V.;Yes;No;1,058;Q1;26;30;92;1992;357;90;3,19;66,4;43,88;0;Netherlands;Western Europe;Elsevier B.V.;2017-2026;"Anesthesiology and Pain Medicine (Q1); Neurology (clinical) (Q1); Neuroscience (miscellaneous) (Q2)";"Medicine; Neuroscience"
101;14853;Cerebellum;journal;14734230, 14734222;Springer;No;No;1,04;Q1;94;187;460;8614;1382;435;2,94;46,06;46,19;0;United States;Northern America;Springer;2002-2026;"Medicine (miscellaneous) (Q1); Neurology (clinical) (Q1); Neurology (Q2)";"Medicine; Neuroscience"
102;16820;Journal of the Neurological Sciences;journal;0022510X, 18785883;Elsevier B.V.;No;No;1,04;Q1;163;360;1019;11754;2941;830;2,43;32,65;38,71;0;Netherlands;Western Europe;Elsevier B.V.;1964-2026;"Neurology (clinical) (Q1); Neurology (Q2)";"Medicine; Neuroscience"
103;21101068012;North American Spine Society Journal;journal;26665484;Elsevier Inc.;Yes;No;1,04;Q2;19;110;261;4632;804;235;3,22;42,11;22,09;0;United States;Northern America;Elsevier Inc.;2020-2026;"Orthopedics and Sports Medicine (Q1); Surgery (Q1); Neurology (clinical) (Q2)";Medicine
104;3900148612;Journal of Clinical Sleep Medicine;journal;15509397, 15509389;Springer Nature;No;No;1,033;Q2;136;290;912;9554;2873;792;2,7;32,94;43,88;3;United States;Northern America;Springer Nature;2005-2026;"Pulmonary and Respiratory Medicine (Q1); Neurology (Q2); Neurology (clinical) (Q2)";"Medicine; Neuroscience"
105;29954;Journal of Neuro-Oncology;journal;15737373, 0167594X;Springer;No;No;1,03;Q2;147;389;905;15593;2988;849;3,24;40,08;35,17;0;United States;Northern America;Springer;1983-2026;"Cancer Research (Q2); Neurology (Q2); Neurology (clinical) (Q2); Oncology (Q2)";"Biochemistry, Genetics and Molecular Biology; Medicine; Neuroscience"
106;21101021585;Journal of Movement Disorders;journal;2005940X, 20934939;Korean Movement Disorder Society;Yes;Yes;1,026;Q2;24;65;179;1519;363;94;1,98;23,37;38,22;0;South Korea;Asiatic Region;Korean Movement Disorder Society;2016, 2019-2026;"Neurology (Q2); Neurology (clinical) (Q2)";"Medicine; Neuroscience"
107;18500161700;Pain Medicine (United States);journal;15262375, 15264637;Oxford University Press;No;No;1,021;Q2;135;132;590;3923;1734;460;2,66;29,72;44,78;0;United Kingdom;Western Europe;Oxford University Press;2000-2026;"Anesthesiology and Pain Medicine (Q1); Medicine (miscellaneous) (Q1); Neurology (clinical) (Q2)";Medicine
108;21100865008;Neurology: Genetics;journal;23767839;Lippincott Williams and Wilkins;Yes;No;1,013;Q2;44;77;235;2461;594;234;2,54;31,96;49,16;0;United States;Northern America;Lippincott Williams and Wilkins;2015-2026;"Genetics (clinical) (Q2); Neurology (clinical) (Q2)";Medicine
109;21100212316;Frontiers in Neurology;journal;16642295;Frontiers Media SA;Yes;No;0,995;Q2;132;2295;7845;105483;26407;7502;3,12;45,96;44,21;0;Switzerland;Western Europe;Frontiers Media SA;2010-2026;"Neurology (Q2); Neurology (clinical) (Q2)";"Medicine; Neuroscience"
110;19015;Metabolic Brain Disease;journal;15737365, 08857490;Springer;No;No;0,995;Q2;87;330;555;23319;2466;548;4,18;70,66;49,13;0;United States;Northern America;Springer;1986-2026;"Biochemistry (Q2); Cellular and Molecular Neuroscience (Q2); Neurology (clinical) (Q2)";"Biochemistry, Genetics and Molecular Biology; Medicine; Neuroscience"
111;21100381004;CNS Oncology;journal;20450915, 20450907;Taylor and Francis Ltd.;Yes;No;0,992;Q2;38;5;41;250;116;41;2,07;50;39,13;0;United Kingdom;Western Europe;Taylor and Francis Ltd.;2012-2026;"Neurology (Q2); Neurology (clinical) (Q2)";"Medicine; Neuroscience"
112;21100235630;Amyotrophic Lateral Sclerosis and Frontotemporal Degeneration;journal;21679223, 21678421;Taylor and Francis Ltd.;No;No;0,99;Q2;93;147;297;4783;779;288;2,74;32,54;51,62;0;United Kingdom;Western Europe;Taylor and Francis Ltd.;2013-2026;"Medicine (miscellaneous) (Q1); Neurology (Q2); Neurology (clinical) (Q2)";"Medicine; Neuroscience"
113;21100236604;Neurology: Clinical Practice;journal;21630402, 21630933;Lippincott Williams and Wilkins;No;No;0,986;Q2;52;95;376;2736;1049;361;2,93;28,8;47,52;0;United States;Northern America;Lippincott Williams and Wilkins;2011-2026;Neurology (clinical) (Q2);Medicine
114;20100195034;Journal of Neurogastroenterology and Motility;journal;20930887, 20930879;Korean Society of Neurogastroenterology and Motility;Yes;No;0,985;Q2;71;61;212;2309;654;160;2,99;37,85;36,45;0;South Korea;Asiatic Region;Korean Society of Neurogastroenterology and Motility;2010-2026;"Gastroenterology (Q1); Neurology (clinical) (Q2)";Medicine
115;14995;Current Pain and Headache Reports;journal;15343081, 15313433;Springer;No;No;0,975;Q2;94;122;307;6852;1590;306;5,52;56,16;38,28;0;United States;Northern America;Springer;2001-2026;"Anesthesiology and Pain Medicine (Q1); Medicine (miscellaneous) (Q1); Neurology (clinical) (Q2)";Medicine
116;17227;Journal of Neuroradiology;journal;17730406, 01509861;Elsevier Masson s.r.l.;No;No;0,972;Q2;55;59;223;1810;633;173;2,83;30,68;23,08;1;France;Western Europe;Elsevier Masson s.r.l.;1974, 1977-2026;"Radiological and Ultrasound Technology (Q1); Radiology, Nuclear Medicine and Imaging (Q1); Neurology (clinical) (Q2)";"Health Professions; Medicine"
117;10600153347;Brain Imaging and Behavior;journal;19317565, 19317557;Springer;No;No;0,962;Q2;76;123;452;6917;1485;452;3,1;56,24;48,73;0;United States;Northern America;Springer;2007-2026;"Radiology, Nuclear Medicine and Imaging (Q1); Behavioral Neuroscience (Q2); Cognitive Neuroscience (Q2); Neurology (Q2); Neurology (clinical) (Q2); Psychiatry and Mental Health (Q2); Cellular and Molecular Neuroscience (Q3)";"Medicine; Neuroscience"
118;21100900324;Epilepsia Open;journal;24709239;Wiley-Blackwell Publishing Ltd;Yes;No;0,962;Q2;43;229;494;10523;1749;465;3,41;45,95;47,11;0;United States;Northern America;Wiley-Blackwell Publishing Ltd;2016-2026;"Neurology (Q2); Neurology (clinical) (Q2)";"Medicine; Neuroscience"
119;21101133557;Neurological Research and Practice;journal;25243489;Springer Medizin;Yes;No;0,962;Q2;29;94;186;3877;607;146;3,38;41,24;38,76;0;United Kingdom;Western Europe;Springer Medizin;2019-2026;"Neurology (Q2); Neurology (clinical) (Q2)";"Medicine; Neuroscience"
120;20000195097;Multiple Sclerosis and Related Disorders;journal;22110356, 22110348;Elsevier B.V.;No;No;0,959;Q2;77;523;1777;20650;5089;1589;2,82;39,48;49,98;1;Netherlands;Western Europe;Elsevier B.V.;2012-2026;"Medicine (miscellaneous) (Q1); Neurology (Q2); Neurology (clinical) (Q2)";"Medicine; Neuroscience"
121;145175;Neurosurgical Focus;journal;10920684;American Association of Neurological Surgeons;Yes;No;0,957;Q2;135;184;501;5504;1636;466;3,09;29,91;23,04;0;United States;Northern America;American Association of Neurological Surgeons;1996-2026;"Medicine (miscellaneous) (Q1); Surgery (Q1); Neurology (clinical) (Q2)";Medicine
122;21100786205;Experimental Neurobiology;journal;12262560, 20938144;Korean Society for Neurodegenerative Disease;Yes;No;0,944;Q2;37;22;95;1262;254;95;2,55;57,36;38,06;0;South Korea;Asiatic Region;Korean Society for Neurodegenerative Disease;2015-2025;"Neurology (clinical) (Q2); Cellular and Molecular Neuroscience (Q3)";"Medicine; Neuroscience"
123;17526;Neurologic Clinics;journal;07338619, 15579875;W.B. Saunders;No;No;0,943;Q2;108;56;185;4014;635;162;3,92;71,68;44,23;0;United States;Northern America;W.B. Saunders;1983-2026;Neurology (clinical) (Q2);Medicine
124;16834;Journal of the Peripheral Nervous System;journal;10859489, 15298027;Wiley-Blackwell Publishing Ltd;No;No;0,941;Q2;82;93;167;2605;488;156;2,75;28,01;45,79;1;United Kingdom;Western Europe;Wiley-Blackwell Publishing Ltd;1996-2026;"Medicine (miscellaneous) (Q1); Neurology (clinical) (Q2); Neuroscience (miscellaneous) (Q2)";"Medicine; Neuroscience"
125;21100213700;Journal of Clinical Neurology (Korea);journal;17386586, 20055013;Korean Neurological Association;Yes;Yes;0,939;Q2;63;92;309;2298;612;177;2,02;24,98;36,28;0;South Korea;Asiatic Region;Korean Neurological Association;2008-2026;"Neurology (Q2); Neurology (clinical) (Q2)";"Medicine; Neuroscience"
126;16749;Journal of Neuroimmunology;journal;18728421, 01655728;Elsevier B.V.;No;No;0,938;Q2;163;204;448;9666;1387;432;3,08;47,38;45,75;0;Netherlands;Western Europe;Elsevier B.V.;1981-2026;"Immunology (Q2); Immunology and Allergy (Q2); Neurology (Q2); Neurology (clinical) (Q2)";"Immunology and Microbiology; Medicine; Neuroscience"
127;21100829261;Clinical Neuroradiology;journal;18691447, 18691439;Springer Science and Business Media Deutschland GmbH;No;No;0,935;Q2;46;154;370;4088;975;307;2,65;26,55;25,59;0;Germany;Western Europe;Springer Science and Business Media Deutschland GmbH;2000, 2010-2026;"Radiology, Nuclear Medicine and Imaging (Q1); Neurology (clinical) (Q2)";Medicine
128;16747;Journal of Neuroimaging;journal;10512284, 15526569;Wiley-Blackwell;No;No;0,924;Q2;78;118;301;4778;937;301;3,01;40,49;32,94;0;United States;Northern America;Wiley-Blackwell;1991-2026;"Medicine (miscellaneous) (Q1); Radiology, Nuclear Medicine and Imaging (Q1); Neurology (clinical) (Q2)";Medicine
129;17976;Neuromuscular Disorders;journal;18732364, 09608966;Elsevier Ltd;No;No;0,915;Q2;121;106;369;3838;951;355;2,76;36,21;55,08;0;United Kingdom;Western Europe;Elsevier Ltd;1991-2026;"Pediatrics, Perinatology and Child Health (Q1); Genetics (clinical) (Q2); Neurology (Q2); Neurology (clinical) (Q2)";"Medicine; Neuroscience"
130;21100854841;Pain and Therapy;journal;2193651X, 21938237;;Yes;No;0,915;Q2;47;112;318;5886;1232;281;3,96;52,55;35,98;1;United Kingdom;Western Europe;;2012-2026;"Anesthesiology and Pain Medicine (Q1); Neurology (clinical) (Q2)";Medicine
131;22097;Neurosurgical Review;journal;03445607, 14372320;Springer Science and Business Media Deutschland GmbH;No;No;0,911;Q2;83;629;1428;23941;3450;1047;1,99;38,06;26,06;1;Germany;Western Europe;Springer Science and Business Media Deutschland GmbH;1978-2026;"Medicine (miscellaneous) (Q1); Surgery (Q1); Neurology (clinical) (Q2)";Medicine
132;17548;Acta Neurologica Scandinavica;journal;16000404, 00016314;John Wiley and Sons Inc;No;No;0,91;Q2;119;64;275;2369;748;250;1,04;37,02;47,12;0;United Kingdom;Western Europe;John Wiley and Sons Inc;1961-2026;"Medicine (miscellaneous) (Q1); Neurology (Q2); Neurology (clinical) (Q2)";"Medicine; Neuroscience"
133;16075;Headache;journal;00178748, 15264610;Wiley-Blackwell Publishing Ltd;No;No;0,905;Q2;154;219;485;7169;1568;378;3,12;32,74;47,9;2;United Kingdom;Western Europe;Wiley-Blackwell Publishing Ltd;1961-2026;"Neurology (Q2); Neurology (clinical) (Q2)";"Medicine; Neuroscience"
134;29549;Journal of Geriatric Psychiatry and Neurology;journal;15525708, 08919887;SAGE Publications Inc.;No;No;0,904;Q2;84;74;177;4113;644;176;3,52;55,58;51,19;0;United States;Northern America;SAGE Publications Inc.;1988-2026;"Geriatrics and Gerontology (Q2); Neurology (clinical) (Q2); Psychiatry and Mental Health (Q2)";Medicine
135;14346;Brain Research;journal;18726240, 00068993;Elsevier B.V.;No;No;0,894;Q2;268;573;924;41060;3159;922;3,39;71,66;44,62;1;Netherlands;Western Europe;Elsevier B.V.;1966-2026;"Developmental Biology (Q2); Molecular Biology (Q2); Neurology (clinical) (Q2); Neuroscience (miscellaneous) (Q2)";"Biochemistry, Genetics and Molecular Biology; Medicine; Neuroscience"
136;20653;Topics in Stroke Rehabilitation;journal;19455119, 10749357;Taylor and Francis Ltd.;No;No;0,893;Q2;85;111;215;4741;734;211;3,31;42,71;50,91;0;United Kingdom;Western Europe;Taylor and Francis Ltd.;1995-2026;"Community and Home Care (Q1); Rehabilitation (Q1); Neurology (clinical) (Q2)";"Medicine; Nursing"
137;14880;Clinical Journal of Pain;journal;15365409, 07498047;Lippincott Williams and Wilkins;No;No;0,882;Q2;154;70;279;2905;881;250;2,85;41,5;44,64;0;United States;Northern America;Lippincott Williams and Wilkins;1985-2026;"Anesthesiology and Pain Medicine (Q1); Neurology (clinical) (Q2)";Medicine
138;21100787040;Clinical Neurophysiology Practice;journal;2467981X;Elsevier B.V.;Yes;No;0,871;Q2;33;72;118;2859;331;101;2,17;39,71;38,28;1;Netherlands;Western Europe;Elsevier B.V.;2016-2026;"Neurology (Q2); Neurology (clinical) (Q2); Physiology (medical) (Q2)";"Medicine; Neuroscience"
139;4700152268;CONTINUUM Lifelong Learning in Neurology;journal;10802371, 15386899;Lippincott Williams and Wilkins;No;No;0,871;Q2;71;119;320;4823;876;298;1,54;40,53;46;0;United States;Northern America;Lippincott Williams and Wilkins;2006-2026;"Genetics (clinical) (Q2); Medicine (miscellaneous) (Q2); Neurology (clinical) (Q2)";Medicine
140;16188;Journal of the International Neuropsychological Society;journal;13556177, 14697661;Cambridge University Press;No;No;0,869;Q2;155;76;296;4604;935;295;2,83;60,58;57,32;0;United Kingdom;Western Europe;Cambridge University Press;1995-2026;"Clinical Psychology (Q2); Neurology (clinical) (Q2); Neuroscience (miscellaneous) (Q2); Psychiatry and Mental Health (Q2)";"Medicine; Neuroscience; Psychology"
141;17525;Neurologia Medico-Chirurgica;journal;13498029, 04708105;Japan Neurosurgical Society;Yes;No;0,869;Q2;68;80;205;2040;533;203;1,84;25,5;10,59;0;Japan;Asiatic Region;Japan Neurosurgical Society;1959-1968, 1971-2026;"Surgery (Q1); Neurology (clinical) (Q2)";Medicine
142;19700175144;Neurology International;journal;20358377, 20358385;Multidisciplinary Digital Publishing Institute (MDPI);Yes;No;0,856;Q2;33;205;310;12013;1050;305;3,5;58,6;45,26;0;Switzerland;Western Europe;Multidisciplinary Digital Publishing Institute (MDPI);2009-2026;Neurology (clinical) (Q2);Medicine
143;21100853991;Movement Disorders Clinical Practice;journal;23301619;John Wiley and Sons Ltd;No;No;0,854;Q2;49;507;800;13451;1798;546;2,24;26,53;47,05;0;United States;Northern America;John Wiley and Sons Ltd;2014-2026;"Neurology (Q2); Neurology (clinical) (Q2)";"Medicine; Neuroscience"
144;4000148206;Journal of Neurologic Physical Therapy;journal;15570584, 15570576;Lippincott Williams and Wilkins Ltd.;No;No;0,85;Q2;72;40;102;1544;286;83;2,33;38,6;61,31;0;United States;Northern America;Lippincott Williams and Wilkins Ltd.;2004-2026;"Physical Therapy, Sports Therapy and Rehabilitation (Q1); Rehabilitation (Q1); Geriatrics and Gerontology (Q2); Medicine (miscellaneous) (Q2); Neurology (clinical) (Q2)";"Health Professions; Medicine"
145;21101056543;BMJ Neurology Open;journal;26326140;BMJ Publishing Group;Yes;No;0,845;Q2;18;111;191;3752;466;190;2,43;33,8;44,9;0;United Kingdom;Western Europe;BMJ Publishing Group;2019-2026;"Neurology (Q2); Neurology (clinical) (Q2)";"Medicine; Neuroscience"
146;14991;European Journal of Paediatric Neurology;journal;15322130, 10903798;W.B. Saunders Ltd;No;No;0,842;Q2;83;117;351;4107;817;277;2,26;35,1;62,07;1;United Kingdom;Western Europe;W.B. Saunders Ltd;1997-2026;"Pediatrics, Perinatology and Child Health (Q1); Medicine (miscellaneous) (Q2); Neurology (clinical) (Q2)";Medicine
147;14287;Behavioural Neurology;journal;09534180, 18758584;John Wiley and Sons Ltd;Yes;No;0,84;Q2;66;29;102;1482;397;100;4,27;51,1;47,47;0;United Kingdom;Western Europe;John Wiley and Sons Ltd;1988-1998, 2000-2001, 2003-2026;"Medicine (miscellaneous) (Q2); Neurology (Q2); Neurology (clinical) (Q2); Neuropsychology and Physiological Psychology (Q2)";"Medicine; Neuroscience; Psychology"
148;12218;Journal of Head Trauma Rehabilitation;journal;08859701, 1550509X;Lippincott Williams and Wilkins;No;No;0,83;Q2;122;151;266;6055;883;260;3,27;40,1;54,89;0;United States;Northern America;Lippincott Williams and Wilkins;1986-2026;"Physical Therapy, Sports Therapy and Rehabilitation (Q1); Rehabilitation (Q1); Neurology (clinical) (Q2)";"Health Professions; Medicine"
149;16762;Journal of Neuropsychiatry and Clinical Neurosciences;journal;08950172, 15457222;American Psychiatric Association;No;No;0,827;Q2;122;0;136;0;325;110;2,24;0;0;0;United States;Northern America;American Psychiatric Association;1989-2025;"Medicine (miscellaneous) (Q2); Neurology (clinical) (Q2); Psychiatry and Mental Health (Q2)";Medicine
150;21100967310;Translational Medicine of Aging;journal;24685011;KeAi Communications Co.;Yes;No;0,827;Q2;15;11;27;965;71;26;2,48;87,73;48;0;China;Asiatic Region;KeAi Communications Co.;2017-2025;"Geriatrics and Gerontology (Q2); Neurology (clinical) (Q2); Physiology (Q2); Aging (Q3); Cell Biology (Q3)";"Biochemistry, Genetics and Molecular Biology; Medicine"
151;19380;Seizure;journal;10591311, 15322688;W.B. Saunders Ltd;No;No;0,826;Q2;110;278;721;10514;2091;659;2,63;37,82;47,54;1;United Kingdom;Western Europe;W.B. Saunders Ltd;1992-2026;"Medicine (miscellaneous) (Q2); Neurology (Q2); Neurology (clinical) (Q2)";"Medicine; Neuroscience"
152;21100369818;Neurodegenerative Disease Management;journal;17582024, 17582032;Taylor and Francis Ltd.;No;No;0,804;Q2;38;73;90;3690;234;81;2,67;50,55;52,62;0;United Kingdom;Western Europe;Taylor and Francis Ltd.;2014-2026;"Medicine (miscellaneous) (Q2); Neurology (clinical) (Q2)";Medicine
153;21100215180;Neurology Research International;journal;20901860, 20901852;John Wiley and Sons Ltd;Yes;No;0,798;Q2;45;9;16;415;57;16;2,86;46,11;50;0;United Kingdom;Western Europe;John Wiley and Sons Ltd;2010-2026;"Neurology (Q2); Neurology (clinical) (Q2)";"Medicine; Neuroscience"
154;21101072359;Biomarkers in Neuropsychiatry;journal;26661446;Elsevier B.V.;Yes;No;0,795;Q2;17;21;61;1216;167;56;2,88;57,9;34,48;0;Netherlands;Western Europe;Elsevier B.V.;2019-2025;"Biochemistry (medical) (Q2); Clinical Biochemistry (Q2); Neurology (clinical) (Q2); Psychiatry and Mental Health (Q2)";"Biochemistry, Genetics and Molecular Biology; Medicine"
155;14314;Otology and Neurotology;journal;15374505, 15317129;Lippincott Williams and Wilkins;No;No;0,792;Q2;135;345;985;9454;1819;928;1,61;27,4;38,25;0;United States;Northern America;Lippincott Williams and Wilkins;1982, 1988-1989, 1992-1993, 2001-2026;"Otorhinolaryngology (Q1); Medicine (miscellaneous) (Q2); Neurology (clinical) (Q2); Sensory Systems (Q2)";"Medicine; Neuroscience"
156;21101264312;Imaging Neuroscience;journal;28376056;MIT Press;Yes;No;0,791;Q2;13;389;385;29510;913;382;2,37;75,86;39,03;0;United States;Northern America;MIT Press;2023-2026;"Medicine (miscellaneous) (Q2); Neurology (clinical) (Q2); Neuroscience (miscellaneous) (Q2); Radiology, Nuclear Medicine and Imaging (Q2)";"Medicine; Neuroscience"
157;11200153402;Journal of Neurosurgery: Pediatrics;journal;19330707, 19330715;American Association of Neurological Surgeons;No;No;0,791;Q2;97;185;516;5238;1114;458;2,01;28,31;37,63;0;United States;Northern America;American Association of Neurological Surgeons;2008-2026;"Pediatrics, Perinatology and Child Health (Q1); Surgery (Q1); Medicine (miscellaneous) (Q2); Neurology (clinical) (Q2)";Medicine
158;21776;Neurosurgery Clinics of North America;journal;15581349, 10423680;W.B. Saunders;No;No;0,788;Q2;83;62;193;3068;466;169;2,49;49,48;28,28;0;United States;Northern America;W.B. Saunders;1990-2026;"Surgery (Q1); Medicine (miscellaneous) (Q2); Neurology (clinical) (Q2)";Medicine
159;16726;Journal of Intellectual Disability Research;journal;09642633, 13652788;Wiley-Blackwell Publishing Ltd;No;No;0,786;Q2;127;116;260;5582;739;247;2,63;48,12;65,95;0;United Kingdom;Western Europe;Wiley-Blackwell Publishing Ltd;1957-1960, 1962-2026;"Arts and Humanities (miscellaneous) (Q1); Rehabilitation (Q1); Neurology (Q2); Neurology (clinical) (Q2); Psychiatry and Mental Health (Q2)";"Arts and Humanities; Medicine; Neuroscience"
160;17520;Neurologia;journal;02134853, 15781968;Spanish Society of Neurology;Yes;Yes;0,786;Q2;56;118;339;4503;820;241;2,43;38,16;52,65;2;Spain;Western Europe;Spanish Society of Neurology;1973-1974, 1986-2026;"Medicine (miscellaneous) (Q2); Neurology (clinical) (Q2)";Medicine
161;19831;Sleep and Breathing;journal;15221709, 15209512;Springer Science and Business Media Deutschland GmbH;No;No;0,783;Q2;89;367;801;13462;2275;763;2,72;36,68;42,96;0;Germany;Western Europe;Springer Science and Business Media Deutschland GmbH;1996-1997, 1999-2026;"Otorhinolaryngology (Q1); Neurology (clinical) (Q2)";Medicine
162;17997;Neurophysiologie Clinique;journal;09877053, 17697131;Elsevier Masson s.r.l.;No;No;0,778;Q2;82;61;152;2103;399;134;2,64;34,48;44,84;0;France;Western Europe;Elsevier Masson s.r.l.;1988-2026;"Medicine (miscellaneous) (Q2); Neurology (Q2); Neurology (clinical) (Q2); Physiology (medical) (Q2)";"Medicine; Neuroscience"
163;17942;Neurological Sciences;journal;15901874, 15903478;Springer-Verlag Italia s.r.l.;No;No;0,777;Q2;95;828;2165;25577;4950;1748;2,16;30,89;49,26;1;Italy;Western Europe;Springer-Verlag Italia s.r.l.;1996-2026;"Dermatology (Q1); Medicine (miscellaneous) (Q2); Neurology (clinical) (Q2); Psychiatry and Mental Health (Q2)";Medicine
164;21101134737;NeuroImage: Reports;journal;26669560;Elsevier Inc.;Yes;No;0,774;Q2;16;65;142;3773;359;142;2,06;58,05;42,96;0;United States;Northern America;Elsevier Inc.;2021-2026;"Neurology (Q2); Neurology (clinical) (Q2); Neuroscience (miscellaneous) (Q3)";"Medicine; Neuroscience"
165;6400153146;Head and Face Medicine;journal;1746160X;BioMed Central Ltd;Yes;No;0,772;Q2;57;89;166;3656;556;166;3,3;41,08;37,42;0;United Kingdom;Western Europe;BioMed Central Ltd;2005-2026;"Dentistry (miscellaneous) (Q1); Otorhinolaryngology (Q1); Medicine (miscellaneous) (Q2); Neurology (clinical) (Q2)";"Dentistry; Medicine"
166;15800154701;"PM&amp;R";journal;19341482, 19341563;John Wiley and Sons Inc;No;No;0,758;Q2;97;240;509;8259;1192;425;1,92;34,41;46,41;1;United States;Northern America;John Wiley and Sons Inc;2009-2026;"Physical Therapy, Sports Therapy and Rehabilitation (Q1); Rehabilitation (Q1); Medicine (miscellaneous) (Q2); Neurology (Q2); Neurology (clinical) (Q2); Sports Science (Q2)";"Health Professions; Medicine; Neuroscience"
167;13163;Epilepsy and Behavior;journal;15255050, 15255069;Academic Press Inc.;No;No;0,757;Q2;135;524;1332;23875;3416;1219;2,56;45,56;50,94;0;United States;Northern America;Academic Press Inc.;2000-2026;"Behavioral Neuroscience (Q2); Neurology (Q2); Neurology (clinical) (Q2)";"Medicine; Neuroscience"
168;19307;Revue Neurologique;journal;353787;Elsevier Masson s.r.l.;Yes;No;0,757;Q2;65;128;450;5649;932;347;2,31;44,13;47,64;1;France;Western Europe;Elsevier Masson s.r.l.;1946-1947, 1950-1961, 1963-2026;"Neurology (Q2); Neurology (clinical) (Q2)";"Medicine; Neuroscience"
169;17309;Neuroradiology;journal;14321920, 00283940;Springer Science and Business Media Deutschland GmbH;No;No;0,75;Q2;112;347;641;12048;1772;604;2,86;34,72;29,54;0;Germany;Western Europe;Springer Science and Business Media Deutschland GmbH;1970-2026;"Cardiology and Cardiovascular Medicine (Q2); Neurology (clinical) (Q2); Radiology, Nuclear Medicine and Imaging (Q2)";Medicine
170;14258;BMC Neurology;journal;14712377;BioMed Central Ltd;Yes;No;0,747;Q2;106;512;1426;19151;3849;1416;2,63;37,4;44,17;0;United Kingdom;Western Europe;BioMed Central Ltd;2001-2026;"Medicine (miscellaneous) (Q2); Neurology (clinical) (Q2)";Medicine
171;21100896304;World Neurosurgery: X;journal;25901397;Elsevier Inc.;Yes;No;0,746;Q2;21;133;242;3774;634;235;2,65;28,38;21,67;0;United States;Northern America;Elsevier Inc.;2019-2026;"Surgery (Q1); Neurology (clinical) (Q2)";Medicine
172;21100854644;Current Sleep Medicine Reports;journal;21986401;Springer Science and Business Media Deutschland GmbH;No;No;0,744;Q2;34;37;88;3546;254;86;3,19;95,84;57,53;0;Switzerland;Western Europe;Springer Science and Business Media Deutschland GmbH;2015-2026;"Neurology (Q2); Neurology (clinical) (Q2); Pulmonary and Respiratory Medicine (Q2)";"Medicine; Neuroscience"
173;21911;Journal of Neurosurgical Anesthesiology;journal;15371921, 08984921;Lippincott Williams and Wilkins;No;No;0,743;Q2;75;99;238;2419;479;180;2,28;24,43;36;0;United States;Northern America;Lippincott Williams and Wilkins;1989-2026;"Surgery (Q1); Anesthesiology and Pain Medicine (Q2); Neurology (clinical) (Q2)";Medicine
174;19384;Seminars in Neurology;journal;10989021, 02718235;Thieme Medical Publishers, Inc.;No;No;0,739;Q2;92;72;250;5397;572;218;2,16;74,96;38,6;0;United States;Northern America;Thieme Medical Publishers, Inc.;1983-1984, 1986-2026;"Neurology (Q2); Neurology (clinical) (Q2)";"Medicine; Neuroscience"
175;20041;Neurourology and Urodynamics;journal;07332467, 15206777;John Wiley and Sons Inc;No;No;0,731;Q2;116;236;691;6865;1446;591;1,97;29,09;41,88;1;United States;Northern America;John Wiley and Sons Inc;1982-2026;"Neurology (clinical) (Q2); Urology (Q2)";Medicine
176;14897;Journal of Electromyography and Kinesiology;journal;18735711, 10506411;Elsevier Ltd;No;No;0,726;Q2;123;88;211;3946;649;208;3,09;44,84;35,48;0;United Kingdom;Western Europe;Elsevier Ltd;1991-2026;"Biophysics (Q2); Neurology (clinical) (Q2); Neuroscience (miscellaneous) (Q3); Sports Science (Q3)";"Biochemistry, Genetics and Molecular Biology; Health Professions; Medicine; Neuroscience"
177;145172;Behavioral Sleep Medicine;journal;15402010, 15402002;Routledge;No;No;0,723;Q2;74;66;181;3411;485;180;2,34;51,68;57,37;0;United States;Northern America;Routledge;2003-2026;"Medicine (miscellaneous) (Q2); Neurology (clinical) (Q2); Psychology (miscellaneous) (Q2); Neuroscience (miscellaneous) (Q3)";"Medicine; Neuroscience; Psychology"
178;19700177307;Parkinson's Disease;journal;20420080, 20908083;John Wiley and Sons Ltd;Yes;No;0,722;Q2;67;31;102;1466;306;102;2,22;47,29;51,67;0;United Kingdom;Western Europe;John Wiley and Sons Ltd;2008, 2010-2026;"Neurology (clinical) (Q2); Psychiatry and Mental Health (Q2); Neuroscience (miscellaneous) (Q3)";"Medicine; Neuroscience"
179;21101107951;Comprehensive Psychoneuroendocrinology;journal;26664976;Elsevier Ltd;Yes;No;0,72;Q2;19;46;150;2377;387;140;2,48;51,67;54,51;0;United Kingdom;Western Europe;Elsevier Ltd;2020-2026;"Neurology (clinical) (Q2); Psychiatry and Mental Health (Q2); Psychology (miscellaneous) (Q2); Biological Psychiatry (Q3); Endocrine and Autonomic Systems (Q3); Endocrinology, Diabetes and Metabolism (Q3); Immunology (Q3)";"Immunology and Microbiology; Medicine; Neuroscience; Psychology"
180;21101182141;SLEEP Advances;journal;26325012;Oxford University Press;Yes;No;0,72;Q2;16;91;189;5106;475;183;1,88;56,11;54,99;0;United Kingdom;Western Europe;Oxford University Press;2020-2026;"Clinical Psychology (Q2); Neurology (clinical) (Q2); Neuropsychology and Physiological Psychology (Q2); Physiology (medical) (Q2); Behavioral Neuroscience (Q3)";"Medicine; Neuroscience; Psychology"
181;21101150081;Journal of Central Nervous System Disease;journal;11795735;SAGE Publications Inc.;Yes;No;0,719;Q2;18;29;99;1543;255;92;2,33;53,21;45,56;0;United States;Northern America;SAGE Publications Inc.;2012, 2017, 2019-2026;"Neurology (Q2); Neurology (clinical) (Q2); Cellular and Molecular Neuroscience (Q3)";"Medicine; Neuroscience"
182;19884;Spinal Cord;journal;14765624, 13624393;Springer Nature;No;No;0,719;Q2;135;96;351;3218;871;341;1,9;33,52;44,51;0;United Kingdom;Western Europe;Springer Nature;1972, 1996-2026;"Rehabilitation (Q1); Medicine (miscellaneous) (Q2); Neurology (Q2); Neurology (clinical) (Q2)";"Medicine; Neuroscience"
183;21100780550;Neurobiology of Sleep and Circadian Rhythms;journal;24519944;Elsevier Inc.;Yes;No;0,714;Q2;24;28;31;2552;90;30;2,95;91,14;45,71;0;United States;Northern America;Elsevier Inc.;2016-2026;"Neurology (Q2); Neurology (clinical) (Q2); Pulmonary and Respiratory Medicine (Q2); Behavioral Neuroscience (Q3)";"Medicine; Neuroscience"
184;21100332455;Journal of Huntington's Disease;journal;18796400, 18796397;SAGE Publications Ltd;No;No;0,711;Q2;43;30;119;0;251;113;2,18;0;60,9;0;United Kingdom;Western Europe;SAGE Publications Ltd;2012-2026;"Neurology (clinical) (Q2); Cellular and Molecular Neuroscience (Q3)";"Medicine; Neuroscience"
185;15518;Epileptic Disorders;journal;19506945, 12949361;"John Wiley &amp; Sons Inc.";No;No;0,708;Q2;70;168;380;4616;752;258;1,88;27,48;45,44;0;United States;Northern America;"John Wiley &amp; Sons Inc.";1999-2026;"Medicine (miscellaneous) (Q2); Neurology (clinical) (Q2); Neurology (Q3)";"Medicine; Neuroscience"
186;14183;Aphasiology;journal;14645041, 02687038;Routledge;No;No;0,706;Q2;88;172;247;11318;716;244;2,87;65,8;70,46;0;United Kingdom;Western Europe;Routledge;1987-2026;"Linguistics and Language (Q1); LPN and LVN (Q1); Otorhinolaryngology (Q1); Developmental and Educational Psychology (Q2); Neurology (clinical) (Q2); Neurology (Q3)";"Medicine; Neuroscience; Nursing; Psychology; Social Sciences"
187;14836;Canadian Journal of Neurological Sciences;journal;03171671, 20570155;Cambridge University Press;No;No;0,706;Q2;85;298;559;7059;867;356;1,34;23,69;41,76;3;United Kingdom;Western Europe;Cambridge University Press;1974-2026;"Medicine (miscellaneous) (Q2); Neurology (clinical) (Q2); Neurology (Q3)";"Medicine; Neuroscience"
188;21100782390;Clinical Spine Surgery;journal;23800194, 23800186;Lippincott Williams and Wilkins;No;No;0,701;Q2;116;271;480;7998;940;477;2,03;29,51;19,09;0;United States;Northern America;Lippincott Williams and Wilkins;2016-2026;"Surgery (Q1); Neurology (clinical) (Q2); Orthopedics and Sports Medicine (Q2)";Medicine
189;21101087875;Free Neuropathology;journal;26994445;University of Muenster;Yes;Yes;0,696;Q2;12;14;59;939;112;46;2,07;67,07;45,61;0;Germany;Western Europe;University of Muenster;2020-2025;"Neurology (clinical) (Q2); Pathology and Forensic Medicine (Q2); Cellular and Molecular Neuroscience (Q3)";"Medicine; Neuroscience"
190;15741;Pediatric Neurology;journal;18735150, 08878994;Elsevier Inc.;No;No;0,692;Q2;116;235;707;7623;1577;663;2,13;32,44;57,46;0;United States;Northern America;Elsevier Inc.;1985-2026;"Neurology (clinical) (Q2); Pediatrics, Perinatology and Child Health (Q2); Developmental Neuroscience (Q3); Neurology (Q3)";"Medicine; Neuroscience"
191;23884;Journal of Stroke and Cerebrovascular Diseases;journal;10523057, 15328511;W.B. Saunders;Yes;No;0,69;Q2;89;394;1440;13388;3166;1382;2,14;33,98;38,66;0;United States;Northern America;W.B. Saunders;1991-2026;"Rehabilitation (Q1); Surgery (Q1); Cardiology and Cardiovascular Medicine (Q2); Neurology (clinical) (Q2)";Medicine
192;15575;European Neurology;journal;14219913, 00143022;S. Karger AG;No;No;0,689;Q2;96;30;155;864;345;137;2,03;28,8;46,9;0;Switzerland;Western Europe;S. Karger AG;1897-2026;"Neurology (clinical) (Q2); Neurology (Q3)";"Medicine; Neuroscience"
193;20412;Acta Neurochirurgica;journal;00016268, 09420940;Springer;Yes;No;0,683;Q2;117;325;1382;9878;2755;1282;1,86;30,39;25,92;0;Austria;Western Europe;Springer;1950-2026;"Neurology (clinical) (Q2); Surgery (Q2)";Medicine
194;19700171401;World Neurosurgery;journal;18788769, 18788750;Elsevier Inc.;No;No;0,682;Q2;131;1250;5331;36197;10167;4636;1,76;28,96;26,87;1;United States;Northern America;Elsevier Inc.;1994, 2010-2026;"Neurology (clinical) (Q2); Surgery (Q2)";Medicine
195;15514;Epilepsy Research;journal;09201211, 18726844;Elsevier B.V.;No;No;0,677;Q2;133;131;413;5326;1029;405;2,39;40,66;46,92;0;Netherlands;Western Europe;Elsevier B.V.;1987-2026;"Neurology (clinical) (Q2); Neurology (Q3)";"Medicine; Neuroscience"
196;16683;Journal of Clinical Neuroscience;journal;09675868, 15322653;Churchill Livingstone;No;No;0,669;Q2;110;700;1065;20404;2245;959;1,86;29,15;30,29;0;United Kingdom;Western Europe;Churchill Livingstone;1994-2026;"Medicine (miscellaneous) (Q2); Neurology (clinical) (Q2); Surgery (Q2); Neurology (Q3); Physiology (medical) (Q3)";"Medicine; Neuroscience"
197;21101023214;Multiple Sclerosis Journal - Experimental, Translational and Clinical;journal;20552173;SAGE Publications Inc.;Yes;No;0,665;Q2;37;48;147;1594;321;143;1,96;33,21;50,33;0;United Kingdom;Western Europe;SAGE Publications Inc.;2015-2026;"Neurology (clinical) (Q2); Cellular and Molecular Neuroscience (Q3)";"Medicine; Neuroscience"
198;16102;Human Psychopharmacology;journal;10991077, 08856222;John Wiley and Sons Ltd;No;No;0,662;Q2;89;27;89;1268;208;88;1,89;46,96;52,25;0;United Kingdom;Western Europe;John Wiley and Sons Ltd;1986-2026;"Neurology (clinical) (Q2); Pharmacology (medical) (Q2); Psychiatry and Mental Health (Q2); Neurology (Q3)";"Medicine; Neuroscience"
199;17193;Interventional Neuroradiology;journal;15910199, 23852011;SAGE Publications Inc.;No;No;0,661;Q2;48;402;681;9740;1358;650;1,96;24,23;21,4;4;Italy;Western Europe;SAGE Publications Inc.;1996-2026;"Cardiology and Cardiovascular Medicine (Q2); Neurology (clinical) (Q2); Radiology, Nuclear Medicine and Imaging (Q2)";Medicine
200;14857;Cerebrovascular Diseases;journal;14219786, 10159770;S. Karger AG;No;No;0,653;Q2;126;194;264;5785;596;255;2,28;29,82;37,6;1;Switzerland;Western Europe;S. Karger AG;1987-1988, 1991-2026;"Cardiology and Cardiovascular Medicine (Q2); Medicine (miscellaneous) (Q2); Neurology (clinical) (Q2); Neurology (Q3)";"Medicine; Neuroscience"
201;21101065235;Clinical Parkinsonism and Related Disorders;journal;25901125;Elsevier Ltd;Yes;No;0,653;Q2;20;117;164;3245;376;143;2,34;27,74;38,82;0;United Kingdom;Western Europe;Elsevier Ltd;2019-2026;"Neurology (clinical) (Q2); Cellular and Molecular Neuroscience (Q4)";"Medicine; Neuroscience"
202;5700155920;Focus on Autism and Other Developmental Disabilities;journal;10883576, 15384829;SAGE Publications Inc.;No;No;0,653;Q2;86;28;70;1168;170;70;2,43;41,71;67,94;0;United States;Northern America;SAGE Publications Inc.;1986-2026;"Neurology (clinical) (Q2); Pediatrics, Perinatology and Child Health (Q2); Psychiatry and Mental Health (Q2); Cognitive Neuroscience (Q3); Neurology (Q3)";"Medicine; Neuroscience"
203;19386;Seminars in Pediatric Neurology;journal;10719091, 15580776;W.B. Saunders;No;No;0,652;Q2;75;40;120;2311;303;98;2,08;57,78;50;0;United States;Northern America;W.B. Saunders;1994-2026;"Neurology (clinical) (Q2); Pediatrics, Perinatology and Child Health (Q2)";Medicine
204;17524;Neurologia i Neurochirurgia Polska;journal;00283843, 18974260;Via Medica;No;No;0,651;Q3;38;78;244;3065;510;172;2,25;39,29;58,21;0;Poland;Eastern Europe;Via Medica;1967-2025;"Surgery (Q2); Neurology (clinical) (Q3)";Medicine
205;18619;Practical Neurology;journal;14747758, 14747766;BMJ Publishing Group;No;No;0,65;Q3;68;207;394;3373;677;314;1,33;16,29;42,42;0;United Kingdom;Western Europe;BMJ Publishing Group;2001-2026;"Medicine (miscellaneous) (Q2); Neurology (clinical) (Q3)";Medicine
206;145007;Clinical EEG and Neuroscience;journal;15500594, 21695202;SAGE Publications Inc.;No;No;0,649;Q3;69;83;202;4536;520;195;2,57;54,65;42,86;0;United States;Northern America;SAGE Publications Inc.;1970-1985, 1988-2026;"Medicine (miscellaneous) (Q2); Neurology (Q3); Neurology (clinical) (Q3)";"Medicine; Neuroscience"
207;17500155152;American Journal on Intellectual and Developmental Disabilities;journal;19447515, 19447558;American Association on Mental Retardation;No;No;0,646;Q3;101;40;112;1695;256;108;2,17;42,38;76,11;0;United States;Northern America;American Association on Mental Retardation;2009-2025;"Arts and Humanities (miscellaneous) (Q1); Developmental and Educational Psychology (Q2); Medicine (miscellaneous) (Q2); Neuropsychology and Physiological Psychology (Q2); Pediatrics, Perinatology and Child Health (Q2); Psychiatry and Mental Health (Q2); Neurology (clinical) (Q3)";"Arts and Humanities; Medicine; Psychology"
208;23481;Journal of Vestibular Research: Equilibrium and Orientation;journal;09574271, 18786464;SAGE Publications Ltd;No;No;0,631;Q3;71;32;113;0;345;104;1,15;0;34,83;0;United Kingdom;Western Europe;SAGE Publications Ltd;1990, 1992-2026;"Otorhinolaryngology (Q2); Neurology (clinical) (Q3); Neuroscience (miscellaneous) (Q3); Sensory Systems (Q3)";"Medicine; Neuroscience"
209;31458;Acupuncture in Medicine;journal;09645284, 17599873;BMJ Publishing Group;No;No;0,628;Q3;59;40;176;1266;355;113;1,91;31,65;45;0;United Kingdom;Western Europe;BMJ Publishing Group;1992, 1996-2026;"Complementary and Alternative Medicine (Q1); Medicine (miscellaneous) (Q2); Neurology (clinical) (Q3)";Medicine
210;28755;Brain Tumor Pathology;journal;14337398, 1861387X;Springer;No;No;0,623;Q3;49;26;74;812;161;63;1,98;31,23;23,11;0;Singapore;Asiatic Region;Springer;1997-2026;"Medicine (miscellaneous) (Q2); Cancer Research (Q3); Neurology (clinical) (Q3); Oncology (Q3)";"Biochemistry, Genetics and Molecular Biology; Medicine"
211;19500157041;Scandinavian Journal of Pain;journal;18778879, 18778860;Walter de Gruyter GmbH;Yes;No;0,621;Q3;44;46;253;1803;497;244;1,8;39,2;47,59;1;Germany;Western Europe;Walter de Gruyter GmbH;2010-2025;"Anesthesiology and Pain Medicine (Q2); Neurology (clinical) (Q3)";Medicine
212;22302;Stereotactic and Functional Neurosurgery;journal;14230372, 10116125;S. Karger AG;No;No;0,618;Q3;76;73;128;3372;288;121;2,18;46,19;24,57;0;Switzerland;Western Europe;S. Karger AG;1938-1942, 1944, 1946-1949, 1951-2026;"Surgery (Q2); Neurology (clinical) (Q3)";Medicine
213;21101300358;Brain Tumor Research and Treatment;journal;22882405, 22882413;"The Korean Brain Tumor Society; The Korean Society for Neuro-Oncology; The Korean Society for Pediatric Neuro-Oncology";No;No;0,615;Q3;12;25;113;724;256;112;2,12;28,96;35,14;0;South Korea;Asiatic Region;"The Korean Brain Tumor Society; The Korean Society for Neuro-Oncology; The Korean Society for Pediatric Neuro-Oncology";2021-2026;"Surgery (Q2); Neurology (clinical) (Q3); Oncology (Q3); Cellular and Molecular Neuroscience (Q4)";"Medicine; Neuroscience"
214;18019;NeuroRehabilitation;journal;10538135, 18786448;SAGE Publications Ltd;No;No;0,611;Q3;87;108;325;700;704;315;1,95;6,48;51,65;0;United Kingdom;Western Europe;SAGE Publications Ltd;1991-2026;"Physical Therapy, Sports Therapy and Rehabilitation (Q2); Rehabilitation (Q2); Neurology (clinical) (Q3)";"Health Professions; Medicine"
215;21100925697;Spine Surgery and Related Research;journal;2432261X;Japanese Society for Spine Surgery and Related Research;Yes;Yes;0,608;Q3;25;91;290;2368;467;268;1,26;26,02;7,6;0;Japan;Asiatic Region;Japanese Society for Spine Surgery and Related Research;2017-2026;"Orthopedics and Sports Medicine (Q2); Surgery (Q2); Neurology (clinical) (Q3)";Medicine
216;17546;Acta Neurologica Belgica;journal;03009009, 22402993;Springer Science and Business Media Deutschland GmbH;No;No;0,601;Q3;47;342;971;9169;1295;539;1,27;26,81;42,42;0;Germany;Western Europe;Springer Science and Business Media Deutschland GmbH;1959-1965, 1970-2026;"Medicine (miscellaneous) (Q2); Neurology (clinical) (Q3)";Medicine
217;16785;Journal of NeuroVirology;journal;15382443, 13550284;Springer Science and Business Media Deutschland GmbH;No;No;0,6;Q3;101;49;204;2815;380;199;1,97;57,45;45,4;1;Germany;Western Europe;Springer Science and Business Media Deutschland GmbH;1995-2026;"Neurology (Q3); Neurology (clinical) (Q3); Virology (Q3); Cellular and Molecular Neuroscience (Q4)";"Immunology and Microbiology; Medicine; Neuroscience"
218;14895;Clinical Neurology and Neurosurgery;journal;18726968, 03038467;Elsevier B.V.;No;No;0,594;Q3;93;468;1281;13844;2523;1206;1,83;29,58;31,66;0;Netherlands;Western Europe;Elsevier B.V.;1974-1976, 1978-2026;"Medicine (miscellaneous) (Q2); Surgery (Q2); Neurology (clinical) (Q3)";Medicine
219;21100873619;European Journal of Translational Myology;journal;20377460, 20377452;Page Press Publications;Yes;No;0,584;Q3;22;57;221;2108;502;219;2,01;36,98;45,35;0;Italy;Western Europe;Page Press Publications;2018-2025;"Orthopedics and Sports Medicine (Q2); Cell Biology (Q3); Molecular Biology (Q3); Neurology (clinical) (Q3)";"Biochemistry, Genetics and Molecular Biology; Medicine"
220;21101057933;Personalized Medicine in Psychiatry;journal;24681725, 24681717;Elsevier Inc.;No;No;0,58;Q3;13;26;52;1469;97;50;1,89;56,5;49,21;0;United States;Northern America;Elsevier Inc.;2017-2026;"Clinical Psychology (Q2); Psychiatry and Mental Health (Q2); Neurology (clinical) (Q3)";"Medicine; Psychology"
221;14224;Arquivos de Neuro-Psiquiatria;journal;16784227, 0004282X;Associacao Arquivos de Neuro-Psiquiatria;Yes;Yes;0,578;Q3;63;192;540;5435;1023;471;1,67;28,31;46,42;0;Brazil;Latin America;Associacao Arquivos de Neuro-Psiquiatria;1945-1965, 1971-2026;"Biological Psychiatry (Q3); Neurology (Q3); Neurology (clinical) (Q3)";"Medicine; Neuroscience"
222;12100154808;Journal of Korean Neurosurgical Society;journal;15987876, 20053711;Korean Neurosurgical Society;Yes;No;0,577;Q3;55;79;278;2385;485;247;1,75;30,19;25,99;0;South Korea;Asiatic Region;Korean Neurosurgical Society;2008-2026;"Surgery (Q2); Neurology (clinical) (Q3); Neuroscience (miscellaneous) (Q3)";"Medicine; Neuroscience"
223;19700172802;Dementia e Neuropsychologia;journal;19805764;Academia Brasileira de Neurologia;Yes;Yes;0,569;Q3;44;68;189;2580;388;179;1,66;37,94;59,01;0;Brazil;Latin America;Academia Brasileira de Neurologia;2009-2026;"Cognitive Neuroscience (Q3); Geriatrics and Gerontology (Q3); Neurology (Q3); Neurology (clinical) (Q3); Sensory Systems (Q3)";"Medicine; Neuroscience"
224;21101048847;Mental Health Clinician;journal;21689709;Allen Press Inc.;Yes;No;0,561;Q3;29;25;115;529;160;106;1,12;21,16;66,22;0;United States;Northern America;Allen Press Inc.;2011-2025;"Pharmacology, Toxicology and Pharmaceutics (miscellaneous) (Q2); Neurology (clinical) (Q3); Neuropsychology and Physiological Psychology (Q3); Pharmacology (medical) (Q3)";"Medicine; Pharmacology, Toxicology and Pharmaceutics; Psychology"
225;21100936546;Chinese Neurosurgical Journal;journal;20574967;BioMed Central Ltd;Yes;Yes;0,559;Q3;19;32;114;1181;199;106;1,74;36,91;27,1;0;United Kingdom;Western Europe;BioMed Central Ltd;2015-2026;"Surgery (Q2); Neurology (Q3); Neurology (clinical) (Q3)";"Medicine; Neuroscience"
226;16674;Journal of Child Neurology;journal;17088283, 08830738;SAGE Publications Inc.;No;No;0,557;Q3;128;190;249;5339;517;235;1,79;28,1;60,82;0;United States;Northern America;SAGE Publications Inc.;1986-2026;"Pediatrics, Perinatology and Child Health (Q2); Neurology (clinical) (Q3)";Medicine
227;21101019390;Personality Neuroscience;journal;25139886;Cambridge University Press;Yes;No;0,555;Q3;11;6;25;638;55;24;1,86;106,33;70,59;0;United States;Northern America;Cambridge University Press;2018-2026;"Behavioral Neuroscience (Q3); Cognitive Neuroscience (Q3); Neurology (clinical) (Q3); Psychiatry and Mental Health (Q3)";"Medicine; Neuroscience"
228;130034;Current Alzheimer Research;journal;18755828, 15672050;Bentham Science Publishers;No;No;0,549;Q3;112;90;220;7721;488;210;2,21;85,79;44,14;0;United Arab Emirates;Middle East;Bentham Science Publishers;2004-2026;"Neurology (Q3); Neurology (clinical) (Q3)";"Medicine; Neuroscience"
229;17940;Neurological Research;journal;17431328, 01616412;Taylor and Francis Ltd.;No;No;0,549;Q3;92;262;391;10206;767;390;2;38,95;40,06;0;United Kingdom;Western Europe;Taylor and Francis Ltd.;1979-2026;"Medicine (miscellaneous) (Q2); Neurology (Q3); Neurology (clinical) (Q3)";"Medicine; Neuroscience"
230;14340;Brain Injury;journal;1362301X, 02699052;Taylor and Francis Ltd.;No;No;0,541;Q3;127;137;408;6833;833;400;1,94;49,88;54;0;United Kingdom;Western Europe;Taylor and Francis Ltd.;1987-2026;"Developmental and Educational Psychology (Q3); Neurology (clinical) (Q3); Neuroscience (miscellaneous) (Q3)";"Medicine; Neuroscience; Psychology"
231;16815;Journal of Spinal Cord Medicine;journal;20457723, 10790268;Taylor and Francis Ltd.;No;No;0,539;Q3;84;193;335;7199;655;314;1,92;37,3;47,25;4;United Kingdom;Western Europe;Taylor and Francis Ltd.;1995-2026;Neurology (clinical) (Q3);Medicine
232;17980;Neuropathology;journal;09196544, 14401789;Wiley-Blackwell Publishing Ltd;No;No;0,538;Q3;74;74;178;2297;272;167;1,38;31,04;36,2;0;United Kingdom;Western Europe;Wiley-Blackwell Publishing Ltd;1993-2026;"Medicine (miscellaneous) (Q2); Pathology and Forensic Medicine (Q2); Neurology (clinical) (Q3)";Medicine
233;21100307455;Journal of Oral and Facial Pain and Headache;journal;23330384, 23330376;MRE Press;No;No;0,535;Q3;57;79;86;4006;242;81;2,52;50,71;49,3;0;Singapore;Asiatic Region;MRE Press;1993-2002, 2004-2026;"Anesthesiology and Pain Medicine (Q2); Dentistry (miscellaneous) (Q2); Neurology (clinical) (Q3)";"Dentistry; Medicine"
234;28222;Journal of Neuroscience Nursing;journal;8880395;Lippincott Williams and Wilkins Ltd.;No;No;0,528;Q3;54;55;168;755;247;136;1,5;13,73;67,02;0;United States;Northern America;Lippincott Williams and Wilkins Ltd.;1986-2026;"Medical and Surgical Nursing (Q1); Surgery (Q2); Neurology (clinical) (Q3); Endocrine and Autonomic Systems (Q4)";"Medicine; Neuroscience; Nursing"
235;21100199786;International Neurourology Journal;journal;20934777, 20936931;Korean Continence Society;Yes;Yes;0,526;Q3;41;52;172;1320;309;148;1,77;25,38;30,29;0;South Korea;Asiatic Region;Korean Continence Society;2010-2025;"Urology (Q2); Neurology (Q3); Neurology (clinical) (Q3)";"Medicine; Neuroscience"
236;21100788834;Tremor and Other Hyperkinetic Movements;journal;21608288;Center for Digital Research and Scholarship;Yes;No;0,524;Q3;37;66;150;2001;316;145;1,91;30,32;40,75;0;United States;Northern America;Center for Digital Research and Scholarship;2012-2026;Neurology (clinical) (Q3);Medicine
237;14320;Brain and Development;journal;18727131, 03877604;Elsevier B.V.;No;No;0,521;Q3;102;172;266;5511;424;247;1,68;32,04;44,14;0;Netherlands;Western Europe;Elsevier B.V.;1979-2026;"Pediatrics, Perinatology and Child Health (Q2); Developmental Neuroscience (Q3); Medicine (miscellaneous) (Q3); Neurology (clinical) (Q3)";"Medicine; Neuroscience"
238;15628;Folia Neuropathologica;journal;16414640, 1509572X;Termedia Publishing House Ltd.;Yes;No;0,515;Q3;47;42;146;1504;258;146;1,52;35,81;51,89;0;Poland;Eastern Europe;Termedia Publishing House Ltd.;1994-2025;"Pathology and Forensic Medicine (Q2); Neurology (clinical) (Q3)";Medicine
239;25336;Neurodegenerative Diseases;journal;16602862, 16602854;S. Karger AG;No;No;0,514;Q3;72;33;49;1864;92;44;1,97;56,48;49,09;0;Switzerland;Western Europe;S. Karger AG;2004-2025;"Neurology (Q3); Neurology (clinical) (Q3)";"Medicine; Neuroscience"
240;17306;Neuroimaging Clinics of North America;journal;10525149, 15579867;W.B. Saunders;No;No;0,509;Q3;75;61;193;2515;309;144;1,41;41,23;31,48;0;United States;Northern America;W.B. Saunders;1993-2026;"Radiology, Nuclear Medicine and Imaging (Q2); Medicine (miscellaneous) (Q3); Neurology (clinical) (Q3)";Medicine
241;19900191908;Innovations in Clinical Neuroscience;journal;21588341, 21588333;Matrix Medical Communications;Yes;No;0,504;Q3;53;36;124;1275;249;96;1,3;35,42;41,09;0;United States;Northern America;Matrix Medical Communications;2011-2025;"Neurology (clinical) (Q3); Psychiatry and Mental Health (Q3)";Medicine
242;16675;Journal of Clinical Neurophysiology;journal;15371603, 07360258;Lippincott Williams and Wilkins;No;No;0,495;Q3;116;131;296;4144;527;269;1,68;31,63;38,14;0;United States;Northern America;Lippincott Williams and Wilkins;1984-2026;"Medicine (miscellaneous) (Q3); Neurology (Q3); Neurology (clinical) (Q3); Physiology (Q3); Physiology (medical) (Q3)";"Biochemistry, Genetics and Molecular Biology; Medicine; Neuroscience"
243;21101037129;Current Otorhinolaryngology Reports;journal;2167583X;Springer Science and Business Media Deutschland GmbH;No;No;0,492;Q3;26;21;136;1153;187;136;1,54;54,9;48,68;0;Germany;Western Europe;Springer Science and Business Media Deutschland GmbH;2013-2026;"Otorhinolaryngology (Q2); Surgery (Q2); Immunology and Allergy (Q3); Neurology (clinical) (Q3)";Medicine
244;17700155012;Handbook of Clinical Neurology;book series;00729752, 22124152;Elsevier B.V.;No;No;0,491;Q3;108;194;515;22691;1601;15;2,57;116,96;49,56;0;Netherlands;Western Europe;Elsevier B.V.;2003-2004, 2006-2025;"Medicine (miscellaneous) (Q3); Neurology (Q3); Neurology (clinical) (Q3)";"Medicine; Neuroscience"
245;21100837200;Schizophrenia Research and Treatment;journal;20902085, 20902093;John Wiley and Sons Ltd;Yes;No;0,49;Q3;13;0;2;0;8;2;5;0;0;0;United Kingdom;Western Europe;John Wiley and Sons Ltd;2014-2023;"Neurology (clinical) (Q3); Psychiatry and Mental Health (Q3)";Medicine
246;21100967241;Epilepsy and Behavior Reports;journal;25899864;Elsevier Inc.;Yes;No;0,488;Q3;26;96;220;2576;402;211;1,88;26,83;41,72;0;United States;Northern America;Elsevier Inc.;2019-2026;"Behavioral Neuroscience (Q3); Neurology (Q3); Neurology (clinical) (Q3)";"Medicine; Neuroscience"
247;21101128453;ATS Scholar;journal;26907097;American Thoracic Society;Yes;No;0,487;Q3;16;68;207;1319;256;160;1,09;19,4;44,08;0;United States;Northern America;American Thoracic Society;2020-2025;"Critical Care and Intensive Care Medicine (Q2); Education (Q2); Neurology (clinical) (Q3); Pulmonary and Respiratory Medicine (Q3)";"Medicine; Social Sciences"
248;130017;Current Neurovascular Research;journal;15672026, 18755739;Bentham Science Publishers;No;No;0,487;Q3;64;36;181;2211;337;166;1,71;61,42;47,19;0;United Arab Emirates;Middle East;Bentham Science Publishers;2004-2026;"Developmental Neuroscience (Q3); Neurology (Q3); Neurology (clinical) (Q3); Cellular and Molecular Neuroscience (Q4)";"Medicine; Neuroscience"
249;21101081518;Neurointervention;journal;22336273, 20939043;Korean Society of Interventional Neuroradiology;Yes;Yes;0,483;Q3;13;30;93;595;134;82;1,52;19,83;18,27;0;South Korea;Asiatic Region;Korean Society of Interventional Neuroradiology;2019-2025;"Radiology, Nuclear Medicine and Imaging (Q2); Neurology (clinical) (Q3)";Medicine
250;21101140334;Heart and Mind;journal;24686476, 24686484;Wolters Kluwer Medknow Publications;Yes;Yes;0,481;Q3;12;67;136;3817;237;106;1,9;56,97;38,32;0;India;Asiatic Region;Wolters Kluwer Medknow Publications;2017-2026;"Clinical Psychology (Q2); Cardiology and Cardiovascular Medicine (Q3); Neurology (clinical) (Q3); Psychiatry and Mental Health (Q3)";"Medicine; Psychology"
251;19700201207;Journal of Craniovertebral Junction and Spine;journal;09748237, 09769285;Wolters Kluwer Medknow Publications;Yes;Yes;0,481;Q3;34;75;198;2037;278;187;0,95;27,16;10,69;0;India;Asiatic Region;Wolters Kluwer Medknow Publications;2010-2026;"Surgery (Q2); Neurology (clinical) (Q3)";Medicine
252;9500153993;Neuroradiology Journal;journal;23851996, 19714009;SAGE Publications Inc.;No;No;0,478;Q3;36;136;322;4110;497;312;1,39;30,22;26,56;0;Italy;Western Europe;SAGE Publications Inc.;2006-2026;"Radiology, Nuclear Medicine and Imaging (Q2); Medicine (miscellaneous) (Q3); Neurology (clinical) (Q3)";Medicine
253;16868;Motor Control;journal;10871640, 15432696;Human Kinetics Publishers Inc.;No;No;0,476;Q3;55;28;126;1261;223;124;1,79;45,04;33,8;0;United States;Northern America;Human Kinetics Publishers Inc.;1987, 1997-2026;"Physical Therapy, Sports Therapy and Rehabilitation (Q2); Neurology (clinical) (Q3); Physiology (medical) (Q3); Sports Science (Q3)";"Health Professions; Medicine"
254;15013;Current Treatment Options in Neurology;journal;10928480, 15343138;Springer;No;No;0,475;Q3;64;50;102;4330;185;99;1,13;86,6;40,82;0;United States;Northern America;Springer;1999-2026;Neurology (clinical) (Q3);Medicine
255;21101292825;JMIR Neurotechnology;journal;2817092X;JMIR Publications Inc.;Yes;No;0,471;Q3;5;9;24;508;47;23;2,32;56,44;33,33;0;Canada;Northern America;JMIR Publications Inc.;2022-2026;"Rehabilitation (Q2); Health Informatics (Q3); Neurology (clinical) (Q3); Neuroscience (miscellaneous) (Q3)";"Medicine; Neuroscience"
256;21100466753;Operative Neurosurgery;journal;23324252, 23324260;Lippincott Williams and Wilkins;No;No;0,465;Q3;47;483;1238;10037;1165;932;0,97;20,78;20,81;0;United States;Northern America;Lippincott Williams and Wilkins;2010, 2012-2026;"Surgery (Q2); Neurology (clinical) (Q3)";Medicine
257;21772;Neurochirurgie;journal;17730619, 00283770;Elsevier Masson s.r.l.;No;No;0,462;Q3;40;124;335;3455;437;251;1,24;27,86;23,86;0;France;Western Europe;Elsevier Masson s.r.l.;1955-2026;"Surgery (Q2); Neurology (clinical) (Q3)";Medicine
258;21100396116;Cerebrovascular Diseases Extra;journal;16645456;S. Karger AG;Yes;No;0,455;Q3;25;25;61;722;147;59;1,91;28,88;34,81;0;Switzerland;Western Europe;S. Karger AG;2015-2026;"Cardiology and Cardiovascular Medicine (Q3); Neurology (Q3); Neurology (clinical) (Q3)";"Medicine; Neuroscience"
259;14874;Child's Nervous System;journal;02567040, 14330350;Springer Science and Business Media Deutschland GmbH;No;No;0,452;Q3;106;425;1323;12052;1747;1196;1,32;28,36;35,19;0;Germany;Western Europe;Springer Science and Business Media Deutschland GmbH;1985-2026;"Pediatrics, Perinatology and Child Health (Q2); Medicine (miscellaneous) (Q3); Neurology (clinical) (Q3)";Medicine
260;4700152407;Annals of Indian Academy of Neurology;journal;09722327, 19983549;Wolters Kluwer Medknow Publications;Yes;Yes;0,45;Q3;50;206;748;3654;672;348;0,84;17,74;42,99;0;India;Asiatic Region;Wolters Kluwer Medknow Publications;2006-2025;Neurology (clinical) (Q3);Medicine
261;12736;Journal of Clinical and Experimental Neuropsychology;journal;1744411X, 13803395;Taylor and Francis Ltd.;No;No;0,447;Q3;129;80;206;5818;404;199;1,81;72,73;59,38;0;United Kingdom;Western Europe;Taylor and Francis Ltd.;1985-2026;"Clinical Psychology (Q3); Neurology (Q3); Neurology (clinical) (Q3); Neuropsychology and Physiological Psychology (Q3)";"Medicine; Neuroscience; Psychology"
262;21100217607;International Journal of MS Care;journal;15372073;Consortium of Multiple Sclerosis;No;No;0,431;Q3;41;50;153;1887;223;134;1,3;37,74;62,5;0;United States;Northern America;Consortium of Multiple Sclerosis;2012-2026;"Advanced and Specialized Nursing (Q2); Neurology (clinical) (Q3)";"Medicine; Nursing"
263;21101068011;Brain Hemorrhages;journal;2589238X;KeAi Communications Co.;Yes;No;0,426;Q3;13;65;132;2789;196;110;1,56;42,91;36,2;0;China;Asiatic Region;KeAi Communications Co.;2020-2025;"Surgery (Q2); Neurology (Q3); Neurology (clinical) (Q3); Neuroscience (miscellaneous) (Q4)";"Medicine; Neuroscience"
264;21100242270;Journal of Neurological Surgery, Part B: Skull Base;journal;2193634X, 21936331;Thieme Medical Publishers, Inc.;No;No;0,426;Q3;59;149;384;4304;511;380;1,05;28,89;27,17;0;United States;Northern America;Thieme Medical Publishers, Inc.;2012-2026;Neurology (clinical) (Q3);Medicine
265;19400156832;Brain Impairment;journal;18395252, 14439646;;No;No;0,423;Q3;32;35;127;1956;222;123;1,68;55,89;71,2;0;United Kingdom;Western Europe;;2002, 2004, 2008-2026;"Cognitive Neuroscience (Q3); Neurology (Q3); Neurology (clinical) (Q3); Neuropsychology and Physiological Psychology (Q3); Speech and Hearing (Q3); Behavioral Neuroscience (Q4)";"Health Professions; Medicine; Neuroscience; Psychology"
266;20602;Clinical Neuropharmacology;journal;1537162X, 03625664;Lippincott Williams and Wilkins;No;No;0,422;Q3;90;41;128;1036;217;125;1,35;25,27;45,6;0;United States;Northern America;Lippincott Williams and Wilkins;1982-2026;"Neurology (clinical) (Q3); Pharmacology (Q3); Pharmacology (medical) (Q3)";"Medicine; Pharmacology, Toxicology and Pharmaceutics"
267;15599;Neuropediatrics;journal;0174304X, 14391899;Georg Thieme Verlag;No;No;0,422;Q3;80;59;237;1325;283;211;1,01;22,46;53,21;0;Germany;Western Europe;Georg Thieme Verlag;1980-2026;"Pediatrics, Perinatology and Child Health (Q2); Medicine (miscellaneous) (Q3); Neurology (clinical) (Q3)";Medicine
268;21707;Journal of Neurosurgical Sciences;journal;03905616, 18271855;Edizioni Minerva Medica;No;No;0,418;Q3;46;57;306;2508;347;248;1,2;44;27,33;0;Italy;Western Europe;Edizioni Minerva Medica;1957-2026;"Surgery (Q2); Neurology (clinical) (Q3)";Medicine
269;16202;International Review of Neurobiology;book series;21625514, 00747742;Academic Press Inc.;No;No;0,41;Q3;105;73;217;7041;553;39;2,09;96,45;35,44;0;United States;Northern America;Academic Press Inc.;1959-1967, 1969-1972, 1974-1977, 1979, 1981-1986, 1988-1990, 1992-2026;"Neurology (clinical) (Q3); Cellular and Molecular Neuroscience (Q4)";"Medicine; Neuroscience"
270;14484;Journal of Neuro-Ophthalmology;journal;10708022, 15365166;Lippincott Williams and Wilkins;No;No;0,409;Q3;80;263;869;2733;675;660;0,67;10,39;41,13;0;United States;Northern America;Lippincott Williams and Wilkins;1994-2026;"Medicine (miscellaneous) (Q3); Neurology (clinical) (Q3); Ophthalmology (Q3)";Medicine
271;19700174949;Postepy Psychiatrii i Neurologii;journal;12302813;Termedia Publishing House Ltd.;Yes;Yes;0,403;Q3;12;27;91;985;148;89;1,59;36,48;58,51;0;Poland;Eastern Europe;Termedia Publishing House Ltd.;2007-2025;"Clinical Psychology (Q3); Neurology (Q3); Neurology (clinical) (Q3); Psychiatry and Mental Health (Q3)";"Medicine; Neuroscience; Psychology"
272;21101199201;Psychiatry and Clinical Neurosciences Reports;journal;27692558;Blackwell Publishing Asia;Yes;No;0,401;Q3;9;222;263;7471;291;222;1,12;33,65;30,19;0;Japan;Asiatic Region;Blackwell Publishing Asia;2022-2026;"Neurology (Q3); Neurology (clinical) (Q3); Psychiatry and Mental Health (Q3); Biological Psychiatry (Q4)";"Medicine; Neuroscience"
273;18057;Neurosciences;journal;13196138;Saudi Arabian Armed Forces Hospital;No;No;0,4;Q3;34;14;173;0;261;158;1,5;0;37,84;0;Saudi Arabia;Middle East;Saudi Arabian Armed Forces Hospital;2002-2025;"Neurology (clinical) (Q3); Psychiatry and Mental Health (Q3)";Medicine
274;21100199849;Basic and Clinical Neuroscience;journal;2008126X, 22287442;Iran University of Medical Sciences;Yes;Yes;0,398;Q3;34;85;225;4156;324;224;1,23;48,89;38,08;0;Iran;Middle East;Iran University of Medical Sciences;2010-2025;"Neurology (clinical) (Q3); Cellular and Molecular Neuroscience (Q4)";"Medicine; Neuroscience"
275;21100836861;Advances in Autism;journal;20563876, 20563868;Emerald Group Publishing Ltd.;No;No;0,396;Q3;20;54;88;2257;118;84;1,17;41,8;65,88;0;United Kingdom;Western Europe;Emerald Group Publishing Ltd.;2015-2026;"Cognitive Neuroscience (Q3); Developmental and Educational Psychology (Q3); Neurology (Q3); Neurology (clinical) (Q3); Psychiatry and Mental Health (Q3)";"Medicine; Neuroscience; Psychology"
276;19700201172;Journal of Neurosciences in Rural Practice;journal;09763147, 09763155;Scientific Scholar LLC;Yes;No;0,39;Q3;40;139;399;2620;465;331;1,22;18,85;37,44;0;United States;Northern America;Scientific Scholar LLC;2010-2025;"Neurology (clinical) (Q3); Neuroscience (miscellaneous) (Q4)";"Medicine; Neuroscience"
277;19700177308;Stroke Research and Treatment;journal;20908105, 20420056;John Wiley and Sons Ltd;Yes;No;0,39;Q3;49;15;24;660;52;24;2,1;44;30,85;0;United Kingdom;Western Europe;John Wiley and Sons Ltd;2010-2025;Neurology (clinical) (Q3);Medicine
278;19228;Restorative Neurology and Neuroscience;journal;18783627, 09226028;SAGE Publications Ltd;No;No;0,388;Q3;89;14;42;823;67;42;1,44;58,79;56,6;0;United Kingdom;Western Europe;SAGE Publications Ltd;1989-2026;"Neurology (Q3); Neurology (clinical) (Q3); Developmental Neuroscience (Q4)";"Medicine; Neuroscience"
279;17478;Topics in Spinal Cord Injury Rehabilitation;journal;19455763, 10820744;Allen Press Inc.;No;No;0,388;Q3;50;45;118;326;185;117;1,47;7,24;47,01;0;United States;Northern America;Allen Press Inc.;1998-2025;"Rehabilitation (Q2); Neurology (clinical) (Q3); Physical Therapy, Sports Therapy and Rehabilitation (Q3)";"Health Professions; Medicine"
280;21101290579;Frontiers in Stroke;journal;28133056;Frontiers Media SA;Yes;No;0,386;Q3;5;43;100;1565;115;89;1,19;36,4;37,76;0;Switzerland;Western Europe;Frontiers Media SA;2022-2026;"Cardiology and Cardiovascular Medicine (Q3); Neurology (Q3); Neurology (clinical) (Q3); Rehabilitation (Q3)";"Medicine; Neuroscience"
281;18576;Pediatric Neurosurgery;journal;10162291, 14230305;S. Karger AG;No;No;0,386;Q3;85;33;125;1152;164;119;1,51;34,91;35,96;0;Switzerland;Western Europe;S. Karger AG;1955, 1975-1985, 1987-2026;"Surgery (Q2); Medicine (miscellaneous) (Q3); Neurology (clinical) (Q3); Pediatrics, Perinatology and Child Health (Q3)";Medicine
282;20529;British Journal of Neurosurgery;journal;02688697, 1360046X;Taylor and Francis Ltd.;No;No;0,372;Q3;80;171;801;4781;820;710;0,9;27,96;22,72;1;United Kingdom;Western Europe;Taylor and Francis Ltd.;1987-2026;"Medicine (miscellaneous) (Q3); Neurology (clinical) (Q3); Surgery (Q3)";Medicine
283;17500155106;Egyptian Journal of Neurology, Psychiatry and Neurosurgery;journal;16878329, 11101083;Springer Science and Business Media Deutschland GmbH;Yes;Yes;0,371;Q3;27;129;490;5076;781;477;1,5;39,35;44,7;0;Germany;Western Europe;Springer Science and Business Media Deutschland GmbH;2009-2016, 2018-2026;"Neurology (clinical) (Q3); Psychiatry and Mental Health (Q3); Surgery (Q3); Neuroscience (miscellaneous) (Q4)";"Medicine; Neuroscience"
284;21100975679;Research and Practice in Intellectual and Developmental Disabilities;journal;23297026, 23297018;Taylor and Francis Ltd.;No;No;0,366;Q3;18;21;65;787;79;39;1,34;37,48;58,54;0;United Kingdom;Western Europe;Taylor and Francis Ltd.;2014-2026;"Neurology (Q3); Neurology (clinical) (Q3); Rehabilitation (Q3); Developmental Neuroscience (Q4)";"Medicine; Neuroscience"
285;19700188334;Clinical and Experimental Neuroimmunology;journal;17591961;John Wiley and Sons Inc;No;No;0,353;Q3;25;46;118;2135;105;97;1,27;46,41;29,55;0;United Kingdom;Western Europe;John Wiley and Sons Inc;2010-2026;"Immunology and Microbiology (miscellaneous)  (Q3); Neurology (clinical) (Q3); Immunology (Q4); Neuroscience (miscellaneous) (Q4)";"Immunology and Microbiology; Medicine; Neuroscience"
286;21101089567;Journal of Cerebrovascular and Endovascular Neurosurgery;journal;22873139, 22348565;Korean Society of Cerebrovascular Surgeons (KSCVS);No;No;0,352;Q3;11;37;146;792;162;144;0,95;21,41;15,2;0;South Korea;Asiatic Region;Korean Society of Cerebrovascular Surgeons (KSCVS);2019-2025;"Cardiology and Cardiovascular Medicine (Q3); Neurology (clinical) (Q3); Surgery (Q3)";Medicine
287;17947;Neurologist;journal;10747931, 23312637;Lippincott Williams and Wilkins;No;No;0,35;Q3;71;65;216;80;264;213;1,27;1,23;49,43;0;United States;Northern America;Lippincott Williams and Wilkins;1996-2013, 2015-2026;"Medicine (miscellaneous) (Q3); Neurology (clinical) (Q3)";Medicine
288;21101080425;Acta Epileptologica;journal;25244434, 20969384;BioMed Central Ltd;Yes;Yes;0,348;Q3;12;49;112;2228;146;106;1,46;45,47;46,86;0;United Kingdom;Western Europe;BioMed Central Ltd;2019-2026;"Neurology (Q3); Neurology (clinical) (Q3)";"Medicine; Neuroscience"
289;19700201171;Surgical Neurology International;journal;22295097, 21527806;Scientific Scholar;Yes;No;0,333;Q3;52;298;1495;5903;1375;1427;0,89;19,81;22,67;0;India;Asiatic Region;Scientific Scholar;2011-2026;"Neurology (clinical) (Q3); Surgery (Q3)";Medicine
290;62420;Turkish Neurosurgery;journal;26515032, 10195149;Turkish Neurosurgical Society;No;No;0,33;Q3;39;121;454;3407;427;441;0,89;28,16;23,05;0;Turkey;Middle East;Turkish Neurosurgical Society;1990-2026;"Neurology (clinical) (Q3); Surgery (Q3)";Medicine
291;21101058284;Current Journal of Neurology;journal;2717011X;Tehran University of Medical Sciences;Yes;Yes;0,329;Q3;11;20;120;730;113;96;0,68;36,5;45,69;0;Iran;Middle East;Tehran University of Medical Sciences;2020-2025;"Neurology (Q3); Neurology (clinical) (Q3)";"Medicine; Neuroscience"
292;21100216323;Journal of Neurological Surgery, Part A: Central European Neurosurgery;journal;21936323, 21936315;Georg Thieme Verlag;No;No;0,327;Q3;42;78;276;2265;255;273;0,89;29,04;20,41;0;Germany;Western Europe;Georg Thieme Verlag;2012-2026;"Medicine (miscellaneous) (Q3); Neurology (clinical) (Q3); Surgery (Q3)";Medicine
293;17459;Neuro-Ophthalmology;journal;01658107, 1744506X;Taylor and Francis Ltd.;No;No;0,327;Q3;32;113;169;2255;161;155;0,83;19,96;43,16;1;United Kingdom;Western Europe;Taylor and Francis Ltd.;1980-2002, 2004-2026;"Neurology (clinical) (Q3); Ophthalmology (Q3)";Medicine
294;21100901222;Concussion;journal;20563299;Future Medicine Ltd.;Yes;No;0,31;Q3;15;0;19;0;22;17;0,91;0;0;0;United Kingdom;Western Europe;Future Medicine Ltd.;2016-2023;"Neurology (Q3); Neurology (clinical) (Q3)";"Medicine; Neuroscience"
295;21101150732;Clinical Epileptology;journal;29481058, 2948104X;Springer Medizin;No;No;0,299;Q3;7;60;113;2122;108;95;0,96;35,37;45,51;0;Germany;Western Europe;Springer Medizin;2023-2026;"Neurology (clinical) (Q3); Pediatrics, Perinatology and Child Health (Q3)";Medicine
296;21100199819;Epilepsy Currents;journal;15357511, 15357597;American Epilepsy Society;Yes;No;0,295;Q3;38;130;340;2411;249;175;0,68;18,55;51,43;0;United States;Northern America;American Epilepsy Society;2002-2026;Neurology (clinical) (Q3);Medicine
297;19700174989;Iranian Journal of Child Neurology;journal;20080700, 17354668;Iranian Child Neurology Society;Yes;No;0,293;Q3;25;51;158;1340;167;158;1,04;26,27;53,62;0;Iran;Middle East;Iranian Child Neurology Society;2009-2026;"Neurology (Q3); Neurology (clinical) (Q3); Pediatrics, Perinatology and Child Health (Q3)";"Medicine; Neuroscience"
298;5800179587;Journal of Brachial Plexus and Peripheral Nerve Injury;journal;17497221;Georg Thieme Verlag;Yes;No;0,29;Q3;27;14;17;393;18;16;1,08;28,07;33,33;0;Germany;Western Europe;Georg Thieme Verlag;2006-2025;"Neurology (Q3); Neurology (clinical) (Q3)";"Medicine; Neuroscience"
299;17969;Neurology India;journal;19984022, 00283886;Wolters Kluwer Medknow Publications;Yes;No;0,288;Q3;61;315;1431;4645;773;902;0,41;14,75;31,5;0;India;Asiatic Region;Wolters Kluwer Medknow Publications;1965-1979, 1981-1984, 1986-1988, 1994-2026;"Neurology (Q3); Neurology (clinical) (Q3)";"Medicine; Neuroscience"
300;21101152613;Journal of Neurosurgery: Case Lessons;journal;26941902;American Association of Neurological Surgeons;No;No;0,285;Q3;10;429;971;9750;722;956;0,71;22,73;23,91;0;United States;Northern America;American Association of Neurological Surgeons;2021-2026;"Neurology (clinical) (Q3); Surgery (Q3)";Medicine
301;15873;Journal of Clinical Neuromuscular Disease;journal;15371611, 15220443;Lippincott Williams and Wilkins;No;No;0,282;Q3;37;32;132;456;86;80;0,64;14,25;54,02;0;United States;Northern America;Lippincott Williams and Wilkins;1999-2025;"Medicine (miscellaneous) (Q3); Neurology (Q3); Neurology (clinical) (Q3)";"Medicine; Neuroscience"
302;21100783389;Neurohospitalist;journal;19418744, 19418752;SAGE Publications Inc.;No;No;0,276;Q3;32;77;322;1215;224;272;0,65;15,78;39,23;0;United States;Northern America;SAGE Publications Inc.;2011-2026;Neurology (clinical) (Q3);Medicine
303;21101251289;Neurosurgery Practice;journal;28344383;Lippincott Williams and Wilkins;Yes;No;0,272;Q3;4;55;83;1459;63;83;0,76;26,53;22,1;0;United States;Northern America;Lippincott Williams and Wilkins;2020-2026;"Neurology (clinical) (Q3); Surgery (Q3)";Medicine
304;17488;Neurocirugia;journal;23406305, 11301473;Neurocirugia;No;No;0,266;Q3;27;57;152;1399;122;147;0,82;24,54;26,52;0;Spain;Western Europe;Neurocirugia;1972-1980, 1990-1995, 1999-2026;"Neurology (clinical) (Q3); Surgery (Q3)";Medicine
305;21101019710;Cephalalgia Reports;journal;25158163;SAGE Publications Ltd;Yes;No;0,265;Q3;10;58;57;1325;56;56;0,73;22,84;50,67;0;United Kingdom;Western Europe;SAGE Publications Ltd;2018-2026;Neurology (clinical) (Q3);Medicine
306;17438;Der Nervenarzt;journal;14330407, 00282804;Springer Medizin;No;No;0,264;Q4;50;145;496;3192;374;387;0,78;22,01;38,03;2;Germany;Western Europe;Springer Medizin;1947-2026;"Medicine (miscellaneous) (Q3); Neurology (Q4); Neurology (clinical) (Q4); Psychiatry and Mental Health (Q4)";"Medicine; Neuroscience"
307;21100904572;Spinal Cord Series and Cases;journal;20586124;Springer Nature;Yes;No;0,263;Q4;24;30;222;932;206;219;0,7;31,07;48,59;0;United Kingdom;Western Europe;Springer Nature;2017-2026;"Neurology (Q4); Neurology (clinical) (Q4)";"Medicine; Neuroscience"
308;19700183107;Case Reports in Neurology;journal;1662680X;S. Karger AG;Yes;No;0,262;Q4;22;33;148;451;112;148;0,52;13,67;37,93;0;Switzerland;Western Europe;S. Karger AG;2010-2026;Neurology (clinical) (Q4);Medicine
309;21101168850;Journal of Minimally Invasive Spine Surgery and Technique;journal;25082043;Korean Minimally Invasive Spine Surgery Society;Yes;Yes;0,261;Q4;7;85;140;1862;98;132;0,73;21,91;18,69;0;South Korea;Asiatic Region;Korean Minimally Invasive Spine Surgery Society;2019-2026;"Medicine (miscellaneous) (Q3); Orthopedics and Sports Medicine (Q3); Surgery (Q3); Neurology (clinical) (Q4)";Medicine
310;17468;Neurocase;journal;13554794, 14653656;Routledge;No;No;0,261;Q4;74;44;144;1195;114;139;0,45;27,16;40,44;0;United Kingdom;Western Europe;Routledge;1995-2026;"Arts and Humanities (miscellaneous) (Q2); Neurology (clinical) (Q4)";"Arts and Humanities; Medicine"
311;21101056923;OBM Neurobiology;journal;25734407;LIDSEN Publishing Inc;No;No;0,261;Q4;9;54;143;3951;172;141;1,22;73,17;38,19;0;United States;Northern America;LIDSEN Publishing Inc;2019-2026;"Cellular and Molecular Neuroscience (Q4); Developmental Neuroscience (Q4); Neurology (Q4); Neurology (clinical) (Q4)";"Medicine; Neuroscience"
312;18844;Schmerz;journal;0932433X, 14322129;Springer Medizin;No;No;0,258;Q4;50;83;206;1848;116;146;0,54;22,27;51,27;0;Germany;Western Europe;Springer Medizin;1987-2026;"Anesthesiology and Pain Medicine (Q3); Medicine (miscellaneous) (Q3); Neurology (clinical) (Q4)";Medicine
313;21100867371;Sleep Medicine Research;journal;20939175, 22338853;Korean Society of Sleep Medicine;Yes;Yes;0,257;Q4;11;40;112;1247;93;112;0,93;31,18;42,86;0;South Korea;Asiatic Region;Korean Society of Sleep Medicine;2018-2025;"Pulmonary and Respiratory Medicine (Q3); Neurology (Q4); Neurology (clinical) (Q4); Physiology (medical) (Q4); Psychiatry and Mental Health (Q4)";"Medicine; Neuroscience"
314;21100315995;Interdisciplinary Neurosurgery: Advanced Techniques and Case Management;journal;22147519;Elsevier B.V.;Yes;No;0,254;Q4;23;161;611;4085;423;603;0,92;25,37;22,14;0;Netherlands;Western Europe;Elsevier B.V.;2014-2026;"Surgery (Q3); Neurology (clinical) (Q4)";Medicine
315;17492;Neuroendocrinology Letters;journal;0172780X;Maghira and Maas Publications;Yes;No;0,253;Q4;77;48;162;1814;129;162;0,76;37,79;46;0;Sweden;Western Europe;Maghira and Maas Publications;1979-1982, 1984-1995, 1997-2025;"Medicine (miscellaneous) (Q3); Endocrine and Autonomic Systems (Q4); Endocrinology (Q4); Endocrinology, Diabetes and Metabolism (Q4); Neurology (Q4); Neurology (clinical) (Q4); Physiology (medical) (Q4); Psychiatry and Mental Health (Q4)";"Biochemistry, Genetics and Molecular Biology; Medicine; Neuroscience"
316;21100805728;Nevrologiya, Neiropsikhiatriya, Psikhosomatika;journal;20742711, 23101342;Ima-Press Publishing House;Yes;Yes;0,253;Q4;17;53;306;1626;272;306;1,05;30,68;69,88;0;Russian Federation;Eastern Europe;Ima-Press Publishing House;2016-2025;"Clinical Psychology (Q3); Neurology (clinical) (Q4); Psychiatry and Mental Health (Q4)";"Medicine; Psychology"
317;21100983358;Epilepsy and Paroxysmal Conditions;journal;20778333, 23114088;IRBIS LLC;Yes;No;0,25;Q4;7;23;97;861;102;96;1,16;37,43;64,38;0;Russian Federation;Eastern Europe;IRBIS LLC;2017-2025;"Neurology (Q4); Neurology (clinical) (Q4)";"Medicine; Neuroscience"
318;21101023029;Sleep and Vigilance;journal;25102265;Springer;No;No;0,243;Q4;13;35;119;1276;102;94;0,67;36,46;46,55;0;Singapore;Asiatic Region;Springer;2017-2026;"Neurology (Q4); Neurology (clinical) (Q4); Psychiatry and Mental Health (Q4)";"Medicine; Neuroscience"
319;21101092958;Neurology Perspectives;journal;26670496;Spanish Society of Neurology;Yes;No;0,242;Q4;9;32;123;1069;92;107;0,57;33,41;42,05;0;Spain;Western Europe;Spanish Society of Neurology;2021-2026;Neurology (clinical) (Q4);Medicine
320;145096;Neuropsychopharmacologia Hungarica;journal;20642512, 14198711;Hungarian Association of Psychopharmacology;Yes;No;0,234;Q4;21;22;69;462;51;57;0,44;21;59,68;0;Hungary;Eastern Europe;Hungarian Association of Psychopharmacology;2004-2025;"Pharmacology, Toxicology and Pharmaceutics (miscellaneous) (Q3); Neurology (clinical) (Q4); Neuropsychology and Physiological Psychology (Q4); Neuroscience (miscellaneous) (Q4)";"Medicine; Neuroscience; Pharmacology, Toxicology and Pharmaceutics; Psychology"
321;21100854898;NeuroRegulation;journal;23730587;International Society for Neurofeedback and Research;Yes;Yes;0,219;Q4;15;20;63;974;47;63;0,65;48,7;36,21;0;United States;Northern America;International Society for Neurofeedback and Research;2014-2025;"Applied Psychology (Q4); Behavioral Neuroscience (Q4); Biological Psychiatry (Q4); Experimental and Cognitive Psychology (Q4); Neurology (clinical) (Q4); Neuropsychology and Physiological Psychology (Q4); Physiology (medical) (Q4); Psychiatry and Mental Health (Q4)";"Medicine; Neuroscience; Psychology"
322;21100784273;Journal of Intellectual Disability - Diagnosis and Treatment;journal;22922598;Lifescience Global;No;No;0,218;Q4;12;23;86;961;99;86;0,92;41,78;40,7;0;Canada;Northern America;Lifescience Global;2013-2025;"Applied Psychology (Q4); Developmental and Educational Psychology (Q4); Health (social science) (Q4); Neurology (Q4); Neurology (clinical) (Q4); Psychiatry and Mental Health (Q4)";"Medicine; Neuroscience; Psychology; Social Sciences"
323;21100440512;International Journal of Nutrition, Pharmacology, Neurological Diseases;journal;22310738, 22312722;Wolters Kluwer Medknow Publications;No;No;0,212;Q4;15;77;150;2133;121;148;0,89;27,7;42,2;0;India;Asiatic Region;Wolters Kluwer Medknow Publications;2014-2025;"Pharmacology (medical) (Q3); Neurology (clinical) (Q4); Nutrition and Dietetics (Q4)";"Medicine; Nursing"
324;14899;Clinical Neuropathology;journal;7225091;Dustri-Verlag Dr. Karl Feistle;No;No;0,211;Q4;50;31;94;644;54;70;0,57;20,77;42,5;0;Germany;Western Europe;Dustri-Verlag Dr. Karl Feistle;1982-2025;"Medicine (miscellaneous) (Q4); Neurology (Q4); Neurology (clinical) (Q4); Pathology and Forensic Medicine (Q4)";"Medicine; Neuroscience"
325;16819;Journal of the History of the Neurosciences;journal;17445213, 0964704X;Taylor and Francis Ltd.;No;No;0,209;Q4;34;44;74;2462;35;70;0,57;55,95;26,67;0;United Kingdom;Western Europe;Taylor and Francis Ltd.;1992-2026;"History and Philosophy of Science (Q2); Neurology (clinical) (Q4); Neuroscience (miscellaneous) (Q4)";"Arts and Humanities; Medicine; Neuroscience"
326;21101091794;Dusunen Adam - The Journal of Psychiatry and Neurological Sciences;journal;13095749, 10188681;Kare Publishing;Yes;No;0,208;Q4;23;41;92;1032;38;68;0,29;25,17;54,44;0;Turkey;Middle East;Kare Publishing;2011-2025;"Neurology (clinical) (Q4); Psychiatry and Mental Health (Q4)";Medicine
327;144607;Neuroforum;journal;09470875, 23637013;Walter de Gruyter GmbH;No;No;0,206;Q4;14;0;29;0;15;25;0;0;0;0;Germany;Western Europe;Walter de Gruyter GmbH;2005-2022;"Neurology (Q4); Neurology (clinical) (Q4)";"Medicine; Neuroscience"
328;40483;Ideggyogyaszati Szemle;journal;00191442, 24986208;LifeTime Media Ltd;No;No;0,204;Q4;25;45;147;1481;96;147;0,62;32,91;48,66;0;Hungary;Eastern Europe;LifeTime Media Ltd;1954-1964, 1973-1985, 2002-2026;"Neurology (Q4); Neurology (clinical) (Q4)";"Medicine; Neuroscience"
329;110337;Zhurnal Nevrologii i Psihiatrii imeni S.S. Korsakova;journal;23094729, 19977298;Media Sphera Publishing Group;No;No;0,203;Q4;26;351;1056;11680;756;1042;0,74;33,28;65,73;0;Russian Federation;Eastern Europe;Media Sphera Publishing Group;1952-2026;"History and Philosophy of Science (Q3); Clinical Psychology (Q4); Neurology (Q4); Neurology (clinical) (Q4); Psychiatry and Mental Health (Q4)";"Arts and Humanities; Medicine; Neuroscience; Psychology"
330;21101140100;Neuroimmunology Reports;journal;2667257X;Elsevier B.V.;No;No;0,2;Q4;6;35;174;496;77;174;0,44;14,17;40;0;Netherlands;Western Europe;Elsevier B.V.;2021-2026;"Immunology and Allergy (Q4); Neurology (clinical) (Q4); Neuroscience (miscellaneous) (Q4)";"Medicine; Neuroscience"
331;19700175048;Open Neurology Journal;journal;1874205X;Bentham Science Publishers;Yes;No;0,196;Q4;24;3;35;116;28;33;0,82;38,67;27,27;0;United Arab Emirates;Middle East;Bentham Science Publishers;2010-2025;"Neurology (Q4); Neurology (clinical) (Q4); Psychiatry and Mental Health (Q4)";"Medicine; Neuroscience"
332;21101094483;Neuropsychiatric Investigation;journal;27920070;Istanbul Universitesi;Yes;Yes;0,194;Q4;10;29;59;881;26;54;0,44;30,38;47,42;0;Turkey;Middle East;Istanbul Universitesi;2021-2025;"Biological Psychiatry (Q4); Neurology (clinical) (Q4); Psychiatry and Mental Health (Q4)";"Medicine; Neuroscience"
333;3200147816;Chinese Journal of Cerebrovascular Diseases;journal;16725921;Society of China University Journals in Natural Sciences;No;No;0,186;Q4;11;61;337;2478;197;337;0,55;40,62;33,08;0;China;Asiatic Region;Society of China University Journals in Natural Sciences;2006-2025;"Cardiology and Cardiovascular Medicine (Q4); Neurology (clinical) (Q4); Radiology, Nuclear Medicine and Imaging (Q4)";Medicine
334;21101175741;Journal of Critical Limb Ischemia;journal;26943026;HMP Global;No;No;0,186;Q4;4;6;61;149;17;41;0,14;24,83;18,75;0;United States;Northern America;HMP Global;2021-2025;"Medicine (miscellaneous) (Q4); Neurology (clinical) (Q4); Podiatry (Q4)";"Health Professions; Medicine"
335;19336;Zhurnal Voprosy Nejrokhirurgii Imeni N.N. Burdenko;journal;00428817, 23091681;Media Sphera Publishing Group;No;No;0,186;Q4;15;81;257;1620;123;254;0,5;20;39,18;0;Russian Federation;Eastern Europe;Media Sphera Publishing Group;1945-2026;"Surgery (Q3); Medicine (miscellaneous) (Q4); Neurology (clinical) (Q4)";Medicine
336;19700174633;Turk Noroloji Dergisi;journal;1301062X;Turkish Neurosurgical Society;Yes;Yes;0,185;Q4;11;67;160;1481;83;116;0,43;22,1;52,2;0;Turkey;Middle East;Turkish Neurosurgical Society;2010-2025;Neurology (clinical) (Q4);Medicine
337;145368;Zeitschrift fur Epileptologie;journal;16100646, 16176782;Springer Medizin;No;No;0,184;Q4;9;0;59;0;17;48;0;0;0;0;Germany;Western Europe;Springer Medizin;2005-2022;"Pediatrics, Perinatology and Child Health (Q3); Neurology (clinical) (Q4)";Medicine
338;21101044831;Annals of Movement Disorders;journal;25903454, 25903446;Wolters Kluwer Medknow Publications;Yes;Yes;0,181;Q4;8;51;111;977;47;80;0,44;19,16;28,41;0;India;Asiatic Region;Wolters Kluwer Medknow Publications;2018-2025;"Surgery (Q3); Cognitive Neuroscience (Q4); Neurology (Q4); Neurology (clinical) (Q4); Neuroscience (miscellaneous) (Q4)";"Medicine; Neuroscience"
339;17551;Acta Neurologica Taiwanica;journal;1028768X;Wolters Kluwer Medknow Publications;Yes;Yes;0,18;Q4;30;50;138;1010;82;131;0,57;20,2;39,86;0;Taiwan;Asiatic Region;Wolters Kluwer Medknow Publications;1997-2026;"Medicine (miscellaneous) (Q4); Neurology (Q4); Neurology (clinical) (Q4)";"Medicine; Neuroscience"
340;21101051220;Annals of Child Neurology;journal;2635909X, 26359103;Korean Child Neurology Society;Yes;Yes;0,179;Q4;5;31;130;590;41;69;0,28;19,03;51,67;0;South Korea;Asiatic Region;Korean Child Neurology Society;2019-2026;"Pediatrics, Perinatology and Child Health (Q3); Neurology (Q4); Neurology (clinical) (Q4)";"Medicine; Neuroscience"
341;21101068039;Journal of Neurocritical Care;journal;25081349;;Yes;Yes;0,178;Q4;8;20;69;473;32;56;0,3;23,65;23,17;0;South Korea;Asiatic Region;;2019, 2021-2025;"Advanced and Specialized Nursing (Q3); Neurology (clinical) (Q4); Psychiatry and Mental Health (Q4)";"Medicine; Nursing"
342;20011;Chinese Journal of Neurology;journal;10067876;Chinese Medical Journals Publishing House Co.Ltd;No;No;0,177;Q4;23;163;585;5755;357;583;0,59;35,31;49,15;0;China;Asiatic Region;Chinese Medical Journals Publishing House Co.Ltd;1959, 1997-2026;"Neurology (Q4); Neurology (clinical) (Q4)";"Medicine; Neuroscience"
343;21101053059;Caspian Journal of Neurological Sciences;journal;24234818, 23834307;Guilan University of Medical Sciences;Yes;No;0,175;Q4;6;36;100;1199;50;100;0,46;33,31;47,29;0;Iran;Middle East;Guilan University of Medical Sciences;2019-2026;"Neurology (Q4); Neurology (clinical) (Q4); Neuroscience (miscellaneous) (Q4); Psychiatry and Mental Health (Q4)";"Medicine; Neuroscience"
344;21101174248;touchREVIEWS in Neurology;journal;27525465;Touch Medical Media;No;No;0,171;Q4;6;10;51;536;28;33;0,67;53,6;46,67;0;United Kingdom;Western Europe;Touch Medical Media;2021-2025;"Neurology (Q4); Neurology (clinical) (Q4); Neuroscience (miscellaneous) (Q4)";"Medicine; Neuroscience"
345;21100932750;Neurology and Clinical Neuroscience;journal;20494173;John Wiley and Sons Inc;No;No;0,168;Q4;14;93;207;1474;73;190;0,34;15,85;29,22;0;United Kingdom;Western Europe;John Wiley and Sons Inc;2013-2026;"Cellular and Molecular Neuroscience (Q4); Neurology (Q4); Neurology (clinical) (Q4)";"Medicine; Neuroscience"
346;15633;Fortschritte der Neurologie Psychiatrie;journal;14393522, 07204299;Georg Thieme Verlag;No;No;0,167;Q4;36;117;366;1380;92;195;0,25;11,79;31,9;0;Germany;Western Europe;Georg Thieme Verlag;1955-1963, 1973-2026;"Medicine (miscellaneous) (Q4); Neurology (Q4); Neurology (clinical) (Q4); Psychiatry and Mental Health (Q4)";"Medicine; Neuroscience"
347;21101257827;Chinese Journal of Behavioral Medicine and Brain Science;journal;16746554;Chinese Medical Journals Publishing House Co.Ltd;No;No;0,166;Q4;8;146;540;4676;307;540;0,66;32,03;51,86;0;China;Asiatic Region;Chinese Medical Journals Publishing House Co.Ltd;2020-2026;"Medicine (miscellaneous) (Q4); Neurology (clinical) (Q4); Psychiatry and Mental Health (Q4)";Medicine
348;5900153302;Future Neurology;journal;14796708, 17486971;Taylor and Francis Ltd.;No;No;0,162;Q4;41;17;29;351;18;27;0,62;20,65;44,66;0;United Kingdom;Western Europe;Taylor and Francis Ltd.;2006-2026;"Neurology (Q4); Neurology (clinical) (Q4)";"Medicine; Neuroscience"
349;4000148906;NPG Neurologie - Psychiatrie - Geriatrie;journal;16274830;Elsevier Masson s.r.l.;No;No;0,162;Q4;11;36;153;1182;51;135;0,32;32,83;34,72;0;France;Western Europe;Elsevier Masson s.r.l.;2004-2026;"Geriatrics and Gerontology (Q4); Neurology (clinical) (Q4); Psychiatry and Mental Health (Q4)";Medicine
350;19287;Revista Ecuatoriana de Neurologia;journal;10198113;Fundacion para la difusion neurologica en Ecuador - FUNDINE;Yes;No;0,16;Q4;11;43;171;690;36;122;0,18;16,05;40,43;0;Ecuador;Latin America;Fundacion para la difusion neurologica en Ecuador - FUNDINE;1992-2012, 2014-2025;"Neurology (Q4); Neurology (clinical) (Q4)";"Medicine; Neuroscience"
351;21100886219;Neurological Sciences and Neurophysiology;journal;2636865X;Wolters Kluwer Medknow Publications;Yes;Yes;0,159;Q4;12;31;110;904;38;92;0,32;29,16;53,01;0;India;Asiatic Region;Wolters Kluwer Medknow Publications;2018-2025;"Neurology (Q4); Neurology (clinical) (Q4)";"Medicine; Neuroscience"
352;21100903715;Annals of Clinical and Experimental Neurology;journal;24092533, 20755473;Eco-Vector LLC;Yes;Yes;0,154;Q4;8;43;133;1775;71;133;0,51;41,28;60,22;0;Russian Federation;Eastern Europe;Eco-Vector LLC;2018-2025;"Cellular and Molecular Neuroscience (Q4); Cognitive Neuroscience (Q4); Multidisciplinary (Q4); Neurology (Q4); Neurology (clinical) (Q4)";"Medicine; Multidisciplinary; Neuroscience"
353;19800188011;Geriatrie et Psychologie Neuropsychiatrie du Vieillissement;journal;21158789, 21157863;John Libbey;No;No;0,154;Q4;23;57;180;2018;55;160;0,32;35,4;56,49;0;France;Western Europe;John Libbey;2011-2025;"Biological Psychiatry (Q4); Geriatrics and Gerontology (Q4); Medicine (miscellaneous) (Q4); Neurology (clinical) (Q4); Neuropsychology and Physiological Psychology (Q4)";"Medicine; Neuroscience; Psychology"
354;21101042491;Journal of Neuroanaesthesiology and Critical Care;journal;23480548;Georg Thieme Verlag;Yes;Yes;0,153;Q4;6;42;150;712;38;115;0,27;16,95;38,98;0;Germany;Western Europe;Georg Thieme Verlag;2016, 2019-2026;"Anesthesiology and Pain Medicine (Q4); Critical Care and Intensive Care Medicine (Q4); Neurology (clinical) (Q4)";Medicine
355;21100833041;Nervno-Myshechnye Bolezni;journal;24130443, 22228721;ABV-press Publishing House;Yes;Yes;0,153;Q4;7;17;107;542;47;105;0,33;31,88;68,09;0;Russian Federation;Eastern Europe;ABV-press Publishing House;2017-2025;"Neurology (Q4); Neurology (clinical) (Q4)";"Medicine; Neuroscience"
356;21101238426;Ukrainian Neurosurgical Journal;journal;26639092, 26639084;SI Romodanov Neurosurgery Institute of the National Academy of Medical Sciences of Ukraine;Yes;Yes;0,152;Q4;3;36;81;1342;17;81;0,28;37,28;29,13;0;Ukraine;Eastern Europe;SI Romodanov Neurosurgery Institute of the National Academy of Medical Sciences of Ukraine;2022-2025;"Cellular and Molecular Neuroscience (Q4); Critical Care and Intensive Care Medicine (Q4); Neurology (clinical) (Q4); Surgery (Q4)";"Medicine; Neuroscience"
357;14861;Ceska a Slovenska Neurologie a Neurochirurgie;journal;18024041, 12107859;Czech Medical Association J.E. Purkyne;Yes;No;0,148;Q4;20;41;208;1345;52;145;0,24;32,8;30,17;0;Czech Republic;Eastern Europe;Czech Medical Association J.E. Purkyne;1973-2025;"Neurology (clinical) (Q4); Surgery (Q4)";Medicine
358;15400154700;Progress in Neurology and Psychiatry;journal;13677543, 1931227X;John Wiley and Sons Ltd;No;No;0,148;Q4;18;2;114;68;38;97;0,22;34;55,56;0;United Kingdom;Western Europe;John Wiley and Sons Ltd;1946-1948, 1952-1957, 1961, 1963, 1965-1972, 2008-2026;"Neurology (Q4); Neurology (clinical) (Q4); Psychiatry and Mental Health (Q4)";"Medicine; Neuroscience"
359;19200156707;Neurology Asia;journal;18236138;ASEAN Neurological Association;Yes;No;0,147;Q4;19;149;410;4046;135;404;0,3;27,15;45,25;0;Malaysia;Asiatic Region;ASEAN Neurological Association;2008-2025;"Neurology (Q4); Neurology (clinical) (Q4)";"Medicine; Neuroscience"
360;19313;Clinical Neurology;journal;18820654, 0009918X;Societas Neurologica Japonica;No;No;0,146;Q4;23;146;434;2008;91;389;0,26;13,75;20,55;0;Japan;Asiatic Region;Societas Neurologica Japonica;1972-2026;Neurology (clinical) (Q4);Medicine
361;23426;Equilibrium Research;journal;3855716;Japan Society for Equilibrium Research;No;No;0,146;Q4;13;36;97;771;13;97;0,13;21,42;23,08;0;Japan;Asiatic Region;Japan Society for Equilibrium Research;1971-1974, 1978-2025;"Neurology (clinical) (Q4); Otorhinolaryngology (Q4)";Medicine
362;21101160597;Archives of Epilepsy;journal;27920550;Galenos Publishing House;Yes;Yes;0,145;Q4;4;32;82;736;36;78;0,33;23;63,24;0;Turkey;Middle East;Galenos Publishing House;2022-2025;"Neurology (Q4); Neurology (clinical) (Q4)";"Medicine; Neuroscience"
363;14924;Confinia Cephalalgica;journal;30350670, 11220279;Page Press Publications;No;No;0,143;Q4;6;11;62;501;20;54;0,36;45,55;56,06;0;Italy;Western Europe;Page Press Publications;1993-2026;"Neurology (Q4); Neurology (clinical) (Q4)";"Medicine; Neuroscience"
364;12578;Douleurs;journal;16245687;Elsevier Masson s.r.l.;No;No;0,143;Q4;12;54;111;1061;29;106;0,27;19,65;50,41;0;France;Western Europe;Elsevier Masson s.r.l.;2001-2026;"Anesthesiology and Pain Medicine (Q4); Neurology (clinical) (Q4)";Medicine
365;21101055924;Indian Spine Journal;journal;25895079, 25895087;Wolters Kluwer Medknow Publications;Yes;Yes;0,143;Q4;6;39;96;911;23;90;0,25;23,36;17,71;0;India;Asiatic Region;Wolters Kluwer Medknow Publications;2018-2026;"Neurology (clinical) (Q4); Orthopedics and Sports Medicine (Q4); Surgery (Q4)";Medicine
366;17439;Nervenheilkunde;journal;07221541, 25675788;Georg Thieme Verlag;Yes;No;0,143;Q4;19;76;274;2546;51;229;0,23;33,5;41,71;1;Germany;Western Europe;Georg Thieme Verlag;1982-2026;"Family Practice (Q3); Neurology (clinical) (Q4)";Medicine
367;21101201955;Indian Journal of Neurosurgery;journal;22779167, 2277954X;Georg Thieme Verlag;Yes;Yes;0,142;Q4;6;86;171;1398;41;154;0,22;16,26;24,54;0;Germany;Western Europe;Georg Thieme Verlag;2015-2017, 2019-2026;"Neurology (clinical) (Q4); Surgery (Q4)";Medicine
368;19267;Revista de Neuro-Psiquiatria;journal;00348597, 16097394;Universidad Peruana Cayetano Heredia, Facultad de Medicina Alberto Hurtado;Yes;Yes;0,142;Q4;9;32;121;853;33;96;0,2;26,66;41,56;0;Peru;Latin America;Universidad Peruana Cayetano Heredia, Facultad de Medicina Alberto Hurtado;1960-1961, 1964-1980, 2019-2026;"Neurology (clinical) (Q4); Psychiatry and Mental Health (Q4)";Medicine
369;5000158601;Journal of Pediatric Neurology;journal;18759041, 13042580;Georg Thieme Verlag;No;No;0,14;Q4;21;0;248;0;53;237;0,23;0;0;0;Germany;Western Europe;Georg Thieme Verlag;2003-2024;"Neurology (clinical) (Q4); Pediatrics, Perinatology and Child Health (Q4)";Medicine
370;21100855752;Open Neuroimaging Journal;journal;18744400;Bentham Science Publishers;Yes;No;0,138;Q4;12;13;15;738;10;15;0,77;56,77;51,06;0;United Arab Emirates;Middle East;Bentham Science Publishers;2016-2018, 2020-2025;"Neurology (clinical) (Q4); Radiology, Nuclear Medicine and Imaging (Q4)";Medicine
371;11500153302;Coluna/ Columna;journal;18081851;Oficial da Sociedade Brasileira de Coluna;Yes;Yes;0,134;Q4;11;52;175;1402;32;172;0,11;26,96;18,52;0;Brazil;Latin America;Oficial da Sociedade Brasileira de Coluna;2008-2026;"Neurology (clinical) (Q4); Orthopedics and Sports Medicine (Q4); Surgery (Q4)";Medicine
372;21100364636;International Journal of Epilepsy;journal;22136320;Georg Thieme Verlag;No;No;0,134;Q4;9;19;39;433;10;34;0,19;22,79;39,29;0;India;Asiatic Region;Georg Thieme Verlag;2014-2018, 2020-2021, 2023-2026;Neurology (clinical) (Q4);Medicine
373;21100202751;Neurodiagnostic Journal;journal;21646821, 23758627;Taylor and Francis Ltd.;No;No;0,134;Q4;25;33;78;653;18;68;0,16;19,79;45,45;0;United Kingdom;Western Europe;Taylor and Francis Ltd.;1996-2026;"Medical Laboratory Technology (Q3); Neurology (clinical) (Q4)";"Health Professions; Medicine"
374;21101389659;Chinese Journal of Stroke;journal;16735765;Editorial Office of Chinese Journal of Stroke;No;No;0,133;Q4;8;192;628;6122;183;581;0,31;31,89;46,43;0;China;Asiatic Region;Editorial Office of Chinese Journal of Stroke;2022-2025;"Cardiology and Cardiovascular Medicine (Q4); Epidemiology (Q4); Neurology (Q4); Neurology (clinical) (Q4); Psychiatry and Mental Health (Q4)";"Medicine; Neuroscience"
375;21101053535;Frontiers in Clinical Drug Research - CNS and Neurological Disorders;book series;22147527, 24518883;Bentham Science Publishers;No;No;0,133;Q4;2;0;10;0;4;1;0;0;0;0;United Arab Emirates;Middle East;Bentham Science Publishers;2020-2024;"Neurology (clinical) (Q4); Pharmaceutical Science (Q4); Pharmacology (medical) (Q4)";"Medicine; Pharmacology, Toxicology and Pharmaceutics"
376;19264;Revista Chilena de Neuro-Psiquiatria;journal;07179227, 00347388;Sociedad de Neurologia Psiquiatria y Neurocirugia;Yes;Yes;0,132;Q4;20;21;137;480;33;123;0,16;22,86;27,03;0;Chile;Latin America;Sociedad de Neurologia Psiquiatria y Neurocirugia;1948, 1974, 1979, 1981-1988, 1997-1998, 2000-2025;"Neurology (clinical) (Q4); Psychiatry and Mental Health (Q4); Surgery (Q4)";Medicine
377;21101195677;Iranian Journal of Neurosurgery;journal;24236829, 24236497;Guilan University of Medical Sciences;Yes;Yes;0,131;Q4;4;22;98;573;20;96;0,2;26,05;18,75;0;Iran;Middle East;Guilan University of Medical Sciences;2019-2025;"Neurology (clinical) (Q4); Surgery (Q4)";Medicine
378;21101067738;Russian Journal of Neurosurgery;journal;25877569, 16833295;ABV-press Publishing House;No;No;0,13;Q4;5;42;161;1137;34;156;0,24;27,07;34,85;0;Russian Federation;Eastern Europe;ABV-press Publishing House;2019-2026;"Neurology (Q4); Neurology (clinical) (Q4); Radiology, Nuclear Medicine and Imaging (Q4); Surgery (Q4)";"Medicine; Neuroscience"
379;16852;Klinische Neurophysiologie;journal;14340275, 14394081;Georg Thieme Verlag;No;No;0,128;Q4;9;40;136;812;16;98;0,11;20,3;38,89;0;Germany;Western Europe;Georg Thieme Verlag;1998-2025;"Neurology (clinical) (Q4); Physiology (medical) (Q4)";Medicine
380;21100820732;Romanian Journal of Neurology/ Revista Romana de Neurologie;journal;20696094, 18438148;Amaltea Medical Publishing House;Yes;No;0,128;Q4;7;70;192;1864;36;192;0,18;26,63;45,96;0;Romania;Eastern Europe;Amaltea Medical Publishing House;2009-2025;"Neurology (Q4); Neurology (clinical) (Q4)";"Medicine; Neuroscience"
381;21101284801;Acta Neurologica Colombiana;journal;24224022;Colombian Association of Neurology;Yes;No;0,126;Q4;3;48;114;1495;39;90;0,26;31,15;46,94;0;Colombia;Latin America;Colombian Association of Neurology;2022-2026;Neurology (clinical) (Q4);Medicine
382;19700175274;Pratique Neurologique - FMC;journal;18787762, 18787770;Elsevier Masson s.r.l.;No;No;0,126;Q4;4;42;132;1008;11;114;0,07;24;49,32;0;France;Western Europe;Elsevier Masson s.r.l.;2010-2026;Neurology (clinical) (Q4);Medicine
383;21100934661;Russian Neurological Journal;journal;26587947, 26867192;Medicinskoe Informacionnoe agentstvo;No;No;0,125;Q4;9;33;172;900;40;172;0,18;27,27;59,22;0;Russian Federation;Eastern Europe;Medicinskoe Informacionnoe agentstvo;2019-2025;"Neurology (Q4); Neurology (clinical) (Q4); Psychiatry and Mental Health (Q4)";"Medicine; Neuroscience"
384;21100829707;Russkii Zhunal Detskoi Nevrologii;journal;20738803, 24129178;ABV-press Publishing House;Yes;Yes;0,125;Q4;5;12;68;331;21;68;0,26;27,58;61,76;0;Russian Federation;Eastern Europe;ABV-press Publishing House;2017-2025;"Neurology (clinical) (Q4); Pediatrics, Perinatology and Child Health (Q4)";Medicine
385;17946;Neurologie und Rehabilitation;journal;18697003, 09472177;Hippocampus Verlag;No;No;0,122;Q4;14;21;80;971;8;69;0,08;46,24;22,22;0;Germany;Western Europe;Hippocampus Verlag;1997-2025;"Neurology (clinical) (Q4); Rehabilitation (Q4)";Medicine
386;21101020019;Chinese Journal of Neuromedicine;journal;16718925;Chinese Medical Journals Publishing House Co.Ltd;No;No;0,121;Q4;6;146;529;5823;137;527;0,3;39,88;43,37;0;China;Asiatic Region;Chinese Medical Journals Publishing House Co.Ltd;2020-2026;"Neurology (Q4); Neurology (clinical) (Q4); Neuropsychology and Physiological Psychology (Q4); Psychiatry and Mental Health (Q4)";"Medicine; Neuroscience; Psychology"
387;19700182733;Neurologia Argentina;journal;18530028, 18531490;Ediciones Doyma, S.L.;No;No;0,12;Q4;9;42;123;1011;16;119;0,16;24,07;42,29;0;Spain;Western Europe;Ediciones Doyma, S.L.;2010-2026;"Neurology (Q4); Neurology (clinical) (Q4)";"Medicine; Neuroscience"
388;4000151712;Chinese Journal of Contemporary Neurology and Neurosurgery;journal;16726731;Tianjin Huanhu Hospital;Yes;No;0,116;Q4;12;163;500;5883;97;499;0,21;36,09;37,69;0;China;Asiatic Region;Tianjin Huanhu Hospital;2006-2026;"Neurology (Q4); Neurology (clinical) (Q4)";"Medicine; Neuroscience"
389;21100983352;Chinese Journal of Urology;journal;10006702;Chinese Medical Journals Publishing House Co.Ltd;No;No;0,112;Q4;4;125;485;2813;52;480;0,09;22,5;29,5;0;China;Asiatic Region;Chinese Medical Journals Publishing House Co.Ltd;2019-2025;"Nephrology (Q4); Neurology (clinical) (Q4)";Medicine
390;21101246896;East African Journal of Neurological Sciences;journal;29574323, 29574315;East African Association of Neurological Surgeons;No;No;0,112;Q4;1;23;32;543;2;30;0,04;23,61;25,3;0;Kenya;Africa;East African Association of Neurological Surgeons;2022-2026;"Anatomy (Q4); Neurology (clinical) (Q4); Psychiatry and Mental Health (Q4); Surgery (Q4)";Medicine
391;130169;Sinapse;journal;1645281X;Sociedade Portuguesa de Neurologia;No;No;0,112;Q4;5;38;92;892;6;61;0,08;23,47;65,22;1;Portugal;Western Europe;Sociedade Portuguesa de Neurologia;2005-2025;"Cellular and Molecular Neuroscience (Q4); Neurology (clinical) (Q4)";"Medicine; Neuroscience"
392;15118;Neuro-Ophthalmology Japan;journal;2897024;Neuro-Ophthalmology Society of Japan;No;No;0,111;Q4;4;50;103;968;3;102;0,01;19,36;32,82;0;Japan;Asiatic Region;Neuro-Ophthalmology Society of Japan;1984-2025;"Neurology (clinical) (Q4); Ophthalmology (Q4)";Medicine
393;21100912973;Swiss Archives of Neurology, Psychiatry and Psychotherapy;journal;22976981, 22977007;EMH Schweizerischer Arzteverlag AG;Yes;Yes;0,11;Q4;16;0;57;0;4;43;0,1;0;0;0;Switzerland;Western Europe;EMH Schweizerischer Arzteverlag AG;2016-2024;"Clinical Psychology (Q4); Neurology (clinical) (Q4); Psychiatry and Mental Health (Q4)";"Medicine; Psychology"
394;21101017657;Chinese Journal of Neurosurgery;journal;10012346;Chinese Medical Journals Publishing House Co.Ltd;No;No;0,108;Q4;3;116;593;2525;39;591;0,08;21,77;28,62;0;China;Asiatic Region;Chinese Medical Journals Publishing House Co.Ltd;2020-2026;"Neurology (clinical) (Q4); Surgery (Q4)";Medicine
395;16243;Journal fur Neurologie, Neurochirurgie und Psychiatrie;journal;16081587, 16809440;Krause und Pachernegg GmbH;Yes;No;0,108;Q4;8;9;63;456;2;57;0;50,67;50;0;Austria;Western Europe;Krause und Pachernegg GmbH;2002-2025;"Neurology (clinical) (Q4); Psychiatry and Mental Health (Q4); Surgery (Q4)";Medicine
396;21101136866;Neurologie Up2date;journal;25113658, 25113453;Georg Thieme Verlag;No;No;0,107;Q4;2;40;114;917;2;80;0,03;22,93;39,47;0;Germany;Western Europe;Georg Thieme Verlag;2018-2026;"Neurology (Q4); Neurology (clinical) (Q4)";"Medicine; Neuroscience"
397;18099;No To Hattatsu;journal;290831;Japanese Society of Child Neurology;No;No;0,105;Q4;14;68;191;733;11;165;0,06;10,78;33,84;0;Japan;Asiatic Region;Japanese Society of Child Neurology;1969-2025;"Medicine (miscellaneous) (Q4); Neurology (clinical) (Q4); Pediatrics, Perinatology and Child Health (Q4)";Medicine
398;91878;Archivos de Neurociencias;journal;10285938, 29544122;Instituto Nacional de Neurologia y Neurocirugia Manuel Velasco Suarez;No;No;0,104;Q4;7;27;106;802;10;88;0,03;29,7;43,75;0;Mexico;Latin America;Instituto Nacional de Neurologia y Neurocirugia Manuel Velasco Suarez;1999-2025;"Neurology (Q4); Neurology (clinical) (Q4)";"Medicine; Neuroscience"
399;19909;Journal of the Japan Epilepsy Society;journal;09120890, 13475509;Japan Epilepsy Society;No;No;0,104;Q4;5;9;37;351;2;32;0,06;39;27,27;0;Japan;Asiatic Region;Japan Epilepsy Society;1983-2026;"Neurology (Q4); Neurology (clinical) (Q4)";"Medicine; Neuroscience"
400;36252;Neurologia, Neurocirugia y Psiquiatria;journal;283851;Sociedad Mexicana de Neurologia y Psiquiatria;No;No;0,104;Q4;3;0;55;0;5;43;0,1;0;0;0;Mexico;Latin America;Sociedad Mexicana de Neurologia y Psiquiatria;1969-1979, 2008-2011, 2017-2023;"Clinical Psychology (Q4); Neurology (Q4); Neurology (clinical) (Q4); Psychiatry and Mental Health (Q4)";"Medicine; Neuroscience; Psychology"
401;17403;Motricite Cerebrale;journal;2455919;Elsevier Masson s.r.l.;No;No;0,103;Q4;7;10;65;106;6;53;0,13;10,6;83,33;0;France;Western Europe;Elsevier Masson s.r.l.;1980-1990, 2004-2026;"Neurology (clinical) (Q4); Rehabilitation (Q4)";Medicine
402;21100211367;Advances in Alzheimer's Disease;book series;22105735, 22105727;IOS Press BV;No;No;0,102;Q4;11;0;134;0;5;131;0,01;0;0;0;Netherlands;Western Europe;IOS Press BV;2011-2012, 2015, 2017, 2020-2022, 2024;Neurology (clinical) (Q4);Medicine
403;21101128534;Contemporary Diagnostic Radiology;journal;01499009, 19381395;Lippincott Williams and Wilkins;No;No;0,102;Q4;3;27;84;431;5;83;0,04;15,96;37,66;0;United States;Northern America;Lippincott Williams and Wilkins;1990-1991, 1993-1994, 1996-1997, 2002-2003, 2006, 2008-2010, 2012, 2014, 2016-2017, 2019-2025;"Neurology (clinical) (Q4); Radiology, Nuclear Medicine and Imaging (Q4); Surgery (Q4)";Medicine
404;12751;Japanese Journal of Neurosurgery;journal;0917950X;Japanese Congress of Neurological Surgeons;No;No;0,102;Q4;8;17;231;463;7;229;0,03;27,24;12,77;0;Japan;Asiatic Region;Japanese Congress of Neurological Surgeons;1994-2025;"Neurology (clinical) (Q4); Surgery (Q4)";Medicine
405;19700187811;Kranion;journal;23398736, 15778843;Permanyer Publications;Yes;Yes;0,101;Q4;3;29;74;1115;2;62;0,05;38,45;29,73;0;Spain;Western Europe;Permanyer Publications;2011-2014, 2017-2025;Neurology (clinical) (Q4);Medicine
406;19259;Revista Brasileira de Neurologia e Psiquiatria;journal;14140365;Editora Cientifica Nacional Ltda;No;No;0,1;Q4;4;0;72;0;0;66;0;0;0;0;Brazil;Latin America;Editora Cientifica Nacional Ltda;1999-2000, 2008-2010, 2013-2024;"Neurology (Q4); Neurology (clinical) (Q4); Neuropsychology and Physiological Psychology (Q4); Psychiatry and Mental Health (Q4)";"Medicine; Neuroscience; Psychology"
407;21101212706;International Neurological Journal (Ukraine) (discontinued);journal;23071419, 22240713;Zaslavsky Publishing House;No;No;;-;5;57;158;1689;36;156;0,28;29,63;62,73;0;Ukraine;Eastern Europe;Zaslavsky Publishing House;2020-2025;Neurology (clinical);Medicine
408;19269;Revista de Neurologia (discontinued);journal;15766578, 02100010;IMR Press Limited;No;No;;-;50;14;339;0;264;297;0,61;0;47,69;0;Spain;Western Europe;IMR Press Limited;1959, 1974-1988, 1995-2025;"Medicine (miscellaneous); Neurology (clinical)";Medicine
1;21100228543;JAMA Surgery;journal;21686262, 21686254;American Medical Association;No;No;3,548;Q1;226;339;1173;5911;5871;513;4,74;17,44;38,67;0;United States;Northern America;American Medical Association;2013-2026;Surgery (Q1);Medicine
2;21100904922;European Urology Oncology;journal;25889311;Elsevier B.V.;No;No;3,01;Q1;63;223;415;0;2584;311;5,89;0;31,8;2;Netherlands;Western Europe;Elsevier B.V.;2018-2026;"Medicine (miscellaneous) (Q1); Oncology (Q1); Radiology, Nuclear Medicine and Imaging (Q1); Surgery (Q1); Urology (Q1)";Medicine
3;16757;Journal of Neurology, Neurosurgery and Psychiatry;journal;1468330X, 00223050;BMJ Publishing Group;No;No;2,931;Q1;255;171;567;6497;3953;456;6,56;37,99;42,62;0;United Kingdom;Western Europe;BMJ Publishing Group;1920-1937, 1945-2026;"Neurology (clinical) (Q1); Psychiatry and Mental Health (Q1); Surgery (Q1)";Medicine
4;12595;Breast;journal;15323080, 09609776;Churchill Livingstone;Yes;No;2,654;Q1;111;216;425;8514;3612;407;4,84;39,42;56,39;1;United Kingdom;Western Europe;Churchill Livingstone;1992-2026;"Cancer Research (Q1); Medicine (miscellaneous) (Q1); Oncology (Q1); Surgery (Q1)";"Biochemistry, Genetics and Molecular Biology; Medicine"
5;20485;Annals of Surgery;journal;15281140, 00034932;Wolters Kluwer Health;Yes;No;2,516;Q1;370;530;1657;16912;10292;1531;6,15;31,91;33,28;0;United Kingdom;Western Europe;Wolters Kluwer Health;1899, 1905, 1923, 1927, 1931, 1933-1937, 1939-2026;Surgery (Q1);Medicine
6;21684;Journal of Heart and Lung Transplantation;journal;15573117, 10532498;Elsevier Inc.;No;No;2,336;Q1;171;344;713;7509;3721;538;5,5;21,83;36,29;1;United States;Northern America;Elsevier Inc.;1991-2026;"Cardiology and Cardiovascular Medicine (Q1); Pulmonary and Respiratory Medicine (Q1); Surgery (Q1); Transplantation (Q1)";Medicine
7;21101039773;Burns and Trauma;journal;23213868, 23213876;Oxford University Press;Yes;No;2,22;Q1;55;93;186;11479;2300;179;10,64;123,43;39,91;0;United Kingdom;Western Europe;Oxford University Press;2013-2026;"Biomedical Engineering (Q1); Critical Care and Intensive Care Medicine (Q1); Dermatology (Q1); Emergency Medicine (Q1); Immunology and Allergy (Q1); Surgery (Q1)";"Engineering; Medicine"
8;19890;Knee Surgery, Sports Traumatology, Arthroscopy;journal;09422056, 14337347;John Wiley and Sons Inc;No;No;1,998;Q1;167;605;1474;23891;8531;1394;5,89;39,49;20,53;0;Germany;Western Europe;John Wiley and Sons Inc;1993-2026;"Orthopedics and Sports Medicine (Q1); Sports Science (Q1); Surgery (Q1)";"Health Professions; Medicine"
9;19700201513;Journal of NeuroInterventional Surgery;journal;17598486, 17598478;BMJ Publishing Group;No;No;1,847;Q1;100;505;941;12457;4297;804;4,59;24,67;27,66;0;United Kingdom;Western Europe;BMJ Publishing Group;2009-2026;"Medicine (miscellaneous) (Q1); Neurology (clinical) (Q1); Surgery (Q1)";Medicine
10;21731;Journal of Thoracic and Cardiovascular Surgery;journal;00225223, 1097685X;Elsevier Inc.;No;No;1,817;Q1;234;643;2882;12264;5201;980;2,13;19,07;28,86;0;United States;Northern America;Elsevier Inc.;1959-2026;"Cardiology and Cardiovascular Medicine (Q1); Pulmonary and Respiratory Medicine (Q1); Surgery (Q1)";Medicine
11;21100907002;Neurospine;journal;25866583, 25866591;Korean Spinal Neurosurgery Society;Yes;No;1,771;Q1;45;112;429;3393;1902;337;4,35;30,29;23,35;0;South Korea;Asiatic Region;Korean Spinal Neurosurgery Society;2018-2026;"Neurology (clinical) (Q1); Surgery (Q1)";Medicine
12;13070;Spine Journal;journal;15299430, 18781632;Elsevier Inc.;No;No;1,77;Q1;151;343;735;12464;3656;636;4,51;36,34;20,26;0;United States;Northern America;Elsevier Inc.;2001-2026;"Neurology (clinical) (Q1); Orthopedics and Sports Medicine (Q1); Surgery (Q1)";Medicine
13;23198;European Journal of Vascular and Endovascular Surgery;journal;15322165, 10785884;W.B. Saunders Ltd;No;No;1,75;Q1;150;586;1166;8814;3413;641;3,14;15,04;27,6;2;United Kingdom;Western Europe;W.B. Saunders Ltd;1995-2026;"Cardiology and Cardiovascular Medicine (Q1); Surgery (Q1)";Medicine
14;5700191211;World Journal of Emergency Surgery;journal;17497922;BioMed Central Ltd;Yes;No;1,744;Q1;78;88;154;3746;1121;152;7,48;42,57;30,29;0;United Kingdom;Western Europe;BioMed Central Ltd;2006-2026;"Emergency Medicine (Q1); Surgery (Q1)";Medicine
15;21732;Journal of Vascular Surgery;journal;10976809, 07415214;Elsevier Inc.;No;No;1,728;Q1;234;548;1490;13544;4869;1177;3,07;24,72;31,92;4;United States;Northern America;Elsevier Inc.;1984-2026;"Cardiology and Cardiovascular Medicine (Q1); Surgery (Q1)";Medicine
16;21101021926;Knee Surgery and Related Research;journal;22340726, 22342451;BioMed Central Ltd;Yes;Yes;1,682;Q1;46;48;120;1851;629;120;5,16;38,56;17,42;0;United Kingdom;Western Europe;BioMed Central Ltd;2012-2026;"Orthopedics and Sports Medicine (Q1); Surgery (Q1)";Medicine
17;21723;Journal of Shoulder and Elbow Surgery;journal;15326500, 10582746;Elsevier Inc.;No;No;1,675;Q1;187;512;1211;16632;4920;1158;3,78;32,48;20,87;0;United States;Northern America;Elsevier Inc.;1992-2026;"Medicine (miscellaneous) (Q1); Orthopedics and Sports Medicine (Q1); Sports Science (Q1); Surgery (Q1)";"Health Professions; Medicine"
18;21100984155;JBJS Open Access;journal;24727245;Lippincott Williams and Wilkins;Yes;No;1,673;Q1;36;166;252;5355;1291;247;5,46;32,26;24;0;United States;Northern America;Lippincott Williams and Wilkins;2016-2026;"Orthopedics and Sports Medicine (Q1); Surgery (Q1)";Medicine
19;21101179109;Journal of Liver Cancer;journal;22888128, 23835001;;Yes;Yes;1,672;Q1;15;27;94;1366;377;78;4,7;50,59;44,44;0;South Korea;Asiatic Region;;2019-2025;"Hepatology (Q1); Oncology (Q1); Pathology and Forensic Medicine (Q1); Surgery (Q1)";Medicine
20;21100241208;Bone and Joint Journal;journal;20494408, 20494394;British Editorial Society of Bone and Joint Surgery;No;No;1,66;Q1;224;208;624;7757;2929;567;4,22;37,29;20;0;United Kingdom;Western Europe;British Editorial Society of Bone and Joint Surgery;2013-2026;"Medicine (miscellaneous) (Q1); Orthopedics and Sports Medicine (Q1); Sports Science (Q1); Surgery (Q1)";"Health Professions; Medicine"
21;27085;American Journal of Surgical Pathology;journal;15320979, 01475185;Wolters Kluwer Health;No;No;1,632;Q1;254;144;541;4944;2400;499;4,33;34,33;45,25;0;United Kingdom;Western Europe;Wolters Kluwer Health;1977-2026;"Anatomy (Q1); Pathology and Forensic Medicine (Q1); Surgery (Q1)";Medicine
22;21100872126;EFORT Open Reviews;journal;20585241, 23967544;British Editorial Society of Bone and Joint Surgery;Yes;No;1,63;Q1;66;89;280;4924;1513;276;5,08;55,33;21,36;0;United Kingdom;Western Europe;British Editorial Society of Bone and Joint Surgery;2016-2025;"Orthopedics and Sports Medicine (Q1); Surgery (Q1)";Medicine
23;21100228518;JAMA Otolaryngology - Head and Neck Surgery;journal;2168619X, 21686181;American Medical Association;Yes;No;1,555;Q1;161;252;686;5318;2296;419;3,38;21,1;41,99;0;United States;Northern America;American Medical Association;2013-2026;"Medicine (miscellaneous) (Q1); Otorhinolaryngology (Q1); Surgery (Q1)";Medicine
24;21101060205;Arthroplasty;journal;25247948;Springer Nature;Yes;No;1,546;Q1;23;66;179;2381;959;176;5,21;36,08;20,77;0;United Kingdom;Western Europe;Springer Nature;2019-2026;"Orthopedics and Sports Medicine (Q1); Surgery (Q1)";Medicine
25;20996;British Journal of Surgery;journal;00071323, 13652168;Oxford University Press;No;No;1,538;Q1;244;278;1205;6556;3447;743;2,94;23,58;37,89;1;United Kingdom;Western Europe;Oxford University Press;1913-2026;Surgery (Q1);Medicine
26;37369;Journal of Neurosurgery: Spine;journal;15475646, 15475654;American Association of Neurological Surgeons;No;No;1,511;Q1;135;199;645;5753;2454;572;3,75;28,91;19,82;0;United States;Northern America;American Association of Neurological Surgeons;2003-2026;"Medicine (miscellaneous) (Q1); Neurology (Q1); Neurology (clinical) (Q1); Surgery (Q1)";"Medicine; Neuroscience"
27;12259;Journal of Orthopaedics and Traumatology;journal;15909921, 15909999;Springer Science and Business Media Deutschland GmbH;Yes;No;1,481;Q1;59;78;191;2858;926;188;4,48;36,64;28,93;0;Germany;Western Europe;Springer Science and Business Media Deutschland GmbH;2002-2026;"Medicine (miscellaneous) (Q1); Orthopedics and Sports Medicine (Q1); Surgery (Q1)";Medicine
28;21100206251;Journal of Trauma and Acute Care Surgery;journal;21630755, 21630763;Lippincott Williams and Wilkins;No;No;1,453;Q1;225;376;1017;12496;3425;889;3,4;33,23;39,51;0;United States;Northern America;Lippincott Williams and Wilkins;2012-2026;"Critical Care and Intensive Care Medicine (Q1); Surgery (Q1)";Medicine
29;12198;Journal of Bone and Joint Surgery;journal;15351386, 00219355;Lippincott Williams and Wilkins;Yes;No;1,422;Q1;324;525;1245;14707;4002;899;3,18;28,01;25,45;0;United States;Northern America;Lippincott Williams and Wilkins;1946-2026;"Medicine (miscellaneous) (Q1); Orthopedics and Sports Medicine (Q1); Sports Science (Q1); Surgery (Q1)";"Health Professions; Medicine"
30;21101081603;Neuro-Oncology Advances;journal;26322498;Oxford University Press;Yes;No;1,421;Q1;42;227;551;10793;2238;538;4,02;47,55;40,08;0;United Kingdom;Western Europe;Oxford University Press;2019-2026;"Neurology (clinical) (Q1); Oncology (Q1); Surgery (Q1)";Medicine
31;14478;Journal of Cataract and Refractive Surgery;journal;18734502, 08863350;Lippincott Williams and Wilkins;No;No;1,415;Q1;176;258;809;5004;2353;594;2,94;19,4;33,78;0;United States;Northern America;Lippincott Williams and Wilkins;1986-2026;"Ophthalmology (Q1); Sensory Systems (Q1); Surgery (Q1)";"Medicine; Neuroscience"
32;20489;Annals of Thoracic Surgery;journal;15526259, 00034975;Elsevier Inc.;No;No;1,412;Q1;236;538;2393;8938;5194;1366;2,53;16,61;28,81;0;United States;Northern America;Elsevier Inc.;1965-2026;"Cardiology and Cardiovascular Medicine (Q1); Pulmonary and Respiratory Medicine (Q1); Surgery (Q1)";Medicine
33;21101144895;European Heart Journal Open;journal;27524191;Oxford University Press;Yes;No;1,41;Q1;24;163;320;5552;1188;271;3,38;34,06;28,81;0;United Kingdom;Western Europe;Oxford University Press;2021-2026;"Cardiology and Cardiovascular Medicine (Q1); Surgery (Q1)";Medicine
34;16767;Journal of Neurosurgery;journal;19330693, 00223085;American Association of Neurological Surgeons;No;No;1,403;Q1;253;410;1342;12437;4766;1156;3,37;30,33;25;0;United States;Northern America;American Association of Neurological Surgeons;1945-2026;"Neurology (clinical) (Q1); Surgery (Q1)";Medicine
35;20417;Aesthetic Surgery Journal;journal;1090820X, 1527330X;Oxford University Press;No;No;1,402;Q1;93;227;1052;6831;2646;650;2,72;30,09;37,32;1;United Kingdom;Western Europe;Oxford University Press;1995-2026;"Medicine (miscellaneous) (Q1); Surgery (Q1)";Medicine
36;21100422918;Bone and Joint Research;journal;20463758;British Editorial Society of Bone and Joint Surgery;Yes;No;1,392;Q1;61;115;247;5017;1315;230;4,84;43,63;30,21;0;United Kingdom;Western Europe;British Editorial Society of Bone and Joint Surgery;2012-2026;"Orthopedics and Sports Medicine (Q1); Surgery (Q1)";Medicine
37;19600157309;Journal of Hepato-Biliary-Pancreatic Sciences;journal;18686982, 18686974;Wiley-Blackwell;No;No;1,373;Q1;113;134;470;2670;1407;393;2,7;19,93;15,39;0;United States;Northern America;Wiley-Blackwell;2010-2026;"Hepatology (Q1); Surgery (Q1)";Medicine
38;21100977383;Annals of Gastroenterological Surgery;journal;24750328;Wiley-Blackwell Publishing Ltd;Yes;No;1,356;Q1;43;169;325;4868;1226;300;3,73;28,8;10,92;0;United Kingdom;Western Europe;Wiley-Blackwell Publishing Ltd;2017-2026;"Gastroenterology (Q1); Surgery (Q1)";Medicine
39;22170;Plastic and Reconstructive Surgery;journal;15294242, 00321052;Lippincott Williams and Wilkins;Yes;No;1,328;Q1;229;703;2182;17791;5857;1621;2,78;25,31;37,86;0;United States;Northern America;Lippincott Williams and Wilkins;1946-2026;Surgery (Q1);Medicine
40;21100942216;BJS Open;journal;24749842;Oxford University Press;Yes;No;1,326;Q1;45;180;483;7344;1704;409;3,57;40,8;34,57;2;United States;Northern America;Oxford University Press;2017-2026;"Medicine (miscellaneous) (Q1); Surgery (Q1)";Medicine
41;21100345623;Global Spine Journal;journal;21925682, 21925690;SAGE Publications Inc.;Yes;No;1,306;Q1;69;553;873;17784;3474;782;3,67;32,16;19,1;0;United States;Northern America;SAGE Publications Inc.;2014-2026;"Neurology (clinical) (Q1); Orthopedics and Sports Medicine (Q1); Surgery (Q1)";Medicine
42;30824;Foot and Ankle International;journal;19447876, 10711007;SAGE Publications Inc.;No;No;1,288;Q1;138;191;534;5025;1484;474;2,49;26,31;24,1;0;United States;Northern America;SAGE Publications Inc.;1980-2026;"Orthopedics and Sports Medicine (Q1); Surgery (Q1)";Medicine
43;21101085507;Bone and Joint Open;journal;26331462;British Editorial Society of Bone and Joint Surgery;Yes;No;1,273;Q1;33;180;380;6414;1336;375;3,27;35,63;28,6;0;United Kingdom;Western Europe;British Editorial Society of Bone and Joint Surgery;2020-2026;"Orthopedics and Sports Medicine (Q1); Surgery (Q1)";Medicine
44;17500155019;Orthopaedics and Traumatology: Surgery and Research;journal;18770568;Elsevier Masson s.r.l.;No;No;1,266;Q1;91;295;767;9406;2399;700;3;31,88;20,34;0;France;Western Europe;Elsevier Masson s.r.l.;2009-2026;"Medicine (miscellaneous) (Q1); Orthopedics and Sports Medicine (Q1); Surgery (Q1)";Medicine
45;21100921027;Journal of ISAKOS;journal;20597762, 20597754;Elsevier Inc.;Yes;No;1,245;Q1;26;125;322;4326;1176;295;3,67;34,61;19,35;0;United Kingdom;Western Europe;Elsevier Inc.;2019-2026;"Orthopedics and Sports Medicine (Q1); Surgery (Q1)";Medicine
46;21100200208;Asian Spine Journal;journal;19767846, 19761902;Korean Society of Spine Surgery;Yes;Yes;1,241;Q1;57;134;349;3176;1132;326;2,86;23,7;18,3;0;South Korea;Asiatic Region;Korean Society of Spine Surgery;2008, 2011-2025;"Orthopedics and Sports Medicine (Q1); Surgery (Q1)";Medicine
47;25323;Liver Transplantation;journal;15276465, 15276473;Lippincott Williams and Wilkins;No;No;1,231;Q1;177;298;718;6983;1726;457;2,36;23,43;38,35;0;United States;Northern America;Lippincott Williams and Wilkins;2000-2026;"Hepatology (Q1); Surgery (Q1); Transplantation (Q1)";Medicine
48;144804;Acta Orthopaedica;journal;17453682, 17453674;Medical Journals Sweden AB;Yes;No;1,228;Q1;142;130;337;3713;1007;310;3,2;28,56;31,93;0;United Kingdom;Western Europe;Medical Journals Sweden AB;1930, 1932-1945, 1948-1959, 1961-2002, 2004-2026;"Medicine (miscellaneous) (Q1); Orthopedics and Sports Medicine (Q1); Surgery (Q1)";Medicine
49;18069;Neurosurgery;journal;15244040, 0148396X;Lippincott Williams and Wilkins;Yes;No;1,191;Q1;236;633;1308;16554;3282;847;2,67;26,15;24,79;0;United States;Northern America;Lippincott Williams and Wilkins;1977-2026;"Neurology (clinical) (Q1); Surgery (Q1)";Medicine
50;29603;Clinical Orthopaedics and Related Research;journal;15281132, 0009921X;;No;No;1,183;Q1;254;489;1250;8683;2401;620;1,87;17,76;26,06;0;United States;Northern America;;1963-2026;"Medicine (miscellaneous) (Q1); Orthopedics and Sports Medicine (Q1); Surgery (Q1); Sports Science (Q2)";"Health Professions; Medicine"
51;15206;Journal of the American Academy of Orthopaedic Surgeons;journal;19405480, 1067151X;Lippincott Williams and Wilkins;No;No;1,174;Q1;153;419;907;13504;3189;856;3,03;32,23;23,27;0;United States;Northern America;Lippincott Williams and Wilkins;1994, 1996-2026;"Medicine (miscellaneous) (Q1); Orthopedics and Sports Medicine (Q1); Surgery (Q1)";Medicine
52;21721;Journal of Refractive Surgery;journal;19382391, 1081597X;Slack Incorporated;No;No;1,15;Q1;117;173;372;4485;1144;315;2,58;25,92;39,35;0;United States;Northern America;Slack Incorporated;1995-2026;"Ophthalmology (Q1); Surgery (Q1)";Medicine
53;21129;European Spine Journal;journal;09406719, 14320932;Springer Science and Business Media Deutschland GmbH;No;No;1,137;Q1;182;1023;1428;25655;4853;1298;3,22;25,08;24,06;1;Germany;Western Europe;Springer Science and Business Media Deutschland GmbH;1992-2026;"Orthopedics and Sports Medicine (Q1); Surgery (Q1)";Medicine
54;4100151501;Surgery for Obesity and Related Diseases;journal;15507289, 18787533;Elsevier Inc.;No;No;1,136;Q1;119;236;704;5967;1648;453;2,06;25,28;40,41;2;United States;Northern America;Elsevier Inc.;2005-2026;Surgery (Q1);Medicine
55;21101306754;Journal of Endometriosis and Uterine Disorders;journal;29498384;Elsevier Masson s.r.l.;No;No;1,12;Q1;7;24;26;853;115;22;4,42;35,54;57,14;0;France;Western Europe;Elsevier Masson s.r.l.;2024-2026;"Obstetrics and Gynecology (Q1); Surgery (Q1); Genetics (Q2)";"Biochemistry, Genetics and Molecular Biology; Medicine"
56;20440;Journal of the American College of Surgeons;journal;18791190, 10727515;Lippincott Williams and Wilkins;No;No;1,09;Q1;218;312;1039;1798;2121;666;1,9;5,76;39,5;0;United States;Northern America;Lippincott Williams and Wilkins;1994-2026;Surgery (Q1);Medicine
57;21100817408;Annals of Cardiothoracic Surgery;journal;23041021, 2225319X;AME Publishing Company;No;No;1,084;Q1;54;74;263;1524;793;219;2,89;20,59;22,56;0;Hong Kong;Asiatic Region;AME Publishing Company;2016-2026;"Cardiology and Cardiovascular Medicine (Q1); Surgery (Q1)";Medicine
58;21680;Journal of Hand Surgery;journal;03635023, 15316564;W.B. Saunders;No;No;1,066;Q1;146;374;791;9252;1732;695;2,08;24,74;24,85;1;United States;Northern America;W.B. Saunders;1976-2026;"Orthopedics and Sports Medicine (Q1); Surgery (Q1)";Medicine
59;22130;Obesity Surgery;journal;09608923, 17080428;Springer;No;No;1,058;Q1;169;752;1789;19698;4425;1387;2,55;26,19;36,88;0;United States;Northern America;Springer;1991-2026;"Nutrition and Dietetics (Q1); Surgery (Q1); Endocrinology, Diabetes and Metabolism (Q2)";"Medicine; Nursing"
60;29767;European Journal of Surgical Oncology;journal;15322157, 07487983;W.B. Saunders Ltd;No;No;1,057;Q1;129;715;1299;22656;3852;1093;2,84;31,69;36,77;3;United Kingdom;Western Europe;W.B. Saunders Ltd;1985-2026;"Medicine (miscellaneous) (Q1); Surgery (Q1); Oncology (Q2)";Medicine
61;14311;Otolaryngology - Head and Neck Surgery;journal;10976817, 01945998;John Wiley and Sons Inc;No;No;1,056;Q1;156;447;1190;15080;3478;1100;2,92;33,74;41,83;2;United States;Northern America;John Wiley and Sons Inc;1978-2026;"Otorhinolaryngology (Q1); Surgery (Q1)";Medicine
62;22305;Surgery (United States);journal;15327361, 00396060;Elsevier Inc.;No;No;1,044;Q1;193;848;1919;17439;4323;1394;2,23;20,56;35,44;0;United States;Northern America;Elsevier Inc.;1937-2026;Surgery (Q1);Medicine
63;21101068012;North American Spine Society Journal;journal;26665484;Elsevier Inc.;Yes;No;1,04;Q1;19;110;261;4632;804;235;3,22;42,11;22,09;0;United States;Northern America;Elsevier Inc.;2020-2026;"Orthopedics and Sports Medicine (Q1); Surgery (Q1); Neurology (clinical) (Q2)";Medicine
64;17900156738;Clinical and Experimental Otorhinolaryngology;journal;19768710, 20050720;Korean Society of Otolaryngology;Yes;No;1,039;Q1;45;39;129;1842;435;117;3,24;47,23;31,67;0;South Korea;Asiatic Region;Korean Society of Otolaryngology;2009-2025;"Otorhinolaryngology (Q1); Surgery (Q1)";Medicine
65;5700191212;Journal of Orthopaedic Surgery and Research;journal;1749799X;BioMed Central Ltd;Yes;No;1,029;Q1;84;1081;2395;44766;9531;2331;3,79;41,41;27,96;1;United Kingdom;Western Europe;BioMed Central Ltd;2006-2026;"Orthopedics and Sports Medicine (Q1); Surgery (Q1)";Medicine
66;19196;Surgical Endoscopy;journal;14322218, 09302794;Springer;No;No;1,025;Q1;185;893;2949;26574;9368;2931;3,16;29,76;29,47;4;United States;Northern America;Springer;1987-2026;Surgery (Q1);Medicine
67;39465;Annals of Surgical Oncology;journal;10689265, 15344681;Springer Science and Business Media Deutschland GmbH;No;No;1,016;Q1;217;1806;4065;34181;8475;2804;2,06;18,93;36,22;2;Germany;Western Europe;Springer Science and Business Media Deutschland GmbH;1900, 1994-2026;"Surgery (Q1); Oncology (Q2)";Medicine
68;58112;Transplantation Reviews;journal;15579816, 0955470X;Elsevier Inc.;No;No;1,014;Q1;59;48;112;3466;399;111;3,38;72,21;36,12;0;United States;Northern America;Elsevier Inc.;1987-2026;"Surgery (Q1); Transplantation (Q1)";Medicine
69;35722;Journal of Reconstructive Microsurgery;journal;0743684X, 10988947;Thieme Medical Publishers, Inc.;No;No;1,013;Q1;69;119;325;3945;759;313;2,29;33,15;36,24;0;United States;Northern America;Thieme Medical Publishers, Inc.;1984-2026;Surgery (Q1);Medicine
70;21593;Hernia;journal;12654906, 12489204;Springer-Verlag Italia s.r.l.;No;No;0,998;Q1;94;291;718;8297;1739;553;2,34;28,51;30,34;2;Italy;Western Europe;Springer-Verlag Italia s.r.l.;1997-2026;Surgery (Q1);Medicine
71;21100779066;JBJS Reviews;journal;23299185;Journal of Bone and Joint Surgery Inc.;No;No;0,994;Q1;52;92;294;4870;944;291;3,13;52,93;20,39;0;United States;Northern America;Journal of Bone and Joint Surgery Inc.;2014-2026;"Orthopedics and Sports Medicine (Q1); Surgery (Q1)";Medicine
72;29817;International Orthopaedics;journal;14325195, 03412695;;No;No;0,987;Q1;121;327;1108;9035;2978;953;2,7;27,63;20,92;0;Germany;Western Europe;;1977-2026;"Orthopedics and Sports Medicine (Q1); Surgery (Q1)";Medicine
73;500147003;International Wound Journal;journal;1742481X, 17424801;John Wiley and Sons Inc;Yes;No;0,965;Q1;99;299;831;7969;3433;756;3,9;26,65;49,19;0;United Kingdom;Western Europe;John Wiley and Sons Inc;2004-2026;"Dermatology (Q1); Surgery (Q1)";Medicine
74;145175;Neurosurgical Focus;journal;10920684;American Association of Neurological Surgeons;Yes;No;0,957;Q1;135;184;501;5504;1636;466;3,09;29,91;23,04;0;United States;Northern America;American Association of Neurological Surgeons;1996-2026;"Medicine (miscellaneous) (Q1); Surgery (Q1); Neurology (clinical) (Q2)";Medicine
75;15221;Archives of Orthopaedic and Trauma Surgery;journal;14343916, 09368051;Springer Science and Business Media Deutschland GmbH;No;No;0,952;Q1;104;506;1763;17728;4931;1755;2,78;35,04;19,34;0;Germany;Western Europe;Springer Science and Business Media Deutschland GmbH;1989-2026;"Medicine (miscellaneous) (Q1); Orthopedics and Sports Medicine (Q1); Surgery (Q1)";Medicine
76;29897;International Journal of Clinical Oncology;journal;13419625, 14377772;Springer;No;No;0,945;Q1;83;268;587;10002;1778;580;2,99;37,32;19,04;0;Japan;Asiatic Region;Springer;1996-2026;"Medicine (miscellaneous) (Q1); Surgery (Q1); Hematology (Q2); Oncology (Q2)";Medicine
77;6400153172;Journal of Robotic Surgery;journal;18632483, 18632491;Springer Nature;No;No;0,94;Q1;48;730;916;18418;3575;872;4,05;25,23;29,67;5;United Kingdom;Western Europe;Springer Nature;2007-2026;"Surgery (Q1); Health Informatics (Q2)";Medicine
78;23185;European Journal of Cardio-thoracic Surgery;journal;1873734X, 10107940;European Association for Cardio-Thoracic Surgery;No;No;0,928;Q1;163;461;1685;11526;3225;1099;1,97;25;28,07;1;United Kingdom;Western Europe;European Association for Cardio-Thoracic Surgery;1987-2026;"Medicine (miscellaneous) (Q1); Pulmonary and Respiratory Medicine (Q1); Surgery (Q1); Cardiology and Cardiovascular Medicine (Q2)";Medicine
79;12257;Journal of Orthopaedic Trauma;journal;08905339, 15312291;Wolters Kluwer Health;No;No;0,923;Q1;159;162;677;3185;1368;643;2,03;19,66;24,53;0;United States;Northern America;Wolters Kluwer Health;1987-2026;"Medicine (miscellaneous) (Q1); Orthopedics and Sports Medicine (Q1); Surgery (Q1); Sports Science (Q2)";"Health Professions; Medicine"
80;22097;Neurosurgical Review;journal;03445607, 14372320;Springer Science and Business Media Deutschland GmbH;No;No;0,911;Q1;83;629;1428;23941;3450;1047;1,99;38,06;26,06;1;Germany;Western Europe;Springer Science and Business Media Deutschland GmbH;1978-2026;"Medicine (miscellaneous) (Q1); Surgery (Q1); Neurology (clinical) (Q2)";Medicine
81;20416;Aesthetic Plastic Surgery;journal;0364216X, 14325241;Springer New York;No;No;0,907;Q1;89;1183;1726;26232;3524;1107;2,24;22,17;39,09;2;United States;Northern America;Springer New York;1976, 1978-2026;Surgery (Q1);Medicine
82;19700182810;Patient Safety in Surgery;journal;17549493;BioMed Central Ltd;Yes;No;0,891;Q1;39;44;109;1712;373;102;3,35;38,91;33,17;0;United Kingdom;Western Europe;BioMed Central Ltd;2010-2026;"Anesthesiology and Pain Medicine (Q1); Orthopedics and Sports Medicine (Q1); Surgery (Q1)";Medicine
83;21101270278;Translational Breast Cancer Research;journal;22186778;AME Publishing Company;No;No;0,891;Q1;10;41;107;2152;262;81;3,01;52,49;51,52;0;Hong Kong;Asiatic Region;AME Publishing Company;2020-2026;"Surgery (Q1); Oncology (Q2)";Medicine
84;17525;Neurologia Medico-Chirurgica;journal;13498029, 04708105;Japan Neurosurgical Society;Yes;No;0,869;Q1;68;80;205;2040;533;203;1,84;25,5;10,59;0;Japan;Asiatic Region;Japan Neurosurgical Society;1959-1968, 1971-2026;"Surgery (Q1); Neurology (clinical) (Q2)";Medicine
85;19700175784;CiOS Clinics in Orthopedic Surgery;journal;20054408, 2005291X;Korean Orthopaedic Association;Yes;Yes;0,868;Q1;57;122;324;3469;876;318;2,62;28,43;18,63;0;South Korea;Asiatic Region;Korean Orthopaedic Association;2009-2026;"Orthopedics and Sports Medicine (Q1); Surgery (Q1)";Medicine
86;24856;Journal of Cutaneous Medicine and Surgery;journal;16157109, 12034754;SAGE Publications Inc.;No;No;0,867;Q1;63;309;588;3995;711;200;1,17;12,93;54,72;0;United States;Northern America;SAGE Publications Inc.;1996-2026;"Dermatology (Q1); Surgery (Q1)";Medicine
87;13150;Wound Repair and Regeneration;journal;10671927, 1524475X;Wiley-Blackwell Publishing Ltd;No;No;0,859;Q1;143;136;223;6623;905;220;4,15;48,7;46,1;0;United Kingdom;Western Europe;Wiley-Blackwell Publishing Ltd;1993-2026;"Dermatology (Q1); Surgery (Q1)";Medicine
88;21134;Facial Plastic Surgery Clinics of North America;journal;10647406, 15581926;W.B. Saunders;No;No;0,851;Q1;52;68;196;2340;413;157;1,93;34,41;34,97;0;United States;Northern America;W.B. Saunders;1995, 2001-2026;Surgery (Q1);Medicine
89;21100445819;Arthroplasty Today;journal;23523441;Elsevier Inc.;Yes;No;0,846;Q1;38;268;739;7342;1713;699;2,17;27,4;19,91;0;United States;Northern America;Elsevier Inc.;2015-2026;"Surgery (Q1); Orthopedics and Sports Medicine (Q2)";Medicine
90;22284;Seminars in Thoracic and Cardiovascular Surgery;journal;15329488, 10430679;W.B. Saunders;No;No;0,842;Q1;69;112;506;3389;648;235;1,26;30,26;23,72;0;United States;Northern America;W.B. Saunders;1989-2026;"Surgery (Q1); Cardiology and Cardiovascular Medicine (Q2); Medicine (miscellaneous) (Q2); Pulmonary and Respiratory Medicine (Q2)";Medicine
91;21100854825;Current Trauma Reports;journal;21986096;Springer Science and Business Media Deutschland GmbH;No;No;0,837;Q1;20;24;53;1283;179;53;2,76;53,46;42,35;0;Switzerland;Western Europe;Springer Science and Business Media Deutschland GmbH;2015-2026;"Rehabilitation (Q1); Surgery (Q1); Orthopedics and Sports Medicine (Q2)";Medicine
92;13152;Surgical Oncology Clinics of North America;journal;10553207, 15585042;W.B. Saunders;No;No;0,832;Q1;72;61;183;2987;418;147;1,67;48,97;62,5;0;United States;Northern America;W.B. Saunders;1994-2026;"Surgery (Q1); Oncology (Q2)";Medicine
93;21101047053;JSES International;journal;26666383;Elsevier B.V.;Yes;No;0,831;Q1;35;314;556;10257;1325;546;2,17;32,67;18,69;0;Netherlands;Western Europe;Elsevier B.V.;2020-2026;"Surgery (Q1); Orthopedics and Sports Medicine (Q2)";Medicine
94;6700153283;Journal of Hand Surgery: European Volume;journal;20436289, 17531934;SAGE Publications Ltd;No;No;0,825;Q1;97;282;672;5060;1082;458;1,73;17,94;29,17;2;United Kingdom;Western Europe;SAGE Publications Ltd;1996-1999, 2007-2026;Surgery (Q1);Medicine
95;19195;Surgical Clinics of North America;journal;00396109, 15583171;W.B. Saunders;No;No;0,823;Q1;110;94;308;4049;914;255;2,32;43,07;45,66;0;United States;Northern America;W.B. Saunders;1945-2026;Surgery (Q1);Medicine
96;22848;Orthodontics and Craniofacial Research;journal;16016335, 16016343;Wiley-Blackwell Publishing Ltd;No;No;0,819;Q1;75;150;316;5729;957;314;2,96;38,19;45,48;0;United Kingdom;Western Europe;Wiley-Blackwell Publishing Ltd;2000-2026;"Oral Surgery (Q1); Orthodontics (Q1); Otorhinolaryngology (Q1); Surgery (Q1)";"Dentistry; Medicine"
97;21101027511;Facial Plastic Surgery and Aesthetic Medicine;journal;26893622, 26893614;Mary Ann Liebert Inc.;No;No;0,818;Q1;82;204;424;3102;725;345;1,69;15,21;37,54;0;United States;Northern America;Mary Ann Liebert Inc.;2020-2026;Surgery (Q1);Medicine
98;21679;Journal of Gastrointestinal Surgery;journal;1091255X, 18734626;Society for Surgery of the Alimentary Tract;No;No;0,814;Q1;155;370;1160;7821;2438;984;2;21,14;30,73;0;United States;Northern America;Society for Surgery of the Alimentary Tract;1997-2026;"Surgery (Q1); Gastroenterology (Q2)";Medicine
99;21712;Journal of Pediatric Surgery;journal;00223468, 15315037;W.B. Saunders;No;No;0,812;Q1;155;634;1402;15200;3032;1161;2,06;23,97;45,64;1;United States;Northern America;W.B. Saunders;1966-2026;"Pediatrics, Perinatology and Child Health (Q1); Surgery (Q1); Medicine (miscellaneous) (Q2)";Medicine
100;20442;American Journal of Surgery;journal;00029610, 18791883;Elsevier Inc.;No;No;0,811;Q1;177;518;1474;12821;2822;1029;1,78;24,75;44,92;0;United States;Northern America;Elsevier Inc.;1917, 1919, 1926-2026;"Surgery (Q1); Medicine (miscellaneous) (Q2)";Medicine
101;21100241646;Journal of Vascular Surgery: Venous and Lymphatic Disorders;journal;2213333X, 22133348;Elsevier Inc.;Yes;No;0,811;Q1;59;129;559;2901;1241;474;1,98;22,49;34,8;0;United States;Northern America;Elsevier Inc.;2013-2026;"Surgery (Q1); Cardiology and Cardiovascular Medicine (Q2)";Medicine
102;22285;Seminars in Vascular Surgery;journal;15584518, 08957967;W.B. Saunders;No;No;0,8;Q1;61;54;170;2252;481;158;2,59;41,7;41,67;0;United States;Northern America;W.B. Saunders;1990-2026;"Surgery (Q1); Cardiology and Cardiovascular Medicine (Q2)";Medicine
103;21100220426;International Journal of Spine Surgery;journal;22114599;ISASS;No;No;0,799;Q1;46;118;407;3401;886;379;1,94;28,82;17,9;0;United States;Northern America;ISASS;2008, 2012-2026;"Surgery (Q1); Orthopedics and Sports Medicine (Q2)";Medicine
104;21101079131;JTCVS Open;journal;26662736;Elsevier B.V.;Yes;No;0,797;Q1;19;294;791;6330;1214;505;1,67;21,53;29,63;0;Netherlands;Western Europe;Elsevier B.V.;2020-2026;"Surgery (Q1); Cardiology and Cardiovascular Medicine (Q2); Pulmonary and Respiratory Medicine (Q2)";Medicine
105;13149;Surgical Oncology;journal;09607404, 18793320;Elsevier Ltd;No;No;0,797;Q1;83;99;351;3184;921;340;1,98;32,16;29,81;0;United Kingdom;Western Europe;Elsevier Ltd;1992-2026;"Surgery (Q1); Oncology (Q2)";Medicine
106;21101016921;Joint Diseases and Related Surgery;journal;26874792;Turkish Joint Diseases Foundation;No;No;0,795;Q1;25;91;285;2589;674;278;2,8;28,45;18,02;0;Turkey;Middle East;Turkish Joint Diseases Foundation;2020-2026;"Rehabilitation (Q1); Surgery (Q1); Orthopedics and Sports Medicine (Q2)";Medicine
107;19301;World Journal of Surgery;journal;03642313, 14322323;John Wiley and Sons Inc;No;No;0,794;Q1;184;441;1222;11897;2542;935;1,99;26,98;33,13;1;United States;Northern America;John Wiley and Sons Inc;1977-2026;Surgery (Q1);Medicine
108;11200153402;Journal of Neurosurgery: Pediatrics;journal;19330707, 19330715;American Association of Neurological Surgeons;No;No;0,791;Q1;97;185;516;5238;1114;458;2,01;28,31;37,63;0;United States;Northern America;American Association of Neurological Surgeons;2008-2026;"Pediatrics, Perinatology and Child Health (Q1); Surgery (Q1); Medicine (miscellaneous) (Q2); Neurology (clinical) (Q2)";Medicine
109;21100199110;Orthopaedic Surgery;journal;17577853, 17577861;Sociedade Brasileira de Matematica Aplicada e Computacional;Yes;No;0,791;Q1;53;320;1077;12464;3242;1074;2,94;38,95;30,46;1;Brazil;Latin America;Sociedade Brasileira de Matematica Aplicada e Computacional;2009-2026;"Surgery (Q1); Orthopedics and Sports Medicine (Q2)";Medicine
110;25629;International Journal of Oral and Maxillofacial Surgery;journal;13990020, 09015027;Churchill Livingstone;No;No;0,79;Q1;123;178;559;5460;1579;517;2,63;30,67;31,12;0;United States;Northern America;Churchill Livingstone;1986-2026;"Oral Surgery (Q1); Otorhinolaryngology (Q1); Surgery (Q1)";"Dentistry; Medicine"
111;5300152611;European Journal of Trauma and Emergency Surgery;journal;18639933, 18639941;Springer International Publishing AG;No;No;0,788;Q1;58;366;1147;12479;3028;1108;2,5;34,1;27,31;0;Germany;Western Europe;Springer International Publishing AG;2006-2026;"Emergency Medicine (Q1); Surgery (Q1); Critical Care and Intensive Care Medicine (Q2); Orthopedics and Sports Medicine (Q2)";Medicine
112;4000148817;Journal of Plastic, Reconstructive and Aesthetic Surgery;journal;18780539, 17486815;Churchill Livingstone;No;No;0,788;Q1;123;632;1931;14418;3732;1521;1,88;22,81;37,79;2;United Kingdom;Western Europe;Churchill Livingstone;2006-2026;Surgery (Q1);Medicine
113;21776;Neurosurgery Clinics of North America;journal;15581349, 10423680;W.B. Saunders;No;No;0,788;Q1;83;62;193;3068;466;169;2,49;49,48;28,28;0;United States;Northern America;W.B. Saunders;1990-2026;"Surgery (Q1); Medicine (miscellaneous) (Q2); Neurology (clinical) (Q2)";Medicine
114;21100978847;SICOT-J;journal;24268887;EDP Sciences;Yes;No;0,786;Q1;33;63;137;1685;338;137;2,59;26,75;19,41;0;France;Western Europe;EDP Sciences;2015-2026;"Surgery (Q1); Orthopedics and Sports Medicine (Q2)";Medicine
115;21101256264;Neuroprotection;journal;27707296, 2770730X;John Wiley and Sons Inc;Yes;No;0,781;Q1;7;31;44;2849;147;38;3,34;91,9;43,14;0;China;Asiatic Region;John Wiley and Sons Inc;2023-2026;"Surgery (Q1); Neurology (Q2); Neuroscience (miscellaneous) (Q2)";"Medicine; Neuroscience"
116;21100873055;Cosmetics;journal;20799284;Multidisciplinary Digital Publishing Institute (MDPI);Yes;No;0,78;Q1;63;284;534;18610;2682;528;4,75;65,53;57,49;0;Switzerland;Western Europe;Multidisciplinary Digital Publishing Institute (MDPI);2014-2025;"Chemical Engineering (miscellaneous) (Q1); Dermatology (Q1); Surgery (Q1); Pharmaceutical Science (Q2); Aging (Q3)";"Biochemistry, Genetics and Molecular Biology; Chemical Engineering; Medicine; Pharmacology, Toxicology and Pharmaceutics"
117;25374;Techniques in Coloproctology;journal;1128045X, 11236337;Springer Science and Business Media Deutschland GmbH;No;No;0,777;Q1;72;191;502;5508;1119;379;2,21;28,84;28,95;0;Germany;Western Europe;Springer Science and Business Media Deutschland GmbH;1998-2026;"Surgery (Q1); Gastroenterology (Q2)";Medicine
118;29801;Injury;journal;00201383, 18790267;Elsevier Ltd;No;No;0,773;Q1;157;628;1999;19054;4821;1764;2,34;30,34;29,68;3;United Kingdom;Western Europe;Elsevier Ltd;1969-2026;"Emergency Medicine (Q1); Surgery (Q1); Orthopedics and Sports Medicine (Q2)";Medicine
119;21043;Clinics in Plastic Surgery;journal;00941298, 15580504;W.B. Saunders;No;No;0,763;Q1;84;71;184;2329;383;155;1,95;32,8;42,66;0;United States;Northern America;W.B. Saunders;1974-2026;Surgery (Q1);Medicine
120;12000154553;Journal of Otolaryngology - Head and Neck Surgery;journal;19160216, 19160208;SAGE Publications Inc.;Yes;No;0,761;Q1;64;96;191;268;456;186;2,34;2,79;41,21;0;United Kingdom;Western Europe;SAGE Publications Inc.;1996, 2008-2026;"Otorhinolaryngology (Q1); Surgery (Q1)";Medicine
121;13231;World Journal of Surgical Oncology;journal;14777819;BioMed Central Ltd;Yes;No;0,761;Q1;87;454;1134;17366;3238;1128;2,72;38,25;35,32;0;United Kingdom;Western Europe;BioMed Central Ltd;2003-2026;"Surgery (Q1); Oncology (Q2)";Medicine
122;21675;Journal of Endovascular Therapy;journal;15451550, 15266028;SAGE Publications Inc.;Yes;No;0,757;Q1;113;422;442;11376;942;431;1,92;26,96;21,88;4;United States;Northern America;SAGE Publications Inc.;2000-2026;"Surgery (Q1); Cardiology and Cardiovascular Medicine (Q2); Medicine (miscellaneous) (Q2); Radiology, Nuclear Medicine and Imaging (Q2)";Medicine
123;15300154825;Hand;journal;15589447, 15589455;SAGE Publications Inc.;No;No;0,756;Q1;54;274;622;6598;1204;608;1,85;24,08;28,31;0;United States;Northern America;SAGE Publications Inc.;1981, 2007-2026;"Surgery (Q1); Orthopedics and Sports Medicine (Q2)";Medicine
124;21101059750;Maxillofacial Plastic and Reconstructive Surgery;journal;22888101, 22888586;Springer;Yes;No;0,755;Q1;31;44;121;1493;443;119;3,79;33,93;29,17;0;Singapore;Asiatic Region;Springer;2015-2026;"Oral Surgery (Q1); Surgery (Q1)";"Dentistry; Medicine"
125;21100896304;World Neurosurgery: X;journal;25901397;Elsevier Inc.;Yes;No;0,746;Q1;21;133;242;3774;634;235;2,65;28,38;21,67;0;United States;Northern America;Elsevier Inc.;2019-2026;"Surgery (Q1); Neurology (clinical) (Q2)";Medicine
126;21911;Journal of Neurosurgical Anesthesiology;journal;15371921, 08984921;Lippincott Williams and Wilkins;No;No;0,743;Q1;75;99;238;2419;479;180;2,28;24,43;36;0;United States;Northern America;Lippincott Williams and Wilkins;1989-2026;"Surgery (Q1); Anesthesiology and Pain Medicine (Q2); Neurology (clinical) (Q2)";Medicine
127;21698;Journal of Knee Surgery;journal;19382480, 15388506;Georg Thieme Verlag;No;No;0,742;Q1;81;105;500;3354;1015;483;1,92;31,94;18,5;0;Germany;Western Europe;Georg Thieme Verlag;2002-2026;"Surgery (Q1); Orthopedics and Sports Medicine (Q2)";Medicine
128;21101248689;Journal of Abdominal Wall Surgery;journal;28132092;Frontiers Media SA;Yes;No;0,737;Q1;10;72;100;1992;273;82;2,72;27,67;31,99;0;Switzerland;Western Europe;Frontiers Media SA;2022-2026;Surgery (Q1);Medicine
129;29696;European Journal of Orthopaedic Surgery and Traumatology;journal;14321068, 16338065;;No;No;0,735;Q1;56;426;1129;12183;2293;1103;2,03;28,6;18,04;0;France;Western Europe;;1995-2026;"Surgery (Q1); Orthopedics and Sports Medicine (Q2)";Medicine
130;29574;Burns;journal;03054179, 18791409;Elsevier Ltd;No;No;0,725;Q1;129;353;853;11313;2047;659;2,32;32,05;41,29;1;United Kingdom;Western Europe;Elsevier Ltd;1974-2026;"Emergency Medicine (Q1); Surgery (Q1); Critical Care and Intensive Care Medicine (Q2); Medicine (miscellaneous) (Q2)";Medicine
131;26152;Journal of Oral and Maxillofacial Surgery;journal;15315053, 02782391;W.B. Saunders;No;No;0,723;Q1;153;217;732;4600;1475;592;1,55;21,2;28,75;0;United States;Northern America;W.B. Saunders;1982-2026;"Oral Surgery (Q1); Otorhinolaryngology (Q1); Surgery (Q1)";"Dentistry; Medicine"
132;5200152837;Journal of Surgical Education;journal;19317204, 18787452;Elsevier Inc.;No;No;0,718;Q1;84;301;715;8342;1673;706;2,22;27,71;48,65;0;United States;Northern America;Elsevier Inc.;2007-2026;"Education (Q1); Surgery (Q1)";"Medicine; Social Sciences"
133;21751;Langenbeck's Archives of Surgery;journal;14352451, 14352443;Springer Science and Business Media Deutschland GmbH;No;No;0,712;Q1;97;318;1233;9857;2727;1209;2,19;31;26,9;0;Germany;Western Europe;Springer Science and Business Media Deutschland GmbH;1996-2026;Surgery (Q1);Medicine
134;22283;Seminars in Pediatric Surgery;journal;10558586, 15329453;W.B. Saunders;No;No;0,708;Q1;93;52;199;1762;585;182;2,68;33,88;58,04;0;United States;Northern America;W.B. Saunders;1992-2026;"Surgery (Q1); Pediatrics, Perinatology and Child Health (Q2)";Medicine
135;13922;HIP International;journal;17246067, 11207000;Wichtig Publishing Srl;No;No;0,707;Q1;54;95;344;2766;675;342;1,92;29,12;19,51;1;Italy;Western Europe;Wichtig Publishing Srl;1997-2026;"Surgery (Q1); Orthopedics and Sports Medicine (Q2)";Medicine
136;21101013588;Journal of Spine Surgery;journal;2414469X, 24144630;AME Publishing Company;Yes;No;0,706;Q1;35;116;202;3676;491;172;2,14;31,69;18,52;0;Hong Kong;Asiatic Region;AME Publishing Company;2016-2026;"Surgery (Q1); Orthopedics and Sports Medicine (Q2)";Medicine
137;21101019709;Journal of the American Academy of Orthopaedic Surgeons Global Research and Reviews;journal;24747661;Wolters Kluwer Health;Yes;No;0,704;Q1;32;216;492;4677;1079;487;1,66;21,65;23,44;0;United States;Northern America;Wolters Kluwer Health;2017-2026;"Surgery (Q1); Medicine (miscellaneous) (Q2); Orthopedics and Sports Medicine (Q2)";Medicine
138;21100782390;Clinical Spine Surgery;journal;23800194, 23800186;Lippincott Williams and Wilkins;No;No;0,701;Q1;116;271;480;7998;940;477;2,03;29,51;19,09;0;United States;Northern America;Lippincott Williams and Wilkins;2016-2026;"Surgery (Q1); Neurology (clinical) (Q2); Orthopedics and Sports Medicine (Q2)";Medicine
139;21101304708;Holistic Integrative Oncology;journal;27314529;Springer;Yes;No;0,701;Q1;10;77;132;3924;274;109;1,82;50,96;40,56;0;Singapore;Asiatic Region;Springer;2022-2026;"Surgery (Q1); Genetics (Q3); Oncology (Q3)";"Biochemistry, Genetics and Molecular Biology; Medicine"
140;4700153005;Annals of Thoracic Medicine;journal;18171737, 19983557;Wolters Kluwer Medknow Publications;Yes;No;0,698;Q1;50;34;98;1256;251;93;2,38;36,94;36,57;1;India;Asiatic Region;Wolters Kluwer Medknow Publications;2006-2026;"Surgery (Q1); Cardiology and Cardiovascular Medicine (Q2); Pulmonary and Respiratory Medicine (Q2)";Medicine
141;21725;Journal of Surgical Oncology;journal;10969098, 00224790;Wiley-Liss Inc.;No;No;0,698;Q1;142;392;1081;11360;2092;945;1,89;28,98;36,36;2;United States;Northern America;Wiley-Liss Inc.;1969-2026;"Surgery (Q1); Medicine (miscellaneous) (Q2); Oncology (Q3)";Medicine
142;19700175236;Updates in Surgery;journal;2038131X, 20383312;Springer Science and Business Media Deutschland GmbH;No;No;0,698;Q1;49;428;831;12007;1916;762;2,25;28,05;34,58;0;Germany;Western Europe;Springer Science and Business Media Deutschland GmbH;2010-2026;Surgery (Q1);Medicine
143;21763;Microsurgery;journal;10982752, 07381085;Wiley-Liss Inc.;No;No;0,694;Q1;82;160;418;4012;678;352;1,49;25,08;30,89;0;United States;Northern America;Wiley-Liss Inc.;1979-1996, 1998-2026;Surgery (Q1);Medicine
144;20518;Seminars in Thoracic and Cardiovascular Surgery: Pediatric Cardiac Surgery Annual;journal;10929126, 18764665;W.B. Saunders;No;No;0,692;Q1;50;20;35;674;75;32;2,36;33,7;28,57;0;United States;Northern America;W.B. Saunders;2001-2025;"Surgery (Q1); Cardiology and Cardiovascular Medicine (Q2); Pediatrics, Perinatology and Child Health (Q2)";Medicine
145;21101274733;Journal of Shoulder and Elbow Arthroplasty;journal;24715492;SAGE Publications Ltd;Yes;No;0,691;Q1;11;6;67;222;128;67;1,5;37;12,5;0;United Kingdom;Western Europe;SAGE Publications Ltd;2021-2025;"Surgery (Q1); Orthopedics and Sports Medicine (Q2)";Medicine
146;21100881469;Laryngoscope Investigative Otolaryngology;journal;23788038;John Wiley and Sons Inc;Yes;No;0,691;Q1;45;272;650;8632;1382;643;1,94;31,74;37,23;0;United States;Northern America;John Wiley and Sons Inc;2016-2026;"Otorhinolaryngology (Q1); Surgery (Q1)";Medicine
147;21101040638;World Journal of Otorhinolaryngology - Head and Neck Surgery;journal;25891081, 20958811;John Wiley and Sons Inc;Yes;No;0,691;Q1;33;110;140;4547;331;137;2,15;41,34;36,48;0;United States;Northern America;John Wiley and Sons Inc;2015-2026;"Otorhinolaryngology (Q1); Surgery (Q1)";Medicine
148;23884;Journal of Stroke and Cerebrovascular Diseases;journal;10523057, 15328511;W.B. Saunders;Yes;No;0,69;Q1;89;394;1440;13388;3166;1382;2,14;33,98;38,66;0;United States;Northern America;W.B. Saunders;1991-2026;"Rehabilitation (Q1); Surgery (Q1); Cardiology and Cardiovascular Medicine (Q2); Neurology (clinical) (Q2)";Medicine
149;21100454972;Archives of Bone and Joint Surgery;journal;23454644, 2345461X;Mashhad University of Medical Sciences;Yes;No;0,688;Q1;37;116;370;3397;727;346;1,62;29,28;23,69;0;Iran;Middle East;Mashhad University of Medical Sciences;2013-2026;"Surgery (Q1); Orthopedics and Sports Medicine (Q2)";Medicine
150;21678;Journal of Foot and Ankle Surgery;journal;15422224, 10672516;Academic Press Inc.;No;No;0,687;Q1;84;202;595;5573;1031;551;1,63;27,59;21,53;0;United States;Northern America;Academic Press Inc.;1993-2026;"Surgery (Q1); Orthopedics and Sports Medicine (Q2)";Medicine
151;21100835710;Plastic and Reconstructive Surgery - Global Open;journal;21697574;Lippincott Williams and Wilkins Ltd.;Yes;No;0,685;Q1;64;855;2324;19054;4399;2197;1,78;22,29;36,79;0;United States;Northern America;Lippincott Williams and Wilkins Ltd.;2013-2026;Surgery (Q1);Medicine
152;20412;Acta Neurochirurgica;journal;00016268, 09420940;Springer;Yes;No;0,683;Q2;117;325;1382;9878;2755;1282;1,86;30,39;25,92;0;Austria;Western Europe;Springer;1950-2026;"Neurology (clinical) (Q2); Surgery (Q2)";Medicine
153;4800152310;HSS Journal;journal;15563324, 15563316;SAGE Publications Ltd;No;No;0,683;Q2;53;73;225;2486;418;188;1,54;34,05;22,95;0;United States;Northern America;SAGE Publications Ltd;2006-2026;"Orthopedics and Sports Medicine (Q2); Surgery (Q2)";Medicine
154;19700171401;World Neurosurgery;journal;18788769, 18788750;Elsevier Inc.;No;No;0,682;Q2;131;1250;5331;36197;10167;4636;1,76;28,96;26,87;1;United States;Northern America;Elsevier Inc.;1994, 2010-2026;"Neurology (clinical) (Q2); Surgery (Q2)";Medicine
155;22304;Surgeon;journal;1479666X;Elsevier Ltd;No;No;0,681;Q2;71;115;328;2971;828;301;2,42;25,83;34,38;0;United Kingdom;Western Europe;Elsevier Ltd;2003-2026;Surgery (Q2);Medicine
156;4000148109;Breast Care;journal;16613791, 16613805;S. Karger AG;Yes;No;0,675;Q2;52;67;170;1937;352;154;2,14;28,91;49,53;0;Switzerland;Western Europe;S. Karger AG;2006-2026;"Surgery (Q2); Oncology (Q3)";Medicine
157;19194;Surgery Today;journal;14362813, 09411291;Springer;No;No;0,674;Q2;81;280;555;7884;1227;535;2,29;28,16;14,76;0;Singapore;Asiatic Region;Springer;1992-2026;"Medicine (miscellaneous) (Q2); Surgery (Q2)";Medicine
158;21101248937;Frontiers in Transplantation;journal;28132440;Frontiers Media SA;Yes;No;0,672;Q2;12;65;205;3029;427;190;2,15;46,6;37,99;0;Switzerland;Western Europe;Frontiers Media SA;2022-2026;"Surgery (Q2); Immunology (Q3)";"Immunology and Microbiology; Medicine"
159;16683;Journal of Clinical Neuroscience;journal;09675868, 15322653;Churchill Livingstone;No;No;0,669;Q2;110;700;1065;20404;2245;959;1,86;29,15;30,29;0;United Kingdom;Western Europe;Churchill Livingstone;1994-2026;"Medicine (miscellaneous) (Q2); Neurology (clinical) (Q2); Surgery (Q2); Neurology (Q3); Physiology (medical) (Q3)";"Medicine; Neuroscience"
160;20492;Annals of Vascular Surgery;journal;16155947, 08905096;Elsevier Inc.;No;No;0,668;Q2;90;519;1422;14221;2572;1370;1,82;27,4;29,61;0;United States;Northern America;Elsevier Inc.;1986-2026;"Cardiology and Cardiovascular Medicine (Q2); Medicine (miscellaneous) (Q2); Surgery (Q2)";Medicine
161;22270;Scandinavian Journal of Surgery;journal;17997267, 14574969;SAGE Publications Inc.;No;No;0,66;Q2;63;68;119;2075;248;111;1,92;30,51;40,96;1;Finland;Western Europe;SAGE Publications Inc.;1998-2026;Surgery (Q2);Medicine
162;21101047090;Journal of Bone and Joint Infection;journal;22063552;Copernicus Publications;Yes;No;0,659;Q2;35;59;94;2037;274;92;2,91;34,53;35,13;0;Germany;Western Europe;Copernicus Publications;2016-2026;"Infectious Diseases (Q2); Orthopedics and Sports Medicine (Q2); Surgery (Q2)";Medicine
163;21688;Journal of Investigative Surgery;journal;15210553, 08941939;Taylor and Francis Ltd.;Yes;No;0,658;Q2;52;63;360;2133;910;331;4,14;33,86;32,01;0;United Kingdom;Western Europe;Taylor and Francis Ltd.;1988-2026;Surgery (Q2);Medicine
164;4700152490;International Journal of Computer Assisted Radiology and Surgery;journal;18616410, 18616429;Springer Science and Business Media Deutschland GmbH;No;No;0,657;Q2;78;294;722;7756;2279;710;3,05;26,38;25,18;0;Germany;Western Europe;Springer Science and Business Media Deutschland GmbH;2006-2026;"Biomedical Engineering (Q2); Computer Graphics and Computer-Aided Design (Q2); Computer Science Applications (Q2); Computer Vision and Pattern Recognition (Q2); Medicine (miscellaneous) (Q2); Radiology, Nuclear Medicine and Imaging (Q2); Surgery (Q2); Health Informatics (Q3)";"Computer Science; Engineering; Medicine"
165;21100807103;Journal of Stomatology, Oral and Maxillofacial Surgery;journal;24688509, 24687855;Elsevier Masson s.r.l.;No;No;0,656;Q2;37;354;871;10591;2115;800;2,4;29,92;41,71;1;France;Western Europe;Elsevier Masson s.r.l.;2017-2026;"Oral Surgery (Q1); Otorhinolaryngology (Q2); Surgery (Q2)";"Dentistry; Medicine"
166;21101021074;Current Transplantation Reports;journal;21963029;Springer International Publishing AG;No;No;0,655;Q2;33;40;103;2116;193;103;1,46;52,9;38,25;0;United States;Northern America;Springer International Publishing AG;2014-2026;"Hepatology (Q2); Nephrology (Q2); Surgery (Q2); Transplantation (Q2); Immunology (Q3)";"Immunology and Microbiology; Medicine"
167;17524;Neurologia i Neurochirurgia Polska;journal;00283843, 18974260;Via Medica;No;No;0,651;Q2;38;78;244;3065;510;172;2,25;39,29;58,21;0;Poland;Eastern Europe;Via Medica;1967-2025;"Surgery (Q2); Neurology (clinical) (Q3)";Medicine
168;12599;Breast Journal;journal;1075122X, 15244741;John Wiley and Sons Inc;Yes;No;0,649;Q2;88;50;103;1754;265;103;2,29;35,08;60,62;0;United States;Northern America;John Wiley and Sons Inc;1995-2026;"Internal Medicine (Q2); Surgery (Q2); Oncology (Q3)";Medicine
169;19400158525;Foot and Ankle Specialist;journal;19387636, 19386400;SAGE Publications Ltd;No;No;0,648;Q2;42;149;230;4442;378;229;1,7;29,81;23,63;0;United Kingdom;Western Europe;SAGE Publications Ltd;2008-2026;"Podiatry (Q1); Medicine (miscellaneous) (Q2); Orthopedics and Sports Medicine (Q2); Surgery (Q2)";"Health Professions; Medicine"
170;21100936480;Shoulder and Elbow;journal;17585740, 17585732;SAGE Publications Inc.;No;No;0,646;Q2;37;170;317;5818;533;287;1,59;34,22;22,69;0;United Kingdom;Western Europe;SAGE Publications Inc.;2009-2026;"Orthopedics and Sports Medicine (Q2); Physical Therapy, Sports Therapy and Rehabilitation (Q2); Rehabilitation (Q2); Surgery (Q2)";"Health Professions; Medicine"
171;21100897707;Trauma Surgery and Acute Care Open;journal;23975776;BMJ Publishing Group;Yes;No;0,64;Q2;37;227;421;5027;757;343;1,68;22,15;40,62;2;United Kingdom;Western Europe;BMJ Publishing Group;2016-2026;"Critical Care and Intensive Care Medicine (Q2); Surgery (Q2)";Medicine
172;19400158512;Musculoskeletal Surgery;journal;20355114, 20355106;Springer Verlag;No;No;0,635;Q2;49;75;159;2447;322;155;2,2;32,63;25,16;0;Germany;Western Europe;Springer Verlag;2010-2026;"Orthopedics and Sports Medicine (Q2); Surgery (Q2)";Medicine
173;21101041948;BMJ Surgery, Interventions, and Health Technologies;journal;26314940;BMJ Publishing Group;Yes;No;0,632;Q2;14;30;58;1091;131;51;2,45;36,37;30,56;0;United Kingdom;Western Europe;BMJ Publishing Group;2019-2025;"Biomedical Engineering (Q2); Surgery (Q2)";"Engineering; Medicine"
174;21728;Journal of Surgical Research;journal;10958673, 00224804;Academic Press Inc.;No;No;0,624;Q2;136;689;2047;19967;3687;1982;1,65;28,98;41,68;1;United States;Northern America;Academic Press Inc.;1961-2026;Surgery (Q2);Medicine
175;39736;Asian Journal of Surgery;journal;02193108, 10159584;Elsevier (Singapore) Pte Ltd;Yes;No;0,618;Q2;48;3443;5335;20573;3211;639;0,58;5,98;31,24;0;Singapore;Asiatic Region;Elsevier (Singapore) Pte Ltd;1988-2026;Surgery (Q2);Medicine
176;24333;Atlas of the Oral and Maxillofacial Surgery Clinics of North America;journal;15584275, 10613315;W.B. Saunders;No;No;0,618;Q2;30;26;78;530;108;66;1,34;20,38;14,71;0;United States;Northern America;W.B. Saunders;1993-2026;"Oral Surgery (Q1); Surgery (Q2)";"Dentistry; Medicine"
177;22302;Stereotactic and Functional Neurosurgery;journal;14230372, 10116125;S. Karger AG;No;No;0,618;Q2;76;73;128;3372;288;121;2,18;46,19;24,57;0;Switzerland;Western Europe;S. Karger AG;1938-1942, 1944, 1946-1949, 1951-2026;"Surgery (Q2); Neurology (clinical) (Q3)";Medicine
178;20530;British Journal of Oral and Maxillofacial Surgery;journal;15321940, 02664356;Churchill Livingstone;No;No;0,617;Q2;95;156;600;2796;1010;475;1,4;17,92;35,1;0;United Kingdom;Western Europe;Churchill Livingstone;1984-2026;"Oral Surgery (Q1); Otorhinolaryngology (Q2); Surgery (Q2)";"Dentistry; Medicine"
179;21101300358;Brain Tumor Research and Treatment;journal;22882405, 22882413;"The Korean Brain Tumor Society; The Korean Society for Neuro-Oncology; The Korean Society for Pediatric Neuro-Oncology";No;No;0,615;Q2;12;25;113;724;256;112;2,12;28,96;35,14;0;South Korea;Asiatic Region;"The Korean Brain Tumor Society; The Korean Society for Neuro-Oncology; The Korean Society for Pediatric Neuro-Oncology";2021-2026;"Surgery (Q2); Neurology (clinical) (Q3); Oncology (Q3); Cellular and Molecular Neuroscience (Q4)";"Medicine; Neuroscience"
180;21101059713;Annals of Hepato-Biliary-Pancreatic Surgery;journal;25085859, 25085778;Korean Association of Hepato-Biliary-Pancreatic Surgery;No;No;0,613;Q2;14;63;210;1636;304;175;1,78;25,97;21,81;0;South Korea;Asiatic Region;Korean Association of Hepato-Biliary-Pancreatic Surgery;2019, 2021-2025;"Gastroenterology (Q2); Surgery (Q2); Transplantation (Q2); Hepatology (Q3)";Medicine
181;19249;Thoracic Surgery Clinics;journal;15474127, 15585069;W.B. Saunders;No;No;0,613;Q2;62;60;170;2299;319;144;1,63;38,32;42,75;0;United States;Northern America;W.B. Saunders;2004-2026;"Medicine (miscellaneous) (Q2); Pulmonary and Respiratory Medicine (Q2); Surgery (Q2)";Medicine
182;21100904983;Journal of Hand Surgery Global Online;journal;25895141;Elsevier Inc.;Yes;No;0,611;Q2;15;210;429;5084;711;417;1,66;24,21;28,14;0;United States;Northern America;Elsevier Inc.;2019-2026;"Orthopedics and Sports Medicine (Q2); Rehabilitation (Q2); Surgery (Q2)";Medicine
183;29736;Foot and Ankle Clinics;journal;15581934, 10837515;W.B. Saunders;No;No;0,61;Q2;72;71;196;3148;328;169;1,56;44,34;23,19;0;United States;Northern America;W.B. Saunders;1997, 2000-2026;"Orthopedics and Sports Medicine (Q2); Surgery (Q2)";Medicine
184;21100925697;Spine Surgery and Related Research;journal;2432261X;Japanese Society for Spine Surgery and Related Research;Yes;Yes;0,608;Q2;25;91;290;2368;467;268;1,26;26,02;7,6;0;Japan;Asiatic Region;Japanese Society for Spine Surgery and Related Research;2017-2026;"Orthopedics and Sports Medicine (Q2); Surgery (Q2); Neurology (clinical) (Q3)";Medicine
185;21100903773;Archives of Craniofacial Surgery;journal;22871152, 22875603;The Korean Cleft Palate-Craniofacial Association;No;No;0,607;Q2;18;43;148;706;231;135;1,42;16,42;35,57;0;South Korea;Asiatic Region;The Korean Cleft Palate-Craniofacial Association;2019-2025;"Otorhinolaryngology (Q2); Surgery (Q2)";Medicine
186;17065;Lasers in Medical Science;journal;1435604X, 02688921;Springer Science and Business Media Deutschland GmbH;No;No;0,607;Q2;92;530;956;20162;2807;931;2,75;38,04;45,87;1;United Kingdom;Western Europe;Springer Science and Business Media Deutschland GmbH;1986-2026;"Dermatology (Q2); Surgery (Q2)";Medicine
187;20997;Canadian Journal of Surgery;journal;0008428X, 14882310;Canadian Medical Association;Yes;No;0,606;Q2;83;72;288;2260;521;248;1,66;31,39;37,19;0;Canada;Northern America;Canadian Medical Association;1957-2026;"Medicine (miscellaneous) (Q2); Surgery (Q2)";Medicine
188;21101185548;BJUI Compass;journal;26884526;John Wiley and Sons Inc;Yes;No;0,605;Q2;19;166;301;4405;492;273;1,43;26,54;27,53;0;United States;Northern America;John Wiley and Sons Inc;2020-2026;"Nephrology (Q2); Surgery (Q2); Urology (Q2); Oncology (Q3)";Medicine
189;20524;BMC Surgery;journal;14712482;BioMed Central Ltd;Yes;No;0,605;Q2;68;614;1237;20642;2871;1234;2,32;33,62;29,58;0;United Kingdom;Western Europe;BioMed Central Ltd;2001-2026;"Medicine (miscellaneous) (Q2); Surgery (Q2)";Medicine
190;19700166405;Methodist DeBakey Cardiovascular Journal;journal;19476108, 19476094;Houston Methodist Debakey Heart and Vascular Center;Yes;Yes;0,604;Q2;43;87;236;2504;439;219;1,52;28,78;31,4;0;United States;Northern America;Houston Methodist Debakey Heart and Vascular Center;2009-2026;"Cardiology and Cardiovascular Medicine (Q2); Medicine (miscellaneous) (Q2); Surgery (Q2)";Medicine
191;21101236744;Journal of Wound Management;journal;27885771;European Wound Management Association (EWMA);No;No;0,603;Q2;3;22;20;770;41;11;2,05;35;73,13;0;Denmark;Western Europe;European Wound Management Association (EWMA);2023-2025;"Advanced and Specialized Nursing (Q1); Medical and Surgical Nursing (Q1); Dermatology (Q2); Surgery (Q2)";"Medicine; Nursing"
192;21100403244;JPRAS Open;journal;23525878;Elsevier Ltd;Yes;No;0,599;Q2;22;268;371;6020;761;363;1,98;22,46;30,95;0;United Kingdom;Western Europe;Elsevier Ltd;2014-2026;Surgery (Q2);Medicine
193;21658;Journal of Cranio-Maxillofacial Surgery;journal;18784119, 10105182;Churchill Livingstone;No;No;0,598;Q2;100;295;416;9920;972;416;2,17;33,63;32,86;0;United Kingdom;Western Europe;Churchill Livingstone;1987-2026;"Oral Surgery (Q2); Otorhinolaryngology (Q2); Surgery (Q2)";"Dentistry; Medicine"
194;17500155018;Surgical Pathology Clinics;journal;18759157, 18759181;W.B. Saunders;No;No;0,598;Q2;40;75;177;4850;297;152;1,61;64,67;48,15;0;United States;Northern America;W.B. Saunders;2008-2025;"Pathology and Forensic Medicine (Q2); Surgery (Q2)";Medicine
195;21101235913;OTA International;journal;25742167;Wolters Kluwer Health;Yes;No;0,597;Q2;16;90;192;2488;332;182;1,62;27,64;27,84;0;United Kingdom;Western Europe;Wolters Kluwer Health;2020-2026;"Orthopedics and Sports Medicine (Q2); Surgery (Q2)";Medicine
196;20483;Annals of Plastic Surgery;journal;01487043, 15363708;Lippincott Williams and Wilkins;No;No;0,596;Q2;115;430;1189;11758;1940;1056;1,54;27,34;40;0;United States;Northern America;Lippincott Williams and Wilkins;1978-2026;Surgery (Q2);Medicine
197;13641;Auris Nasus Larynx;journal;18791476, 03858146;Elsevier Ireland Ltd;No;No;0,594;Q2;66;123;459;3411;818;447;1,83;27,73;20,53;0;Ireland;Western Europe;Elsevier Ireland Ltd;1974-2026;"Medicine (miscellaneous) (Q2); Otorhinolaryngology (Q2); Surgery (Q2)";Medicine
198;14895;Clinical Neurology and Neurosurgery;journal;18726968, 03038467;Elsevier B.V.;No;No;0,594;Q2;93;468;1281;13844;2523;1206;1,83;29,58;31,66;0;Netherlands;Western Europe;Elsevier B.V.;1974-1976, 1978-2026;"Medicine (miscellaneous) (Q2); Surgery (Q2); Neurology (clinical) (Q3)";Medicine
199;21100205972;Journal of Healthcare Engineering;journal;20402295, 20402309;John Wiley and Sons Ltd;Yes;No;0,594;Q2;77;0;647;0;2625;647;2,47;0;0;0;United Kingdom;Western Europe;John Wiley and Sons Ltd;2010-2024;"Biomedical Engineering (Q2); Biotechnology (Q2); Surgery (Q2); Health Informatics (Q3)";"Biochemistry, Genetics and Molecular Biology; Engineering; Medicine"
200;21100204102;Oral Surgery, Oral Medicine, Oral Pathology and Oral Radiology;journal;22124403, 22124411;Elsevier Inc.;No;No;0,594;Q2;150;211;636;7415;1401;588;2,3;35,14;43,19;0;United States;Northern America;Elsevier Inc.;2012-2026;"Dentistry (miscellaneous) (Q2); Oral Surgery (Q2); Pathology and Forensic Medicine (Q2); Radiology, Nuclear Medicine and Imaging (Q2); Surgery (Q2)";"Dentistry; Medicine"
201;21131;European Surgical Research;journal;14219921, 0014312X;S. Karger AG;Yes;No;0,593;Q2;54;22;92;751;281;90;4,11;34,14;31,51;0;Switzerland;Western Europe;S. Karger AG;1969-2026;"Medicine (miscellaneous) (Q2); Surgery (Q2)";Medicine
202;13648;Current Opinion in Otolaryngology and Head and Neck Surgery;journal;15316998, 10689508;Lippincott Williams and Wilkins;No;No;0,592;Q2;85;67;217;2636;405;201;1,6;39,34;39,86;0;United States;Northern America;Lippincott Williams and Wilkins;1995-2026;"Medicine (miscellaneous) (Q2); Otorhinolaryngology (Q2); Surgery (Q2)";Medicine
203;22300;Journal of the Society of Laparoscopic and Robotic Surgeons;journal;19383797, 10868089;Society of Laparoscopic and Robotic Surgeons;Yes;No;0,585;Q2;68;86;115;2156;250;111;2,07;25,07;35,45;0;United States;Northern America;Society of Laparoscopic and Robotic Surgeons;1997-2026;Surgery (Q2);Medicine
204;144622;Medicina Oral Patologia Oral y Cirugia Bucal;journal;16986946, 16984447;Medicina Oral S.L.;Yes;No;0,585;Q2;81;109;262;3130;662;261;2,44;28,72;44,2;1;Spain;Western Europe;Medicina Oral S.L.;2004-2026;"Dentistry (miscellaneous) (Q2); Medicine (miscellaneous) (Q2); Otorhinolaryngology (Q2); Surgery (Q2)";"Dentistry; Medicine"
205;29770;Hand Clinics;journal;15581969, 07490712;W.B. Saunders;No;No;0,584;Q2;73;59;190;2426;267;163;1,33;41,12;23;0;United States;Northern America;W.B. Saunders;1985-2026;"Orthopedics and Sports Medicine (Q2); Surgery (Q2)";Medicine
206;12255;Journal of Orthopaedic Surgery;journal;10225536, 23094990;SAGE Publications Inc.;Yes;No;0,582;Q2;55;97;296;2743;616;277;1,76;28,28;27,04;0;United Kingdom;Western Europe;SAGE Publications Inc.;1993-2026;Surgery (Q2);Medicine
207;21100463109;Geriatric Orthopaedic Surgery and Rehabilitation;journal;21514593, 21514585;SAGE Publications Inc.;Yes;No;0,58;Q2;42;60;187;2043;386;181;1,94;34,05;26,33;0;United States;Northern America;SAGE Publications Inc.;2010-2026;"Orthopedics and Sports Medicine (Q2); Rehabilitation (Q2); Surgery (Q2); Geriatrics and Gerontology (Q3)";Medicine
208;21756;Lasers in Surgery and Medicine;journal;01968092, 10969101;Wiley-Liss Inc.;Yes;No;0,58;Q2;135;97;329;2707;744;310;2,06;27,91;46,06;0;United States;Northern America;Wiley-Liss Inc.;1980-2026;"Dermatology (Q2); Surgery (Q2)";Medicine
209;21100466865;JBJS Essential Surgical Techniques;journal;21602204;Lippincott Williams and Wilkins;No;No;0,578;Q2;24;14;81;137;154;79;1,91;9,79;10,61;0;United States;Northern America;Lippincott Williams and Wilkins;2013-2025;"Orthopedics and Sports Medicine (Q2); Surgery (Q2)";Medicine
210;12100154808;Journal of Korean Neurosurgical Society;journal;15987876, 20053711;Korean Neurosurgical Society;Yes;No;0,577;Q2;55;79;278;2385;485;247;1,75;30,19;25,99;0;South Korea;Asiatic Region;Korean Neurosurgical Society;2008-2026;"Surgery (Q2); Neurology (clinical) (Q3); Neuroscience (miscellaneous) (Q3)";"Medicine; Neuroscience"
211;21101133554;JSES Reviews, Reports, and Techniques;journal;26666391;Elsevier Inc.;Yes;No;0,576;Q2;13;172;319;5512;569;319;1,68;32,05;16,88;0;United States;Northern America;Elsevier Inc.;2021-2026;"Orthopedics and Sports Medicine (Q2); Rehabilitation (Q2); Reviews and References (medical) (Q2); Surgery (Q2)";Medicine
212;21100913558;Frontiers in Surgery;journal;2296875X;Frontiers Media SA;Yes;No;0,57;Q2;55;919;3787;28570;8184;3631;1,84;31,09;32,46;0;Switzerland;Western Europe;Frontiers Media SA;2014-2026;Surgery (Q2);Medicine
213;21132;Facial Plastic Surgery;journal;10988793, 07366825;Thieme Medical Publishers, Inc.;No;No;0,569;Q2;58;95;357;2588;563;334;1,41;27,24;31,39;0;United States;Northern America;Thieme Medical Publishers, Inc.;1983-1990, 1992-2026;Surgery (Q2);Medicine
214;19700188233;Journal of Plastic Surgery and Hand Surgery;journal;20006764, 2000656X;Medical Journals Sweden AB;Yes;No;0,569;Q2;58;36;183;932;281;182;1,54;25,89;38,67;0;Sweden;Western Europe;Medical Journals Sweden AB;2010-2026;Surgery (Q2);Medicine
215;74271;Operative Orthopadie und Traumatologie;journal;09346694, 14390981;Springer Medizin;No;No;0,565;Q2;35;51;124;918;175;106;1,13;18;17,5;0;Germany;Western Europe;Springer Medizin;1989-2026;"Medicine (miscellaneous) (Q2); Orthopedics and Sports Medicine (Q2); Surgery (Q2)";Medicine
216;21114;European Journal of Pediatric Surgery;journal;09397248, 1439359X;Georg Thieme Verlag;No;No;0,564;Q2;60;58;234;1705;448;217;1,74;29,4;43,99;1;Germany;Western Europe;Georg Thieme Verlag;1980-2026;"Pediatrics, Perinatology and Child Health (Q2); Surgery (Q2)";Medicine
217;21101041509;Hip and Pelvis;journal;22873260, 22873279;Korean Hip Society;No;No;0,563;Q2;16;39;99;1077;197;98;1,9;27,62;13,67;1;South Korea;Asiatic Region;Korean Hip Society;2019-2025;"Orthopedics and Sports Medicine (Q2); Surgery (Q2)";Medicine
218;21100936546;Chinese Neurosurgical Journal;journal;20574967;BioMed Central Ltd;Yes;Yes;0,559;Q2;19;32;114;1181;199;106;1,74;36,91;27,1;0;United Kingdom;Western Europe;BioMed Central Ltd;2015-2026;"Surgery (Q2); Neurology (Q3); Neurology (clinical) (Q3)";"Medicine; Neuroscience"
219;21100215177;International Journal of Surgical Oncology;journal;20901410, 20901402;John Wiley and Sons Ltd;Yes;No;0,558;Q2;32;0;19;0;48;19;1,57;0;0;0;United States;Northern America;John Wiley and Sons Ltd;2011-2024;"Surgery (Q2); Oncology (Q3)";Medicine
220;29582;Chinese Journal of Traumatology - English Edition;journal;10081275;Elsevier B.V.;Yes;Yes;0,557;Q2;42;102;189;3143;471;185;2,45;30,81;30,73;0;Netherlands;Western Europe;Elsevier B.V.;2001-2026;"Emergency Medicine (Q2); Public Health, Environmental and Occupational Health (Q2); Surgery (Q2); Orthopedics and Sports Medicine (Q3)";Medicine
221;21101046403;OTO Open;journal;2473974X;John Wiley and Sons Inc;Yes;No;0,552;Q2;23;131;285;3334;479;274;1,69;25,45;37,59;0;United States;Northern America;John Wiley and Sons Inc;2017-2026;"Otorhinolaryngology (Q2); Surgery (Q2)";Medicine
222;21100241773;Annals of Coloproctology;journal;22879722, 22879714;Korean Society of Coloproctology;Yes;No;0,551;Q2;37;75;243;2103;448;217;1,86;28,04;23,65;0;South Korea;Asiatic Region;Korean Society of Coloproctology;2013-2025;"Surgery (Q2); Gastroenterology (Q3)";Medicine
223;21100326082;Annals of Surgical Treatment and Research;journal;22886575, 22886796;Korean Surgical Society;Yes;No;0,55;Q2;39;83;265;2288;481;262;1,98;27,57;36,91;0;South Korea;Asiatic Region;Korean Surgical Society;2014-2026;Surgery (Q2);Medicine
224;79319;Expert Review of Medical Devices;journal;17434440, 17452422;Taylor and Francis Ltd.;No;No;0,548;Q2;88;151;332;7589;878;299;2,57;50,26;32,59;1;United Kingdom;Western Europe;Taylor and Francis Ltd.;2004-2026;"Medicine (miscellaneous) (Q2); Surgery (Q2); Biomedical Engineering (Q3)";"Engineering; Medicine"
225;20414;Advances in Surgery;book series;653411;Academic Press Inc.;No;No;0,546;Q2;43;20;58;1156;112;58;2,08;57,8;45,83;0;United States;Northern America;Academic Press Inc.;1949, 1965-1966, 1968, 1970-1981, 1983-1984, 1986-1997, 1999-2025;Surgery (Q2);Medicine
226;21100207201;Archives of Plastic Surgery;journal;22346163, 22346171;Georg Thieme Verlag;Yes;No;0,541;Q2;51;55;327;1164;521;299;1,46;21,16;32,31;0;South Korea;Asiatic Region;Georg Thieme Verlag;2012-2026;Surgery (Q2);Medicine
227;21085;Dermatologic Surgery;journal;10760512, 15244725;Lippincott Williams and Wilkins;No;No;0,54;Q2;151;539;1104;7115;1386;813;1,2;13,2;46,35;0;United States;Northern America;Lippincott Williams and Wilkins;1995-2026;"Dermatology (Q2); Medicine (miscellaneous) (Q2); Surgery (Q2)";Medicine
228;22163;Pediatric Surgery International;journal;14379813, 01790358;Springer Science and Business Media Deutschland GmbH;No;No;0,535;Q2;81;322;860;8681;1521;820;1,78;26,96;40,95;0;Germany;Western Europe;Springer Science and Business Media Deutschland GmbH;1986-2026;"Medicine (miscellaneous) (Q2); Pediatrics, Perinatology and Child Health (Q2); Surgery (Q2)";Medicine
229;21101082425;Surgery Open Science;journal;25898450;Elsevier B.V.;Yes;No;0,535;Q2;14;97;338;2589;522;321;1,5;26,69;33,77;1;Netherlands;Western Europe;Elsevier B.V.;2019-2026;Surgery (Q2);Medicine
230;19197;Surgical Infections;journal;10962964, 15578674;Mary Ann Liebert Inc.;No;No;0,533;Q2;76;163;440;3726;617;336;1,35;22,86;37,92;0;United States;Northern America;Mary Ann Liebert Inc.;2000-2026;"Surgery (Q2); Infectious Diseases (Q3); Microbiology (medical) (Q3)";Medicine
231;23900;Journal of Vascular Access;journal;11297298, 17246032;Wichtig Publishing Srl;No;No;0,532;Q2;54;357;672;9358;1425;610;2,05;26,21;37,78;2;Italy;Western Europe;Wichtig Publishing Srl;2001-2026;"Nephrology (Q2); Surgery (Q2)";Medicine
232;88000;Acta Orthopaedica et Traumatologica Turcica;journal;25891294, 1017995X;AVES;Yes;No;0,53;Q2;44;82;206;1933;335;194;1,71;23,57;17,41;0;Turkey;Middle East;AVES;2002-2025;"Medicine (miscellaneous) (Q2); Surgery (Q2); Orthopedics and Sports Medicine (Q3)";Medicine
233;12240;Journal of Orthopaedic Science;journal;14362023, 09492658;Elsevier B.V.;No;No;0,53;Q2;90;203;739;5349;1174;701;1,5;26,35;11,83;0;Netherlands;Western Europe;Elsevier B.V.;1961-1963, 1996-2026;"Surgery (Q2); Orthopedics and Sports Medicine (Q3)";Medicine
234;145666;International Journal of Lower Extremity Wounds;journal;15526941, 15347346;SAGE Publications Inc.;No;No;0,529;Q2;56;236;349;7595;826;325;2,03;32,18;40,59;4;United States;Northern America;SAGE Publications Inc.;2002-2026;"Medicine (miscellaneous) (Q2); Surgery (Q2)";Medicine
235;28222;Journal of Neuroscience Nursing;journal;8880395;Lippincott Williams and Wilkins Ltd.;No;No;0,528;Q2;54;55;168;755;247;136;1,5;13,73;67,02;0;United States;Northern America;Lippincott Williams and Wilkins Ltd.;1986-2026;"Medical and Surgical Nursing (Q1); Surgery (Q2); Neurology (clinical) (Q3); Endocrine and Autonomic Systems (Q4)";"Medicine; Neuroscience; Nursing"
236;21101123943;Urogynecology;journal;27711897;Wolters Kluwer Health Inc;No;No;0,525;Q2;43;185;443;4059;611;408;1,26;21,94;68,01;0;United States;Northern America;Wolters Kluwer Health Inc;2022-2026;"Obstetrics and Gynecology (Q2); Surgery (Q2); Urology (Q2)";Medicine
237;21100463845;Obesity Medicine;journal;24518476;Elsevier Ltd;No;No;0,521;Q2;33;90;162;5853;326;153;2,36;65,03;49,04;1;United Kingdom;Western Europe;Elsevier Ltd;2016-2026;"Public Health, Environmental and Occupational Health (Q2); Surgery (Q2); Endocrinology (Q3); Endocrinology, Diabetes and Metabolism (Q3); Internal Medicine (Q3); Nutrition and Dietetics (Q3)";"Biochemistry, Genetics and Molecular Biology; Medicine; Nursing"
238;21101111779;Laparoscopic, Endoscopic, and Robotic Surgery;journal;24689009;KeAi Communications Co.;Yes;Yes;0,519;Q2;11;42;88;1448;199;78;2,46;34,48;47,65;0;China;Asiatic Region;KeAi Communications Co.;2018-2026;Surgery (Q2);Medicine
239;12911;Orthopedics;journal;19382367, 01477447;Slack Incorporated;No;No;0,519;Q2;85;91;349;2684;524;347;1,49;29,49;22,15;0;United States;Northern America;Slack Incorporated;1978-2026;"Surgery (Q2); Orthopedics and Sports Medicine (Q3)";Medicine
240;21101304520;Blood Vessels, Thrombosis and Hemostasis;journal;29503272;Elsevier B.V.;Yes;No;0,518;Q2;3;77;29;2897;37;29;1,28;37,62;44,26;0;Netherlands;Western Europe;Elsevier B.V.;2024-2026;"Cardiology and Cardiovascular Medicine (Q2); Surgery (Q2); Hematology (Q3); Oncology (Q3)";Medicine
241;21101131055;European Journal of Breast Health;journal;25870831;Galenos Publishing House;Yes;No;0,518;Q2;21;58;147;1525;276;140;1,99;26,29;47,81;0;Turkey;Middle East;Galenos Publishing House;2019-2026;"Radiology, Nuclear Medicine and Imaging (Q2); Surgery (Q2); Internal Medicine (Q3); Oncology (Q3)";Medicine
242;21101039813;JTCVS Techniques;journal;26662507;Elsevier Inc.;Yes;No;0,517;Q2;23;300;871;2666;900;671;1,05;8,89;23,6;0;Netherlands;Western Europe;Elsevier Inc.;2020-2026;"Surgery (Q2); Pulmonary and Respiratory Medicine (Q3)";Medicine
243;19900191853;Seminars in Plastic Surgery;journal;15360067, 15352188;Thieme Medical Publishers, Inc.;No;No;0,517;Q2;50;46;131;1534;229;107;1,62;33,35;36,59;0;United States;Northern America;Thieme Medical Publishers, Inc.;2004-2005, 2010-2026;Surgery (Q2);Medicine
244;21101195979;Interdisciplinary Cardiovascular and Thoracic Surgery;journal;2753670X;Oxford University Press;Yes;No;0,516;Q2;79;313;853;7549;1401;770;1,47;24,12;22,76;0;United Kingdom;Western Europe;Oxford University Press;2023-2026;"Cardiology and Cardiovascular Medicine (Q2); Surgery (Q2); Pulmonary and Respiratory Medicine (Q3)";Medicine
245;19588;Surgical and Radiologic Anatomy;journal;09301038, 12798517;Springer-Verlag Italia s.r.l.;No;No;0,515;Q2;80;250;662;6247;1074;638;1,67;24,99;31,15;0;Italy;Western Europe;Springer-Verlag Italia s.r.l.;1986-2026;"Anatomy (Q2); Pathology and Forensic Medicine (Q2); Radiology, Nuclear Medicine and Imaging (Q2); Surgery (Q2)";Medicine
246;21100229216;Arquivos Brasileiros de Cirurgia Digestiva;journal;01026720, 23176326;Colegio Brasileiro de Cirurgia Digestiva;Yes;No;0,512;Q2;31;53;235;1588;325;208;1,42;29,96;30,86;0;Brazil;Latin America;Colegio Brasileiro de Cirurgia Digestiva;2012-2026;"Surgery (Q2); Gastroenterology (Q3); Medicine (miscellaneous) (Q3)";Medicine
247;21100456711;Hand Surgery and Rehabilitation;journal;24681229, 24681210;Elsevier Masson s.r.l.;No;No;0,512;Q2;41;153;419;3146;590;352;1,45;20,56;27,07;0;France;Western Europe;Elsevier Masson s.r.l.;2016-2026;"Rehabilitation (Q2); Surgery (Q2); Orthopedics and Sports Medicine (Q3)";Medicine
248;5000154502;International Journal of Medical Robotics and Computer Assisted Surgery;journal;1478596X, 14785951;John Wiley and Sons Ltd;No;No;0,509;Q2;72;92;352;3396;998;352;2,59;36,91;29,53;0;United Kingdom;Western Europe;John Wiley and Sons Ltd;2004-2026;"Computer Science Applications (Q2); Surgery (Q2); Biophysics (Q3)";"Biochemistry, Genetics and Molecular Biology; Computer Science; Medicine"
249;21100787658;Gland Surgery;journal;22278575, 2227684X;AME Publishing Company;No;No;0,507;Q2;48;234;630;7303;1138;573;1,75;31,21;37,73;0;Hong Kong;Asiatic Region;AME Publishing Company;2016-2026;Surgery (Q2);Medicine
250;21100803584;Visceral Medicine;journal;22974725, 2297475X;S. Karger AG;Yes;No;0,507;Q2;42;55;116;1953;199;96;1,64;35,51;28;0;Switzerland;Western Europe;S. Karger AG;2016-2026;"Surgery (Q2); Gastroenterology (Q3)";Medicine
251;130120;Surgical Innovation;journal;15533514, 15533506;SAGE Publications Inc.;No;No;0,506;Q2;62;75;321;1998;627;274;2,35;26,64;24,17;0;United States;Northern America;SAGE Publications Inc.;1994-2002, 2004-2026;Surgery (Q2);Medicine
252;19200156704;Wideochirurgia I Inne Techniki Maloinwazyjne;journal;18954588, 22990054;Medycyna Praktyczna Cholerzyn;Yes;No;0,504;Q2;27;61;222;2252;395;213;1,68;36,92;25;0;Poland;Eastern Europe;Medycyna Praktyczna Cholerzyn;2007-2025;"Surgery (Q2); Urology (Q2); Gastroenterology (Q3); Obstetrics and Gynecology (Q3)";Medicine
253;13021;Seminars in Arthroplasty JSES;journal;10454527, 15584437;W.B. Saunders;No;No;0,502;Q2;18;84;362;2879;406;359;1,08;34,27;20,62;0;United States;Northern America;W.B. Saunders;1990-1995, 1997, 2001-2018, 2020-2026;"Surgery (Q2); Orthopedics and Sports Medicine (Q3)";Medicine
254;21101189039;Artificial Intelligence Surgery;journal;27710408;OAE Publishing Inc.;No;No;0,499;Q2;8;44;59;2012;158;46;2,68;45,73;28,76;0;United States;Northern America;OAE Publishing Inc.;2023-2025;"Artificial Intelligence (Q2); Surgery (Q2); Biomedical Engineering (Q3)";"Computer Science; Engineering; Medicine"
255;21101202109;DEN Open;journal;26924609;Blackwell Publishing Asia;Yes;No;0,497;Q2;13;164;342;3498;505;338;1,53;21,33;15,85;1;United States;Northern America;Blackwell Publishing Asia;2021-2026;"Surgery (Q2); Gastroenterology (Q3); Internal Medicine (Q3)";Medicine
256;21100858269;Plastic Surgery;journal;22925511, 22925503;SAGE Publications Inc.;No;No;0,496;Q2;36;146;241;3517;268;189;1,02;24,09;43,35;1;United States;Northern America;SAGE Publications Inc.;1995-1996, 2014, 2017-2026;Surgery (Q2);Medicine
257;21062;Current Problems in Surgery;journal;15356337, 00113840;Elsevier Inc.;Yes;No;0,495;Q2;53;235;178;8221;351;125;2;34,98;36,24;1;United States;Northern America;Elsevier Inc.;1964-2026;"Surgery (Q2); Medicine (miscellaneous) (Q3)";Medicine
258;21101037129;Current Otorhinolaryngology Reports;journal;2167583X;Springer Science and Business Media Deutschland GmbH;No;No;0,492;Q2;26;21;136;1153;187;136;1,54;54,9;48,68;0;Germany;Western Europe;Springer Science and Business Media Deutschland GmbH;2013-2026;"Otorhinolaryngology (Q2); Surgery (Q2); Immunology and Allergy (Q3); Neurology (clinical) (Q3)";Medicine
259;21100912389;Korean Journal of Neurotrauma;journal;22348999, 22882243;Korean Neurotraumatology Society;No;No;0,492;Q2;15;32;173;672;216;138;1,35;21;17,71;0;South Korea;Asiatic Region;Korean Neurotraumatology Society;2018-2025;Surgery (Q2);Medicine
260;14609;Ophthalmic Plastic and Reconstructive Surgery;journal;15372677, 07409303;Wolters Kluwer Health;No;No;0,487;Q2;78;314;701;6288;907;556;1,33;20,03;45,07;0;United Kingdom;Western Europe;Wolters Kluwer Health;1984-2026;"Ophthalmology (Q2); Surgery (Q2); Medicine (miscellaneous) (Q3)";Medicine
261;4000151705;Journal of Burn Care and Research;journal;15590488, 1559047X;Oxford University Press;No;No;0,486;Q2;100;205;656;6187;1167;623;1,76;30,18;47,24;0;United States;Northern America;Oxford University Press;2006-2026;"Emergency Medicine (Q2); Rehabilitation (Q2); Surgery (Q2); Medicine (miscellaneous) (Q3)";Medicine
262;21101123131;Journal of Cartilage and Joint Preservation;journal;26672545;Elsevier B.V.;Yes;No;0,485;Q2;9;51;138;1831;208;124;1,52;35,9;24,14;0;Netherlands;Western Europe;Elsevier B.V.;2021-2026;"Surgery (Q2); Biochemistry, Genetics and Molecular Biology (miscellaneous) (Q3); Immunology and Allergy (Q3); Orthopedics and Sports Medicine (Q3); Rheumatology (Q3)";"Biochemistry, Genetics and Molecular Biology; Medicine"
263;11900154405;Oral and Maxillofacial Surgery;journal;18651550, 18651569;Springer Verlag;No;No;0,485;Q2;46;187;319;5918;628;314;1,97;31,65;35,69;0;Germany;Western Europe;Springer Verlag;2003, 2007-2026;"Oral Surgery (Q2); Otorhinolaryngology (Q2); Surgery (Q2)";"Dentistry; Medicine"
264;23850;Journal of Cardiovascular Surgery;journal;1827191X, 00219509;Edizioni Minerva Medica;No;No;0,483;Q2;61;74;259;2502;339;229;1,24;33,81;25;0;Italy;Western Europe;Edizioni Minerva Medica;1960-2025;"Surgery (Q2); Cardiology and Cardiovascular Medicine (Q3); Medicine (miscellaneous) (Q3)";Medicine
265;19700201207;Journal of Craniovertebral Junction and Spine;journal;09748237, 09769285;Wolters Kluwer Medknow Publications;Yes;Yes;0,481;Q2;34;75;198;2037;278;187;0,95;27,16;10,69;0;India;Asiatic Region;Wolters Kluwer Medknow Publications;2010-2026;"Surgery (Q2); Neurology (clinical) (Q3)";Medicine
266;22149;Oral and Maxillofacial Surgery Clinics of North America;journal;15581365, 10423699;W.B. Saunders;No;No;0,481;Q2;61;63;176;2112;303;151;1,7;33,52;19,55;0;United States;Northern America;W.B. Saunders;1994, 2001-2026;"Oral Surgery (Q2); Otorhinolaryngology (Q2); Surgery (Q2)";"Dentistry; Medicine"
267;22244;Annals of the Royal College of Surgeons of England;journal;00358843, 14787083;Royal College of Surgeons of England;No;No;0,479;Q2;83;108;499;2297;773;437;1,73;21,27;21,9;0;United Kingdom;Western Europe;Royal College of Surgeons of England;1947-2026;"Surgery (Q2); Medicine (miscellaneous) (Q3)";Medicine
268;21101111784;Plastic and Aesthetic Research;journal;23479264, 23496150;OAE Publishing Inc.;No;No;0,476;Q2;15;36;194;2035;415;191;2,22;56,53;43,27;0;United States;Northern America;OAE Publishing Inc.;2017, 2019-2025;Surgery (Q2);Medicine
269;19055;Minimally Invasive Therapy and Allied Technologies;journal;13652931, 13645706;Taylor and Francis Ltd.;No;No;0,472;Q2;55;58;235;1702;448;230;1,81;29,34;26,74;0;United Kingdom;Western Europe;Taylor and Francis Ltd.;1991-2026;Surgery (Q2);Medicine
270;21041;Clinics in Colon and Rectal Surgery;journal;15310043, 15309681;Thieme Medical Publishers, Inc.;No;No;0,47;Q2;64;61;261;2058;384;221;1,29;33,74;55,1;0;United States;Northern America;Thieme Medical Publishers, Inc.;2001-2026;"Surgery (Q2); Gastroenterology (Q3)";Medicine
271;21101040222;World Journal of Pediatric Surgery;journal;25165410;BMJ Publishing Group;Yes;Yes;0,47;Q2;11;50;133;1777;245;122;1,68;35,54;45,9;0;United Kingdom;Western Europe;BMJ Publishing Group;2018-2026;"Pediatrics, Perinatology and Child Health (Q2); Surgery (Q2)";Medicine
272;20395;ANZ Journal of Surgery;journal;14451433, 14452197;Wiley-Blackwell Publishing Ltd;No;No;0,466;Q2;92;529;1923;11257;1886;1153;0,99;21,28;32,71;5;United Kingdom;Western Europe;Wiley-Blackwell Publishing Ltd;2001-2026;"Surgery (Q2); Medicine (miscellaneous) (Q3)";Medicine
273;21100857390;Journal of the Korean Association of Oral and Maxillofacial Surgeons;journal;22347550, 22345930;Korean Association of Oral and Maxillofacial Surgeons;No;No;0,466;Q2;26;61;175;1446;266;151;1,44;23,7;38,3;0;South Korea;Asiatic Region;Korean Association of Oral and Maxillofacial Surgeons;2017-2025;"Oral Surgery (Q2); Surgery (Q2)";"Dentistry; Medicine"
274;21100466753;Operative Neurosurgery;journal;23324252, 23324260;Lippincott Williams and Wilkins;No;No;0,465;Q2;47;483;1238;10037;1165;932;0,97;20,78;20,81;0;United States;Northern America;Lippincott Williams and Wilkins;2010, 2012-2026;"Surgery (Q2); Neurology (clinical) (Q3)";Medicine
275;21772;Neurochirurgie;journal;17730619, 00283770;Elsevier Masson s.r.l.;No;No;0,462;Q2;40;124;335;3455;437;251;1,24;27,86;23,86;0;France;Western Europe;Elsevier Masson s.r.l.;1955-2026;"Surgery (Q2); Neurology (clinical) (Q3)";Medicine
276;21100229190;Ophthalmic Surgery Lasers and Imaging Retina;journal;23258160, 23258179;Slack Incorporated;No;No;0,462;Q2;69;141;360;2296;347;326;0,86;16,28;36,79;0;United States;Northern America;Slack Incorporated;2013-2026;"Ophthalmology (Q2); Surgery (Q2); Medicine (miscellaneous) (Q3)";Medicine
277;19700175205;European Annals of Otorhinolaryngology, Head and Neck Diseases;journal;18797296, 1879730X;Elsevier Masson s.r.l.;Yes;No;0,459;Q2;51;91;268;1675;292;188;1,13;18,41;29,91;0;France;Western Europe;Elsevier Masson s.r.l.;2010-2026;"Otorhinolaryngology (Q2); Surgery (Q2)";Medicine
278;5300152705;General Thoracic and Cardiovascular Surgery;journal;18636705, 18636713;Springer;No;No;0,452;Q2;53;133;361;3027;530;345;1,62;22,76;16,24;0;Japan;Asiatic Region;Springer;2007-2026;"Surgery (Q2); Cardiology and Cardiovascular Medicine (Q3); Medicine (miscellaneous) (Q3); Pulmonary and Respiratory Medicine (Q3)";Medicine
279;5800179605;Journal of Cardiothoracic Surgery;journal;17498090;BioMed Central Ltd;Yes;No;0,449;Q2;65;478;1378;12781;2314;1362;1,62;26,74;35,16;1;United Kingdom;Western Europe;BioMed Central Ltd;2006-2026;"Surgery (Q2); Cardiology and Cardiovascular Medicine (Q3); Medicine (miscellaneous) (Q3); Pulmonary and Respiratory Medicine (Q3)";Medicine
280;21101264201;Annals of Breast Surgery;journal;26162776;AME Publishing Company;No;No;0,433;Q2;8;30;115;1087;157;99;1,47;36,23;59,85;0;Hong Kong;Asiatic Region;AME Publishing Company;2022-2025;Surgery (Q2);Medicine
281;22146;Operative Techniques in Thoracic and Cardiovascular Surgery;journal;15328627, 15222942;W.B. Saunders;No;No;0,431;Q2;22;42;118;459;66;79;0,58;10,93;22,76;0;United States;Northern America;W.B. Saunders;1998-2026;"Surgery (Q2); Cardiology and Cardiovascular Medicine (Q3); Pulmonary and Respiratory Medicine (Q3)";Medicine
282;19700181201;Journal of Visceral Surgery;journal;18787886;Elsevier Masson s.r.l.;No;No;0,428;Q2;45;115;281;1777;369;243;1,43;15,45;28,96;0;France;Western Europe;Elsevier Masson s.r.l.;2010-2026;Surgery (Q2);Medicine
283;19248;Thoracic and Cardiovascular Surgeon;journal;14391902, 01716425;Georg Thieme Verlag;No;No;0,428;Q2;61;96;319;2051;432;279;1,28;21,36;25,05;0;Germany;Western Europe;Georg Thieme Verlag;1973-2026;"Surgery (Q2); Cardiology and Cardiovascular Medicine (Q3); Pulmonary and Respiratory Medicine (Q3)";Medicine
284;21101068011;Brain Hemorrhages;journal;2589238X;KeAi Communications Co.;Yes;No;0,426;Q2;13;65;132;2789;196;110;1,56;42,91;36,2;0;China;Asiatic Region;KeAi Communications Co.;2020-2025;"Surgery (Q2); Neurology (Q3); Neurology (clinical) (Q3); Neuroscience (miscellaneous) (Q4)";"Medicine; Neuroscience"
285;7100153108;Innovations: Technology and Techniques in Cardiothoracic and Vascular Surgery;journal;15569845, 15590879;SAGE Publications Ltd;No;No;0,426;Q2;37;121;327;2032;350;251;0,99;16,79;23,03;0;United Kingdom;Western Europe;SAGE Publications Ltd;2005-2026;"Surgery (Q2); Cardiology and Cardiovascular Medicine (Q3); Medicine (miscellaneous) (Q3); Pulmonary and Respiratory Medicine (Q3)";Medicine
286;25029;European Journal of Prosthodontics and Restorative Dentistry;journal;23968893, 09657452;Dennis Barber Ltd;No;No;0,425;Q2;35;48;117;2215;185;117;1,46;46,15;45,26;0;United Kingdom;Western Europe;Dennis Barber Ltd;1992-2026;"Dentistry (miscellaneous) (Q2); Oral Surgery (Q2); Surgery (Q2); Transplantation (Q3)";"Dentistry; Medicine"
287;21101318133;Journal of Clinical and Translational Pathology;journal;2771165X, 29935202;Xia and He Publishing Inc.;No;No;0,425;Q2;7;25;73;912;104;68;1,78;36,48;52,33;0;United States;Northern America;Xia and He Publishing Inc.;2021-2025;"Surgery (Q2); Pathology and Forensic Medicine (Q3)";Medicine
288;21707;Journal of Neurosurgical Sciences;journal;03905616, 18271855;Edizioni Minerva Medica;No;No;0,418;Q2;46;57;306;2508;347;248;1,2;44;27,33;0;Italy;Western Europe;Edizioni Minerva Medica;1957-2026;"Surgery (Q2); Neurology (clinical) (Q3)";Medicine
289;21101044937;Minerva Dental and Oral Science;journal;27246329, 27246337;Edizioni Minerva Medica S.p.A.;No;No;0,418;Q2;38;44;163;1864;260;146;2,3;42,36;42,32;0;Italy;Western Europe;Edizioni Minerva Medica S.p.A.;2021-2025;"Oral Surgery (Q2); Surgery (Q2); Otorhinolaryngology (Q3)";"Dentistry; Medicine"
290;21101316431;JMIR XR and Spatial Computing;journal;28183045;JMIR Publications Inc.;Yes;No;0,413;Q2;4;21;19;1263;44;18;2,32;60,14;34,68;0;Canada;Northern America;JMIR Publications Inc.;2024-2025;"Anesthesiology and Pain Medicine (Q2); Critical Care and Intensive Care Medicine (Q2); Surgery (Q2); Health Informatics (Q3)";Medicine
291;23827;Journal of Cardiac Surgery;journal;08860440, 15408191;John Wiley and Sons Inc;No;No;0,413;Q2;71;60;1226;1538;1091;839;0,41;25,63;23,39;0;United States;Northern America;John Wiley and Sons Inc;1986-2026;"Surgery (Q2); Cardiology and Cardiovascular Medicine (Q3); Pulmonary and Respiratory Medicine (Q3)";Medicine
292;21100202150;Operations Research for Health Care;journal;22116923;Elsevier B.V.;No;No;0,413;Q2;41;1;28;42;73;27;1,77;42;0;0;United Kingdom;Western Europe;Elsevier B.V.;2012-2025;"Health Professions (miscellaneous) (Q2); Oral Surgery (Q2); Surgery (Q2); Management Science and Operations Research (Q3); Medicine (miscellaneous) (Q3); Otorhinolaryngology (Q3)";"Decision Sciences; Dentistry; Health Professions; Medicine"
293;50194;Surgical Laparoscopy, Endoscopy and Percutaneous Techniques;journal;15304515, 15344908;Lippincott Williams and Wilkins;No;No;0,404;Q2;72;75;358;1972;432;351;1,17;26,29;30,09;0;United States;Northern America;Lippincott Williams and Wilkins;1991, 1996-1998, 2000-2026;Surgery (Q2);Medicine
294;21101047190;Journal of Chest Surgery;journal;27651614, 27651606;Korean Society for Thoracic and Cardiovascular Surgery;Yes;Yes;0,402;Q2;11;46;238;710;310;227;1,25;15,43;26,98;0;South Korea;Asiatic Region;Korean Society for Thoracic and Cardiovascular Surgery;2021-2026;"Surgery (Q2); Cardiology and Cardiovascular Medicine (Q3); Pulmonary and Respiratory Medicine (Q3)";Medicine
295;21100874186;Computer Assisted Surgery;journal;24699322;Taylor and Francis Ltd.;Yes;No;0,401;Q2;72;18;39;691;88;38;2,38;38,39;23,58;0;United Kingdom;Western Europe;Taylor and Francis Ltd.;2016-2026;"Family Practice (Q2); Surgery (Q2); Computer Science Applications (Q3)";"Computer Science; Medicine"
296;20671;Vascular;journal;1708539X, 17085381;SAGE Publications Ltd;No;No;0,393;Q2;62;234;539;5770;629;519;0,99;24,66;26,81;0;United Kingdom;Western Europe;SAGE Publications Ltd;1993-2026;"Surgery (Q2); Cardiology and Cardiovascular Medicine (Q3); Medicine (miscellaneous) (Q3); Radiology, Nuclear Medicine and Imaging (Q3)";Medicine
297;21101052864;Precision Cancer Medicine;journal;26172216;AME Publishing Company;No;No;0,39;Q2;11;1;62;52;57;50;0,91;52;37,5;0;Hong Kong;Asiatic Region;AME Publishing Company;2018-2025;"Anesthesiology and Pain Medicine (Q2); Surgery (Q2); Oncology (Q3); Oncology (nursing) (Q3); Pharmacology (medical) (Q3); Cancer Research (Q4)";"Biochemistry, Genetics and Molecular Biology; Medicine; Nursing"
298;21673;Journal of Craniofacial Surgery;journal;10492275, 15363732;Lippincott Williams and Wilkins;No;No;0,388;Q2;94;1490;2654;33070;3202;2540;1,1;22,19;39,08;0;United States;Northern America;Lippincott Williams and Wilkins;1990-2026;"Surgery (Q2); Medicine (miscellaneous) (Q3); Otorhinolaryngology (Q3)";Medicine
299;21101037127;Current Oral Health Reports;journal;21963002;Springer Nature;No;No;0,387;Q2;37;29;85;1644;178;85;1,68;56,69;45,61;0;Netherlands;Western Europe;Springer Nature;2014-2026;"Oral Surgery (Q2); Surgery (Q2); Immunology and Microbiology (miscellaneous)  (Q3)";"Dentistry; Immunology and Microbiology; Medicine"
300;18576;Pediatric Neurosurgery;journal;10162291, 14230305;S. Karger AG;No;No;0,386;Q2;85;33;125;1152;164;119;1,51;34,91;35,96;0;Switzerland;Western Europe;S. Karger AG;1955, 1975-1985, 1987-2026;"Surgery (Q2); Medicine (miscellaneous) (Q3); Neurology (clinical) (Q3); Pediatrics, Perinatology and Child Health (Q3)";Medicine
301;4900152701;Brazilian Journal of Cardiovascular Surgery;journal;01027638, 16789741;Sociedade Brasileira de Cirurgia Cardiovascular;Yes;Yes;0,385;Q2;39;121;395;2450;484;335;1,15;20,25;22,3;0;Brazil;Latin America;Sociedade Brasileira de Cirurgia Cardiovascular;2006-2026;"Surgery (Q2); Cardiology and Cardiovascular Medicine (Q3); Medicine (miscellaneous) (Q3)";Medicine
302;21625;International Journal of Surgical Pathology;journal;10668969, 19402465;SAGE Publications Inc.;No;No;0,384;Q2;59;321;603;7411;641;581;1,03;23,09;45,7;0;United States;Northern America;SAGE Publications Inc.;1993-2026;"Anatomy (Q2); Surgery (Q2); Pathology and Forensic Medicine (Q3)";Medicine
303;21100211108;Journal of Lasers in Medical Sciences;journal;22286721, 20089783;Laser Application in Medical Sciences Research Center;Yes;No;0,383;Q3;41;58;220;2068;423;219;1,89;35,66;51,89;0;Iran;Middle East;Laser Application in Medical Sciences Research Center;2010-2025;"Dentistry (miscellaneous) (Q2); Dermatology (Q3); Nephrology (Q3); Orthopedics and Sports Medicine (Q3); Surgery (Q3); Urology (Q3)";"Dentistry; Medicine"
304;146161;Acta Cirurgica Brasileira;journal;01028650, 16782674;Sociedade Brasileira para o Desenvolvimento de Pesquisa em Cirurgia;Yes;No;0,381;Q3;42;84;253;2168;421;251;1,52;25,81;39,45;0;Brazil;Latin America;Sociedade Brasileira para o Desenvolvimento de Pesquisa em Cirurgia;2002-2026;Surgery (Q3);Medicine
305;95292;Annals of Thoracic and Cardiovascular Surgery;journal;21861005, 13411098;Japanese Association for Coronary Artery Surgery;Yes;No;0,381;Q3;51;55;175;1048;244;172;1,3;19,05;16,3;0;Japan;Asiatic Region;Japanese Association for Coronary Artery Surgery;1998-2026;"Cardiology and Cardiovascular Medicine (Q3); Gastroenterology (Q3); Medicine (miscellaneous) (Q3); Pulmonary and Respiratory Medicine (Q3); Surgery (Q3)";Medicine
306;21101073270;Frontiers of Oral and Maxillofacial Medicine;journal;2664777X;AME Publishing Company;No;No;0,38;Q3;10;30;116;1358;155;109;1,07;45,27;41,18;0;Hong Kong;Asiatic Region;AME Publishing Company;2019-2025;"Oral Surgery (Q2); Otorhinolaryngology (Q3); Surgery (Q3)";"Dentistry; Medicine"
307;34839;Ulusal Travma ve Acil Cerrahi Dergisi;journal;1306696X, 13077945;Turkish Association of Trauma and Emergency Surgery;No;No;0,377;Q3;33;173;600;4382;808;595;1,34;25,33;19,25;0;Turkey;Middle East;Turkish Association of Trauma and Emergency Surgery;2003-2004, 2006-2026;"Emergency Medicine (Q2); Anesthesiology and Pain Medicine (Q3); Surgery (Q3)";Medicine
308;21087;Digestive Surgery;journal;14219883, 02534886;S. Karger AG;No;No;0,375;Q3;83;38;91;1110;107;89;1,16;29,21;24,07;1;Switzerland;Western Europe;S. Karger AG;1984-2025;"Gastroenterology (Q3); Surgery (Q3)";Medicine
309;21100332435;World Journal for Pediatric and Congenital Heart Surgery;journal;2150136X, 21501351;SAGE Publications Inc.;No;No;0,373;Q3;39;169;429;2905;392;376;0,82;17,19;31,14;0;United States;Northern America;SAGE Publications Inc.;2010-2026;"Cardiology and Cardiovascular Medicine (Q3); Medicine (miscellaneous) (Q3); Pediatrics, Perinatology and Child Health (Q3); Surgery (Q3)";Medicine
310;21100218539;Asian Journal of Endoscopic Surgery;journal;17585902, 17585910;Blackwell Publishing Asia;No;No;0,372;Q3;32;233;431;3455;469;421;1,06;14,83;12,73;0;Japan;Asiatic Region;Blackwell Publishing Asia;2011-2026;"Gastroenterology (Q3); Surgery (Q3)";Medicine
311;20529;British Journal of Neurosurgery;journal;02688697, 1360046X;Taylor and Francis Ltd.;No;No;0,372;Q3;80;171;801;4781;820;710;0,9;27,96;22,72;1;United Kingdom;Western Europe;Taylor and Francis Ltd.;1987-2026;"Medicine (miscellaneous) (Q3); Neurology (clinical) (Q3); Surgery (Q3)";Medicine
312;17500155106;Egyptian Journal of Neurology, Psychiatry and Neurosurgery;journal;16878329, 11101083;Springer Science and Business Media Deutschland GmbH;Yes;Yes;0,371;Q3;27;129;490;5076;781;477;1,5;39,35;44,7;0;Germany;Western Europe;Springer Science and Business Media Deutschland GmbH;2009-2016, 2018-2026;"Neurology (clinical) (Q3); Psychiatry and Mental Health (Q3); Surgery (Q3); Neuroscience (miscellaneous) (Q4)";"Medicine; Neuroscience"
313;21701;Journal of Laparoendoscopic and Advanced Surgical Techniques;journal;15579034, 10926429;Mary Ann Liebert Inc.;No;No;0,368;Q3;76;161;573;4055;706;556;1,21;25,19;24,88;0;United States;Northern America;Mary Ann Liebert Inc.;1997-2026;Surgery (Q3);Medicine
314;21101162544;Neurosurgical Focus: Video;journal;26435217;American Association of Neurological Surgeons;No;No;0,366;Q3;7;58;164;375;131;149;0,76;6,47;21,21;0;United States;Northern America;American Association of Neurological Surgeons;2019-2026;"Neurology (Q3); Surgery (Q3)";"Medicine; Neuroscience"
315;21101157700;Surgery in Practice and Science;journal;26662620;Elsevier Ltd;Yes;No;0,359;Q3;10;50;207;1443;255;204;1,25;28,86;30,79;0;United Kingdom;Western Europe;Elsevier Ltd;2020-2026;"Otorhinolaryngology (Q3); Surgery (Q3); Urology (Q3)";Medicine
316;21100977384;Vascular Specialist International;journal;22887989, 22887970;Korean Society for Vascular Surgery;Yes;Yes;0,358;Q3;12;39;131;845;133;119;1,15;21,67;21,09;0;South Korea;Asiatic Region;Korean Society for Vascular Surgery;2019-2026;"Cardiology and Cardiovascular Medicine (Q3); Surgery (Q3)";Medicine
317;21101330186;Cardiothoracic Surgeon;journal;26622203;Springer Science and Business Media Deutschland GmbH;Yes;No;0,355;Q3;8;37;79;1007;86;73;1,26;27,22;25,3;0;Germany;Western Europe;Springer Science and Business Media Deutschland GmbH;2019-2026;"Cardiology and Cardiovascular Medicine (Q3); Surgery (Q3)";Medicine
318;21101089567;Journal of Cerebrovascular and Endovascular Neurosurgery;journal;22873139, 22348565;Korean Society of Cerebrovascular Surgeons (KSCVS);No;No;0,352;Q3;11;37;146;792;162;144;0,95;21,41;15,2;0;South Korea;Asiatic Region;Korean Society of Cerebrovascular Surgeons (KSCVS);2019-2025;"Cardiology and Cardiovascular Medicine (Q3); Neurology (clinical) (Q3); Surgery (Q3)";Medicine
319;21101303300;Reproductive Medicine;journal;26733897;Multidisciplinary Digital Publishing Institute (MDPI);Yes;No;0,352;Q3;9;44;74;1786;91;71;1,02;40,59;60,75;0;Switzerland;Western Europe;Multidisciplinary Digital Publishing Institute (MDPI);2020-2025;"Biochemistry, Genetics and Molecular Biology (miscellaneous) (Q3); Obstetrics and Gynecology (Q3); Reproductive Medicine (Q3); Surgery (Q3)";"Biochemistry, Genetics and Molecular Biology; Medicine"
320;10800153307;Revista do Colegio Brasileiro de Cirurgioes;journal;18094546, 01006991;Colegio Brasileiro de Cirurgioes;Yes;No;0,348;Q3;33;23;217;695;249;189;1,06;30,22;29,35;0;Brazil;Latin America;Colegio Brasileiro de Cirurgioes;2007-2026;Surgery (Q3);Medicine
321;1000147113;Indian Journal of Plastic Surgery;journal;1998376X, 09700358;Georg Thieme Verlag;Yes;Yes;0,345;Q3;48;0;234;0;234;178;0,85;0;0;0;India;Asiatic Region;Georg Thieme Verlag;1968-1985, 1987-1996, 1999-2001, 2003-2024;Surgery (Q3);Medicine
322;21101309424;Journal of the Pediatric Orthopaedic Society of North America;journal;27682765;Elsevier B.V.;Yes;No;0,345;Q3;8;119;331;3123;315;288;1,05;26,24;40,04;0;Netherlands;Western Europe;Elsevier B.V.;2019-2026;"Orthopedics and Sports Medicine (Q3); Pediatrics, Perinatology and Child Health (Q3); Rehabilitation (Q3); Surgery (Q3)";Medicine
323;21101056445;Journal of Hand and Microsurgery;journal;09743227, 09746897;Society for Indian Hand Surgery and Microsurgeons;No;No;0,344;Q3;10;137;240;3652;200;202;0,85;26,66;25,43;0;United States;Northern America;Society for Indian Hand Surgery and Microsurgeons;2014-2015, 2018-2026;Surgery (Q3);Medicine
324;145396;Journal of Minimal Access Surgery;journal;19983921, 09729941;Wolters Kluwer Medknow Publications;Yes;No;0,344;Q3;37;80;296;1342;325;290;1,07;16,78;23,62;0;India;Asiatic Region;Wolters Kluwer Medknow Publications;2005-2026;Surgery (Q3);Medicine
325;21100828127;Journal of Vascular Surgery Cases, Innovations and Techniques;journal;24684287;Society for Vascular Surgery;Yes;No;0,344;Q3;17;320;745;4360;652;701;0,93;13,63;26,51;0;United States;Northern America;Society for Vascular Surgery;2016-2026;"Cardiology and Cardiovascular Medicine (Q3); Surgery (Q3)";Medicine
326;15190;Acta Orthopaedica Belgica;journal;16462;ARSMB-KVBMG;No;No;0,341;Q3;63;45;335;1171;300;335;0,82;26,02;23,33;0;Belgium;Western Europe;ARSMB-KVBMG;1946-2025;"Medicine (miscellaneous) (Q3); Orthopedics and Sports Medicine (Q3); Surgery (Q3)";Medicine
327;21100934095;Innovative Surgical Sciences;journal;23647485;Walter de Gruyter GmbH;Yes;No;0,337;Q3;22;43;70;1254;101;64;1,51;29,16;36,13;0;Germany;Western Europe;Walter de Gruyter GmbH;2017-2026;Surgery (Q3);Medicine
328;21101307585;Oral — Health, Diseases, Therapies, and Technologies;journal;26736373;Multidisciplinary Digital Publishing Institute (MDPI);Yes;No;0,337;Q3;9;104;122;6005;207;119;1,74;57,74;54,17;0;Switzerland;Western Europe;Multidisciplinary Digital Publishing Institute (MDPI);2021-2025;"Public Health, Environmental and Occupational Health (Q3); Surgery (Q3); Genetics (Q4)";"Biochemistry, Genetics and Molecular Biology; Medicine"
329;21101145470;Wound Practice and Research;journal;18376304, 22029729;Cambridge Media;No;No;0,336;Q3;11;26;84;914;88;70;1,37;35,15;66,15;0;Australia;Pacific Region;Cambridge Media;2019-2025;"Medical and Surgical Nursing (Q1); Dermatology (Q3); Surgery (Q3)";"Medicine; Nursing"
330;21100900367;Journal of Radiosurgery and SBRT;journal;21564639, 21564647;Old City Publishing;No;No;0,335;Q3;15;18;59;509;49;54;0,83;28,28;26,47;0;Spain;Western Europe;Old City Publishing;2018-2026;"Radiological and Ultrasound Technology (Q3); Radiology, Nuclear Medicine and Imaging (Q3); Surgery (Q3)";"Health Professions; Medicine"
331;19700201171;Surgical Neurology International;journal;22295097, 21527806;Scientific Scholar;Yes;No;0,333;Q3;52;298;1495;5903;1375;1427;0,89;19,81;22,67;0;India;Asiatic Region;Scientific Scholar;2011-2026;"Neurology (clinical) (Q3); Surgery (Q3)";Medicine
332;62420;Turkish Neurosurgery;journal;26515032, 10195149;Turkish Neurosurgical Society;No;No;0,33;Q3;39;121;454;3407;427;441;0,89;28,16;23,05;0;Turkey;Middle East;Turkish Neurosurgical Society;1990-2026;"Neurology (clinical) (Q3); Surgery (Q3)";Medicine
333;21101147341;Surgeries (Switzerland);journal;26734095;Multidisciplinary Digital Publishing Institute (MDPI);Yes;No;0,328;Q3;12;112;194;5252;301;191;1,65;46,89;32,43;0;Switzerland;Western Europe;Multidisciplinary Digital Publishing Institute (MDPI);2020-2025;"Oral Surgery (Q2); Surgery (Q3)";"Dentistry; Medicine"
334;21100216323;Journal of Neurological Surgery, Part A: Central European Neurosurgery;journal;21936323, 21936315;Georg Thieme Verlag;No;No;0,327;Q3;42;78;276;2265;255;273;0,89;29,04;20,41;0;Germany;Western Europe;Georg Thieme Verlag;2012-2026;"Medicine (miscellaneous) (Q3); Neurology (clinical) (Q3); Surgery (Q3)";Medicine
335;29604;Clinics in Podiatric Medicine and Surgery;journal;15582302, 08918422;W.B. Saunders;No;No;0,326;Q3;43;68;197;2001;191;161;0,86;29,43;23,48;0;United States;Northern America;W.B. Saunders;1986-2026;"Orthopedics and Sports Medicine (Q3); Surgery (Q3)";Medicine
336;21128;European Journal of Plastic Surgery;journal;0930343X, 14350130;Springer Science and Business Media Deutschland GmbH;No;No;0,326;Q3;32;115;397;3357;351;385;0,99;29,19;33,26;0;Germany;Western Europe;Springer Science and Business Media Deutschland GmbH;1986-2026;Surgery (Q3);Medicine
337;21101038724;AORTA;journal;23254637;Thieme Medical Publishers, Inc.;No;No;0,325;Q3;22;32;97;633;83;94;0,61;19,78;28;0;United States;Northern America;Thieme Medical Publishers, Inc.;2013-2025;"Cardiology and Cardiovascular Medicine (Q3); Radiology, Nuclear Medicine and Imaging (Q3); Surgery (Q3)";Medicine
338;21100933829;Journal of Maxillofacial and Oral Surgery;journal;0974942X, 09728279;Springer India;No;No;0,325;Q3;39;534;776;11087;766;761;0,88;20,76;38,37;0;India;Asiatic Region;Springer India;2009-2026;"Oral Surgery (Q3); Otorhinolaryngology (Q3); Surgery (Q3)";"Dentistry; Medicine"
339;19246;Techniques in Hand and Upper Extremity Surgery;journal;10893393, 15316572;Lippincott Williams and Wilkins Ltd.;No;No;0,321;Q3;37;45;147;175;99;136;0,54;3,89;31,79;0;United States;Northern America;Lippincott Williams and Wilkins Ltd.;1997, 2001-2026;"Orthopedics and Sports Medicine (Q3); Surgery (Q3)";Medicine
340;21101304251;JVS-Vascular Insights;journal;29499127;Elsevier B.V.;Yes;No;0,319;Q3;6;150;142;4563;138;133;0,97;30,42;34,38;0;Netherlands;Western Europe;Elsevier B.V.;2023-2026;"Cardiology and Cardiovascular Medicine (Q3); Internal Medicine (Q3); Surgery (Q3)";Medicine
341;13153;Wounds;journal;19432704, 10447946;Cliggott Publishing Co.;No;No;0,311;Q3;54;67;276;1676;259;251;0,9;25,01;46,26;0;United States;Northern America;Cliggott Publishing Co.;1996-2025;"Medical and Surgical Nursing (Q2); Medicine (miscellaneous) (Q3); Surgery (Q3)";"Medicine; Nursing"
342;21100228108;Minimally Invasive Surgery;journal;20901453, 20901445;John Wiley and Sons Ltd;Yes;No;0,308;Q3;29;0;14;0;23;14;1,5;0;0;0;United States;Northern America;John Wiley and Sons Ltd;2010-2024;Surgery (Q3);Medicine
343;24855;Journal of Cosmetic and Laser Therapy;journal;14764172, 14764180;Informa Healthcare;No;No;0,305;Q3;63;29;60;798;78;59;1,03;27,52;42,22;0;United Kingdom;Western Europe;Informa Healthcare;1999-2026;"Dermatology (Q3); Medicine (miscellaneous) (Q3); Surgery (Q3)";Medicine
344;22188;Polski Przeglad Chirurgiczny/ Polish Journal of Surgery;journal;22992847, 0032373X;Index Copernicus International;Yes;No;0,304;Q3;24;65;197;1916;207;197;1,02;29,48;34,85;0;Poland;Eastern Europe;Index Copernicus International;1952-1980, 2002-2026;"Medicine (miscellaneous) (Q3); Surgery (Q3)";Medicine
345;21100455208;Journal of Cutaneous and Aesthetic Surgery;journal;09745157, 09742077;Scientific Scholar LLC;Yes;No;0,302;Q3;33;70;224;999;229;195;1,04;14,27;54,29;0;United States;Northern America;Scientific Scholar LLC;2008-2026;"Dermatology (Q3); Surgery (Q3)";Medicine
346;21100867681;Journal of Hand Surgery Asian-Pacific Volume;journal;24248363, 24248355;World Scientific;No;No;0,302;Q3;35;102;367;1898;240;351;0,55;18,61;22,01;0;Singapore;Asiatic Region;World Scientific;2016-2026;"Medicine (miscellaneous) (Q3); Orthopedics and Sports Medicine (Q3); Surgery (Q3)";Medicine
347;21101041546;National Journal of Maxillofacial Surgery;journal;09755950, 22293418;Wolters Kluwer Medknow Publications;No;No;0,302;Q3;15;95;254;2225;267;246;0,96;23,42;47,23;0;India;Asiatic Region;Wolters Kluwer Medknow Publications;2019-2025;"Oral Surgery (Q3); Surgery (Q3)";"Dentistry; Medicine"
348;21100810718;International Journal of Surgery Protocols;journal;24683574;Wolters Kluwer Health;Yes;No;0,301;Q3;11;4;40;111;26;40;0,5;27,75;39,13;0;United Kingdom;Western Europe;Wolters Kluwer Health;2016-2025;Surgery (Q3);Medicine
349;19279;Transplantation Proceedings;journal;00411345, 18732623;Elsevier Inc.;No;No;0,297;Q3;94;322;1399;7051;1188;1368;0,89;21,9;35,95;0;United States;Northern America;Elsevier Inc.;1969-2026;"Surgery (Q3); Transplantation (Q3)";Medicine
350;21100834771;Flebologiya;journal;19976976, 23095601;Media Sphera Publishing Group;No;No;0,296;Q3;11;34;93;1202;101;89;1,11;35,35;38,84;0;Russian Federation;Eastern Europe;Media Sphera Publishing Group;2017-2025;"Cardiology and Cardiovascular Medicine (Q3); Hematology (Q3); Surgery (Q3)";Medicine
351;145189;Tuberkuloz ve Toraks;journal;4941373;Ankara University;No;No;0,295;Q3;24;39;151;925;129;127;0,91;23,72;56,71;0;Turkey;Middle East;Ankara University;2003-2025;"Critical Care and Intensive Care Medicine (Q3); Pulmonary and Respiratory Medicine (Q3); Surgery (Q3)";Medicine
352;21101289902;Frontiers in Anesthesiology;journal;2813480X;Frontiers Media SA;Yes;No;0,294;Q3;4;20;62;667;53;60;1;33,35;38,16;0;Switzerland;Western Europe;Frontiers Media SA;2022-2026;"Anesthesiology and Pain Medicine (Q3); Critical Care and Intensive Care Medicine (Q3); Pharmacology (medical) (Q3); Surgery (Q3)";Medicine
353;21100204904;Indian Journal of Surgical Oncology;journal;09757651, 09766952;Springer;No;No;0,294;Q3;30;419;609;10533;566;547;0,76;25,14;36,26;0;India;Asiatic Region;Springer;2010-2026;"Oncology (Q3); Surgery (Q3)";Medicine
354;56053;Thoracic and Cardiovascular Surgeon, Supplement;journal;9464778;Georg Thieme Verlag;No;No;0,294;Q3;14;10;9;440;13;9;1,75;44;21,43;0;Germany;Western Europe;Georg Thieme Verlag;1990, 1999, 2007, 2010, 2012, 2015, 2017, 2019-2026;"Cardiology and Cardiovascular Medicine (Q3); Pulmonary and Respiratory Medicine (Q3); Surgery (Q3)";Medicine
355;21100823138;Malaysian Orthopaedic Journal;journal;2232111X, 19852533;Malaysian Orthopaedic Association;Yes;No;0,293;Q3;20;60;180;1101;167;164;0,91;18,35;14,39;0;Malaysia;Asiatic Region;Malaysian Orthopaedic Association;2015-2025;"Emergency Medicine (Q2); Orthopedics and Sports Medicine (Q3); Surgery (Q3)";Medicine
356;35404;Operative Techniques in Sports Medicine;journal;15579794, 10601872;W.B. Saunders;No;No;0,293;Q3;39;15;121;914;116;109;0,68;60,93;26,42;0;United States;Northern America;W.B. Saunders;1993-2025;"Orthopedics and Sports Medicine (Q3); Surgery (Q3); Sports Science (Q4)";"Health Professions; Medicine"
357;19222;Surgical Technology International;journal;10903941;Universal Medical Press;No;No;0,292;Q3;41;0;243;0;248;243;0,78;0;0;0;United States;Northern America;Universal Medical Press;2002-2010, 2012-2025;Surgery (Q3);Medicine
358;21100981275;EJVES Vascular Forum;journal;2666688X;Elsevier Ltd;Yes;No;0,29;Q3;14;59;159;895;174;113;1,13;15,17;32,72;0;United Kingdom;Western Europe;Elsevier Ltd;2020-2026;"Cardiology and Cardiovascular Medicine (Q3); Surgery (Q3)";Medicine
359;13732;Indian Journal of Otolaryngology and Head and Neck Surgery;journal;22313796, 09737707;Springer;No;No;0,29;Q3;37;980;3109;17880;2263;3090;0,57;18,24;40,06;0;India;Asiatic Region;Springer;1993-2026;"Otorhinolaryngology (Q3); Surgery (Q3)";Medicine
360;19284;Vascular and Endovascular Surgery;journal;19389116, 15385744;SAGE Publications Inc.;No;No;0,286;Q3;59;136;419;3062;341;414;0,9;22,51;25,28;1;United States;Northern America;SAGE Publications Inc.;1967-1973, 1975-2026;"Cardiology and Cardiovascular Medicine (Q3); Medicine (miscellaneous) (Q3); Surgery (Q3)";Medicine
361;21101082066;International Journal of Abdominal Wall and Hernia Surgery;journal;25898078, 25898736;Wolters Kluwer Medknow Publications;Yes;Yes;0,285;Q3;8;50;113;849;107;104;0,92;16,98;25;0;India;Asiatic Region;Wolters Kluwer Medknow Publications;2019-2025;Surgery (Q3);Medicine
362;21101152613;Journal of Neurosurgery: Case Lessons;journal;26941902;American Association of Neurological Surgeons;No;No;0,285;Q3;10;429;971;9750;722;956;0,71;22,73;23,91;0;United States;Northern America;American Association of Neurological Surgeons;2021-2026;"Neurology (clinical) (Q3); Surgery (Q3)";Medicine
363;15600154704;Revista Espanola de Cirugia Ortopedica y Traumatologia;journal;18884415, 19888856;Ediciones Doyma, S.L.;Yes;No;0,285;Q3;22;120;263;2723;191;215;0,87;22,69;25,53;0;Spain;Western Europe;Ediciones Doyma, S.L.;2008-2026;"Orthopedics and Sports Medicine (Q3); Surgery (Q3)";Medicine
364;59726;Trauma (United Kingdom);journal;14770350, 14604086;SAGE Publications Ltd;No;No;0,285;Q3;23;38;175;964;127;153;0,67;25,37;32,11;0;United Kingdom;Western Europe;SAGE Publications Ltd;1999-2026;"Emergency Medicine (Q2); Critical Care and Intensive Care Medicine (Q3); Surgery (Q3)";Medicine
365;21101302105;Annals of Thoracic Surgery Short Reports;journal;27729931;Elsevier B.V.;Yes;No;0,282;Q3;5;296;215;2327;139;208;0,65;7,86;24,7;0;Netherlands;Western Europe;Elsevier B.V.;2022-2026;"Cardiology and Cardiovascular Medicine (Q3); Hematology (Q3); Surgery (Q3); Biochemistry (Q4)";"Biochemistry, Genetics and Molecular Biology; Medicine"
366;100156;European Surgery - Acta Chirurgica Austriaca;journal;16824016, 16828631;Springer Medizin;No;No;0,279;Q3;25;64;103;1966;78;83;0,73;30,72;25,33;0;Austria;Western Europe;Springer Medizin;1974-1975, 1998, 2001-2026;Surgery (Q3);Medicine
367;21101136429;Chinese Journal of Plastic and Reconstructive Surgery;journal;20966911, 2772686X;KeAi Communications Co.;Yes;No;0,278;Q3;7;44;122;1383;123;121;0,85;31,43;45,76;0;China;Asiatic Region;KeAi Communications Co.;2020-2026;Surgery (Q3);Medicine
368;6800153103;Zeitschrift fur Orthopadie und Unfallchirurgie;journal;18646697, 18646743;Georg Thieme Verlag;Yes;No;0,278;Q3;41;98;322;1602;195;239;0,51;16,35;25,44;0;Germany;Western Europe;Georg Thieme Verlag;2007-2026;"Medicine (miscellaneous) (Q3); Orthopedics and Sports Medicine (Q3); Surgery (Q3)";Medicine
369;21101251289;Neurosurgery Practice;journal;28344383;Lippincott Williams and Wilkins;Yes;No;0,272;Q3;4;55;83;1459;63;83;0,76;26,53;22,1;0;United States;Northern America;Lippincott Williams and Wilkins;2020-2026;"Neurology (clinical) (Q3); Surgery (Q3)";Medicine
370;21101101204;Burns Open;journal;24689122;Elsevier B.V.;Yes;No;0,271;Q3;16;54;134;1343;135;133;0,94;24,87;41,35;0;Netherlands;Western Europe;Elsevier B.V.;2017-2026;"Critical Care and Intensive Care Medicine (Q3); Dermatology (Q3); Emergency Medicine (Q3); Surgery (Q3)";Medicine
371;21101137843;Case Reports in Plastic Surgery and Hand Surgery;journal;23320885;Taylor and Francis Ltd.;Yes;No;0,268;Q3;11;39;121;813;93;121;0,62;20,85;29,81;0;United Kingdom;Western Europe;Taylor and Francis Ltd.;2014-2026;Surgery (Q3);Medicine
372;4000148901;Congenital Heart Disease;journal;17470803, 1747079X;Tech Science Press;No;No;0,268;Q3;64;60;165;2047;260;157;2,15;34,12;39,25;0;United Kingdom;Western Europe;Tech Science Press;2006-2026;"Cardiology and Cardiovascular Medicine (Q3); Medicine (miscellaneous) (Q3); Pediatrics, Perinatology and Child Health (Q3); Radiology, Nuclear Medicine and Imaging (Q3); Surgery (Q3)";Medicine
373;19700177401;International Journal of Surgery Case Reports;journal;22102612;Elsevier Ltd;Yes;No;0,266;Q3;34;849;3891;13993;2601;3868;0,64;16,48;29,51;1;United Kingdom;Western Europe;Elsevier Ltd;2010-2025;Surgery (Q3);Medicine
374;17488;Neurocirugia;journal;23406305, 11301473;Neurocirugia;No;No;0,266;Q3;27;57;152;1399;122;147;0,82;24,54;26,52;0;Spain;Western Europe;Neurocirugia;1972-1980, 1990-1995, 1999-2026;"Neurology (clinical) (Q3); Surgery (Q3)";Medicine
375;21101340497;Annals of Clinical nutrition and Metabolism;journal;27997898, 27998363;Korean Society of Surgical nutrition and Metabolism;No;No;0,265;Q3;4;28;51;693;41;43;0,92;24,75;33,06;0;North Korea;Asiatic Region;Korean Society of Surgical nutrition and Metabolism;2021-2025;"Nutrition and Dietetics (Q3); Surgery (Q3)";"Medicine; Nursing"
376;12989;Revista Brasileira de Ortopedia;journal;19824378, 01023616;Thieme;Yes;Yes;0,265;Q3;32;98;482;2401;321;473;0,58;24,5;13,99;0;Brazil;Latin America;Thieme;1996-2000, 2011-2025;"Orthopedics and Sports Medicine (Q3); Surgery (Q3)";Medicine
377;21101161406;Foregut;journal;26345161;SAGE Publications Inc.;No;No;0,264;Q3;7;60;190;1328;107;161;0,37;22,13;31,61;0;United States;Northern America;SAGE Publications Inc.;2021-2025;"Gastroenterology (Q3); Surgery (Q3); Oncology (Q4)";Medicine
378;21100941154;Current Surgery Reports;journal;21674817;Springer;No;No;0,263;Q3;17;48;127;2608;111;127;0,88;54,33;39,66;0;United States;Northern America;Springer;2013, 2015-2026;Surgery (Q3);Medicine
379;20400;Acta Chirurgica Belgica;journal;25770160, 00015458;Taylor and Francis Ltd.;No;No;0,262;Q3;44;49;261;1014;254;260;0,88;20,69;31,16;0;United Kingdom;Western Europe;Taylor and Francis Ltd.;1946-2026;"Medicine (miscellaneous) (Q3); Surgery (Q3)";Medicine
380;21101168850;Journal of Minimally Invasive Spine Surgery and Technique;journal;25082043;Korean Minimally Invasive Spine Surgery Society;Yes;Yes;0,261;Q3;7;85;140;1862;98;132;0,73;21,91;18,69;0;South Korea;Asiatic Region;Korean Minimally Invasive Spine Surgery Society;2019-2026;"Medicine (miscellaneous) (Q3); Orthopedics and Sports Medicine (Q3); Surgery (Q3); Neurology (clinical) (Q4)";Medicine
381;21100445638;Perioperative Care and Operating Room Management;journal;24056030;Elsevier Inc.;No;No;0,261;Q3;14;140;210;4010;216;197;1,12;28,64;45,37;1;United States;Northern America;Elsevier Inc.;2015-2026;"Medical and Surgical Nursing (Q2); Anesthesiology and Pain Medicine (Q3); Critical Care and Intensive Care Medicine (Q3); Surgery (Q3)";"Medicine; Nursing"
382;21100788882;Transplantation Reports;journal;24519596;Elsevier Inc.;Yes;No;0,261;Q3;6;19;67;1018;59;66;0,87;53,58;44,57;0;United States;Northern America;Elsevier Inc.;2016-2026;"Surgery (Q3); Transplantation (Q3)";Medicine
383;21100333810;Bulletin of the Hospital for Joint Diseases;journal;23284633, 23285273;J. Michael Ryan Publishing Inc.;No;No;0,259;Q3;54;34;158;1186;86;146;0,61;34,88;29,25;0;United States;Northern America;J. Michael Ryan Publishing Inc.;2013-2025;"Medicine (miscellaneous) (Q3); Orthopedics and Sports Medicine (Q3); Surgery (Q3); Rheumatology (Q4)";Medicine
384;145442;Journal of Indian Association of Pediatric Surgeons;journal;09719261, 19983891;Wolters Kluwer Medknow Publications;Yes;No;0,257;Q3;25;164;406;2316;242;352;0,55;14,12;35,42;0;India;Asiatic Region;Wolters Kluwer Medknow Publications;2002, 2005-2026;"Pediatrics, Perinatology and Child Health (Q3); Surgery (Q3)";Medicine
385;21100877196;Annals of Maxillofacial Surgery;journal;22310746, 22493816;Wolters Kluwer Medknow Publications;No;No;0,254;Q3;22;54;168;971;148;161;0,68;17,98;39,2;0;India;Asiatic Region;Wolters Kluwer Medknow Publications;2018-2025;"Oral Surgery (Q3); Surgery (Q3)";"Dentistry; Medicine"
386;21100315995;Interdisciplinary Neurosurgery: Advanced Techniques and Case Management;journal;22147519;Elsevier B.V.;Yes;No;0,254;Q3;23;161;611;4085;423;603;0,92;25,37;22,14;0;Netherlands;Western Europe;Elsevier B.V.;2014-2026;"Surgery (Q3); Neurology (clinical) (Q4)";Medicine
387;21101367671;Journal of Pediatric Surgery Open;journal;29497116;Elsevier B.V.;Yes;No;0,252;Q3;4;53;158;1236;106;156;0,67;23,32;38,06;1;Netherlands;Western Europe;Elsevier B.V.;2023-2026;Surgery (Q3);Medicine
388;38410;Acta Chirurgiae Orthopaedicae et Traumatologiae Cechoslovaca;journal;15415;Galen s.r.o.;No;No;0,251;Q3;32;48;165;1239;109;164;0,61;25,81;16,22;0;Czech Republic;Eastern Europe;Galen s.r.o.;1950-1991, 1993-1994, 1996-2025;"Medicine (miscellaneous) (Q3); Orthopedics and Sports Medicine (Q3); Surgery (Q3)";Medicine
389;21030;Cirugia y Cirujanos;journal;00097411, 2444054X;Permanyer Publications;Yes;Yes;0,251;Q3;23;109;479;2579;316;430;0,65;23,66;40,32;0;Mexico;Latin America;Permanyer Publications;1945-1962, 1964-1974, 1976-1984, 2003-2025;Surgery (Q3);Medicine
390;4000151502;Journal of Perioperative Practice;journal;17504589, 25157949;SAGE Publications Ltd;No;No;0,251;Q3;24;138;205;3412;165;175;0,67;24,72;44,3;1;United Kingdom;Western Europe;SAGE Publications Ltd;2006-2026;"Medical and Surgical Nursing (Q2); Anesthesiology and Pain Medicine (Q3); Medicine (miscellaneous) (Q3); Surgery (Q3)";"Medicine; Nursing"
391;21101044721;Annals of Laparoscopic and Endoscopic Surgery;journal;25186973;AME Publishing Company;No;No;0,249;Q3;12;37;112;1616;98;98;0,82;43,68;28,17;0;China;Asiatic Region;AME Publishing Company;2019-2026;Surgery (Q3);Medicine
392;13023;Seminars in Spine Surgery;journal;15584496, 10407383;W.B. Saunders;No;No;0,249;Q3;20;39;118;1401;65;109;0,61;35,92;14,78;0;United States;Northern America;W.B. Saunders;1990-2026;"Orthopedics and Sports Medicine (Q3); Surgery (Q3)";Medicine
393;40682;Chirurgia (Romania);journal;12219118, 1842368X;Editura Celsius;Yes;No;0,248;Q3;28;84;259;2704;188;256;0,91;32,19;34,89;0;Romania;Eastern Europe;Editura Celsius;1991-1998, 2000-2025;Surgery (Q3);Medicine
394;21026;Cirugia Espanola;journal;0009739X, 1578147X;Asociacion Espanola de Cirujanos;No;No;0,248;Q3;32;162;625;2838;439;554;0,68;17,52;43,84;1;Spain;Western Europe;Asociacion Espanola de Cirujanos;1973-1985, 1992, 2001-2026;Surgery (Q3);Medicine
395;22470;Asian Cardiovascular and Thoracic Annals;journal;02184923, 18165370;SAGE Publications Inc.;No;No;0,247;Q3;33;41;326;634;250;308;0,85;15,46;21,36;0;United States;Northern America;SAGE Publications Inc.;1994-2026;"Medicine (miscellaneous) (Q3); Surgery (Q3); Cardiology and Cardiovascular Medicine (Q4); Pulmonary and Respiratory Medicine (Q4)";Medicine
396;12100155625;Indian Journal of Thoracic and Cardiovascular Surgery;journal;09709134, 09737723;Springer India;No;No;0,247;Q3;20;307;539;4496;372;443;0,59;14,64;24,64;1;India;Asiatic Region;Springer India;1982-1985, 1987, 1989, 1991-1996, 2000-2026;"Surgery (Q3); Cardiology and Cardiovascular Medicine (Q4); Pulmonary and Respiratory Medicine (Q4)";Medicine
397;21100810709;Biomedical Photonics;journal;24139432;Russian Photodynamic Association;Yes;Yes;0,245;Q3;11;11;59;369;67;59;1,1;33,55;41,94;0;Russian Federation;Eastern Europe;Russian Photodynamic Association;2015-2025;"Dermatology (Q3); Surgery (Q3)";Medicine
398;21101307222;Journal of Joint Surgery and Research;journal;29497051;Elsevier B.V.;Yes;No;0,244;Q3;3;40;31;1294;22;31;0,71;32,35;14,23;0;Netherlands;Western Europe;Elsevier B.V.;2024-2026;"Orthopedics and Sports Medicine (Q3); Surgery (Q3); Biophysics (Q4)";"Biochemistry, Genetics and Molecular Biology; Medicine"
399;14297;Operative Techniques in Otolaryngology - Head and Neck Surgery;journal;10431810, 15579395;W.B. Saunders;No;No;0,241;Q3;24;57;142;1922;88;134;0,55;33,72;36,77;0;United States;Northern America;W.B. Saunders;1990-2025;"Otorhinolaryngology (Q3); Surgery (Q3)";Medicine
400;21101053549;Annals of Esophagus;journal;26162784;AME Publishing Company;No;No;0,24;Q3;7;36;114;1487;94;100;0,55;41,31;36,29;0;Hong Kong;Asiatic Region;AME Publishing Company;2018-2025;"Gastroenterology (Q3); Surgery (Q3)";Medicine
401;21101140510;Unfallchirurgie (Germany);journal;2731703X, 27317021;Springer Medizin;No;No;0,24;Q3;57;137;415;3065;267;332;0,67;22,37;20,85;0;Germany;Western Europe;Springer Medizin;2022-2026;"Emergency Medicine (Q3); Orthopedics and Sports Medicine (Q3); Surgery (Q3)";Medicine
402;19600157921;African Journal of Paediatric Surgery;journal;09745998, 01896725;Wolters Kluwer Medknow Publications;Yes;No;0,239;Q3;25;0;202;0;171;195;0,64;0;0;0;India;Asiatic Region;Wolters Kluwer Medknow Publications;2009-2024;"Pediatrics, Perinatology and Child Health (Q3); Surgery (Q3)";Medicine
403;21101264200;Current Challenges in Thoracic Surgery;journal;26643278;AME Publishing Company;No;No;0,239;Q3;6;43;126;1642;91;112;0,62;38,19;30,3;0;Hong Kong;Asiatic Region;AME Publishing Company;2022-2025;"Surgery (Q3); Physiology (medical) (Q4)";Medicine
404;23248;Heart Surgery Forum;journal;15226662, 10983511;Forum Multimedia Publishing LLC;No;No;0,238;Q3;43;75;450;2453;314;441;0,69;32,71;32,73;0;United States;Northern America;Forum Multimedia Publishing LLC;1998-2025;"Surgery (Q3); Cardiology and Cardiovascular Medicine (Q4)";Medicine
405;21100873489;Journal of Child Science;journal;24745871;Georg Thieme Verlag;Yes;No;0,232;Q3;12;0;50;0;49;48;0,62;0;0;0;Germany;Western Europe;Georg Thieme Verlag;2017-2024;"Pediatrics, Perinatology and Child Health (Q3); Surgery (Q3)";Medicine
406;9600153103;Surgery (United Kingdom);journal;18781764, 02639319;Elsevier Ltd;No;No;0,231;Q3;31;108;342;1970;323;342;0,65;18,24;28,5;0;United Kingdom;Western Europe;Elsevier Ltd;2006-2026;Surgery (Q3);Medicine
407;19283;Turkish Journal of Surgery;journal;25647032, 25646850;Turkish Surgical Society;No;No;0,226;Q3;20;79;174;1577;126;162;0,62;19,96;22,84;0;Turkey;Middle East;Turkish Surgical Society;1994-2025;Surgery (Q3);Medicine
408;20470;Annales de Chirurgie Plastique Esthetique;journal;1768319X, 02941260;Elsevier Masson s.r.l.;No;No;0,224;Q3;35;98;217;2268;116;208;0,57;23,14;29,77;0;France;Western Europe;Elsevier Masson s.r.l.;1983-2026;Surgery (Q3);Medicine
409;21100222518;Journal of Oral and Maxillofacial Surgery, Medicine, and Pathology;journal;22125558;Elsevier Ltd;No;No;0,224;Q3;19;226;391;6544;244;386;0,62;28,96;30,47;0;United Kingdom;Western Europe;Elsevier Ltd;2012-2026;"Oral Surgery (Q3); Otorhinolaryngology (Q3); Pathology and Forensic Medicine (Q3); Surgery (Q3)";"Dentistry; Medicine"
410;20482;Annali Italiani di Chirurgia;journal;0003469X, 2239253X;Edizioni Luigi Pozzi;No;No;0,223;Q3;30;198;415;5914;271;408;0,72;29,87;37,69;0;Italy;Western Europe;Edizioni Luigi Pozzi;1947-1948, 1950-1971, 1973-2026;Surgery (Q3);Medicine
411;21101294932;Journal of Oral and Maxillofacial Anesthesia;journal;27908852;AME Publishing Company;No;No;0,221;Q3;4;28;100;1725;62;72;0,75;61,61;44,58;0;Hong Kong;Asiatic Region;AME Publishing Company;2022-2025;"Anesthesiology and Pain Medicine (Q3); Otorhinolaryngology (Q3); Surgery (Q3)";Medicine
412;21101157701;Orthoplastic Surgery;journal;2666769X;Wolters Kluwer Medknow Publications;No;No;0,221;Q3;7;0;79;0;71;71;1,08;0;0;0;United Kingdom;Western Europe;Wolters Kluwer Medknow Publications;2020-2024;"Surgery (Q3); Orthopedics and Sports Medicine (Q4)";Medicine
413;22282;Seminars in Colon and Rectal Surgery;journal;10431489, 15584585;W.B. Saunders;No;No;0,221;Q3;16;34;107;708;64;94;0,66;20,82;44,68;0;United States;Northern America;W.B. Saunders;1996-2026;"Surgery (Q3); Gastroenterology (Q4)";Medicine
414;19700188108;Kardiochirurgia i Torakochirurgia Polska;journal;18974252, 17315530;Termedia Publishing House Ltd.;Yes;Yes;0,218;Q3;20;60;170;1319;102;104;0,57;21,98;26,2;0;Poland;Eastern Europe;Termedia Publishing House Ltd.;2008-2025;"Surgery (Q3); Cardiology and Cardiovascular Medicine (Q4)";Medicine
415;21101052759;Laparoscopic Surgery;journal;26164221;AME Publishing Company;No;No;0,217;Q3;6;5;61;101;24;53;0,43;20,2;42,86;0;Hong Kong;Asiatic Region;AME Publishing Company;2018-2025;"Surgery (Q3); Radiology, Nuclear Medicine and Imaging (Q4)";Medicine
416;21101115668;Mini-invasive Surgery;journal;25741225;OAE Publishing Inc.;No;No;0,217;Q3;9;13;126;663;78;119;0,55;51;28,24;0;United States;Northern America;OAE Publishing Inc.;2019-2025;Surgery (Q3);Medicine
417;21101246364;Journal of Trauma and Injury;journal;27994317, 22871683;The Korean Society of Traumatology;Yes;Yes;0,21;Q3;5;56;185;1160;119;178;0,62;20,71;24,26;0;South Korea;Asiatic Region;The Korean Society of Traumatology;2019, 2021-2025;"Emergency Medicine (Q3); Surgery (Q3)";Medicine
418;21101360986;Journal of Urological Surgery;journal;21489580;Galenos Publishing House;Yes;No;0,21;Q3;4;45;153;995;78;153;0,51;22,11;11,9;0;Turkey;Middle East;Galenos Publishing House;2021-2025;"Surgery (Q3); Urology (Q3)";Medicine
419;27581;Journal of Gynecologic Surgery;journal;10424067;Mary Ann Liebert Inc.;No;No;0,209;Q3;18;66;214;1144;79;176;0,26;17,33;59,59;0;United States;Northern America;Mary Ann Liebert Inc.;1989-2026;"Obstetrics and Gynecology (Q3); Surgery (Q3)";Medicine
420;19900191817;Turkish Journal of Thoracic and Cardiovascular Surgery;journal;21498156, 13015680;Baycinar Medical Publishing;Yes;No;0,206;Q3;15;83;369;1498;207;362;0,5;18,05;21,24;1;Turkey;Middle East;Baycinar Medical Publishing;2010-2026;"Surgery (Q3); Cardiology and Cardiovascular Medicine (Q4); Pulmonary and Respiratory Medicine (Q4)";Medicine
421;21101091059;Ambulatornaya Khirurgiya;journal;27128741, 27822591;Remedium Group Ltd;Yes;Yes;0,204;Q3;4;60;138;1618;60;131;0,38;26,97;36,28;0;Russian Federation;Eastern Europe;Remedium Group Ltd;2021-2025;"Anesthesiology and Pain Medicine (Q3); Surgery (Q3); Urology (Q3); Cardiology and Cardiovascular Medicine (Q4); Gastroenterology (Q4)";Medicine
422;21101163288;Face;journal;27325016;SAGE Publications Inc.;No;No;0,204;Q3;8;90;236;2520;120;190;0,48;28;45,74;0;United States;Northern America;SAGE Publications Inc.;2020-2025;Surgery (Q3);Medicine
423;21100466857;JBJS Case Connector;journal;21603251;Lippincott Williams and Wilkins;No;No;0,203;Q3;16;332;819;4437;314;818;0,37;13,36;20,09;0;United States;Northern America;Lippincott Williams and Wilkins;2013-2026;"Surgery (Q3); Medicine (miscellaneous) (Q4); Orthopedics and Sports Medicine (Q4)";Medicine
424;21100831023;International Journal of Cancer Management;journal;25384422, 2538497X;Brieflands;Yes;No;0,199;Q3;30;62;194;1923;108;192;0,51;31,02;48,69;0;Netherlands;Western Europe;Brieflands;2015-2026;"Surgery (Q3); Cancer Research (Q4); Oncology (Q4); Pharmacology (medical) (Q4); Radiology, Nuclear Medicine and Imaging (Q4)";"Biochemistry, Genetics and Molecular Biology; Medicine"
425;21591;Handchirurgie Mikrochirurgie Plastische Chirurgie;journal;07221819, 14393980;Georg Thieme Verlag;No;No;0,197;Q3;36;61;218;1643;105;196;0,64;26,93;30,87;0;Germany;Western Europe;Georg Thieme Verlag;1982-2026;"Surgery (Q3); Orthopedics and Sports Medicine (Q4)";Medicine
426;21100932734;Journal of Surgical Case Reports;journal;20428812;Oxford University Press;Yes;No;0,197;Q3;19;1007;2136;11532;1011;2136;0,45;11,45;28,53;0;United Kingdom;Western Europe;Oxford University Press;2010-2026;Surgery (Q3);Medicine
427;19200156802;Chinese Journal of Gastrointestinal Surgery;journal;16710274;Chinese Medical Journals Publishing House Co.Ltd;No;No;0,196;Q3;19;202;547;6000;321;538;0,55;29,7;29,44;0;China;Asiatic Region;Chinese Medical Journals Publishing House Co.Ltd;2005-2026;"Surgery (Q3); Gastroenterology (Q4)";Medicine
428;17064;Laser Therapy;journal;18847269, 08985901;Page Press Publications;No;No;0,196;Q3;32;11;47;257;17;39;0,29;23,36;42,86;0;Italy;Western Europe;Page Press Publications;1989-2000, 2004-2020, 2022-2026;"Surgery (Q3); Biomedical Engineering (Q4)";"Engineering; Medicine"
429;21100393214;Oral and Maxillofacial Surgery Cases;journal;22145419;Elsevier Inc.;Yes;No;0,196;Q3;8;48;137;934;60;135;0,39;19,46;23,64;0;United States;Northern America;Elsevier Inc.;2015-2026;"Oral Surgery (Q3); Otorhinolaryngology (Q3); Surgery (Q3)";"Dentistry; Medicine"
430;21101085509;Creative Cardiology;journal;24109169, 19973187;Bakoulev National Medical Research Center for Cardiovascular Surgery;No;No;0,195;Q3;6;46;154;1471;54;151;0,4;31,98;54,94;0;Russian Federation;Eastern Europe;Bakoulev National Medical Research Center for Cardiovascular Surgery;2019-2025;"Internal Medicine (Q3); Surgery (Q3); Cardiology and Cardiovascular Medicine (Q4); Radiology, Nuclear Medicine and Imaging (Q4)";Medicine
431;21101058296;Chinese Journal of Microsurgery;journal;10012036;Chinese Medical Journals Publishing House Co.Ltd;No;No;0,194;Q3;8;79;327;1728;101;324;0,28;21,87;30,9;0;China;Asiatic Region;Chinese Medical Journals Publishing House Co.Ltd;2019, 2021-2025;"Anatomy (Q3); Surgery (Q3); Orthopedics and Sports Medicine (Q4)";Medicine
432;21101065898;Russian Journal of Gastroenterology, Hepatology, Coloproctology;journal;26586673, 13824376;Gastro LLC;Yes;Yes;0,194;Q3;15;60;183;2428;177;183;1,02;40,47;54,86;0;Russian Federation;Eastern Europe;Gastro LLC;2019-2025;"Surgery (Q3); Gastroenterology (Q4); Hepatology (Q4); Internal Medicine (Q4)";Medicine
433;21100446421;International Journal of Surgery Open;journal;24058572;Lippincott Williams and Wilkins;Yes;No;0,193;Q3;19;106;436;2286;216;282;0,35;21,57;24,75;0;United States;Northern America;Lippincott Williams and Wilkins;2015-2025;Surgery (Q3);Medicine
434;21101158570;Australasian Journal of Plastic Surgery;journal;2209170X;;Yes;No;0,192;Q3;4;36;114;524;39;72;0,28;14,56;29,21;0;Australia;Pacific Region;;2020-2025;Surgery (Q3);Medicine
435;21100473251;Grudnaya i Serdechno-Sosudistaya Khirurgiya;journal;02362791, 24108685;Bakoulev National Medical Research Center for Cardiovascular Surgery;No;No;0,189;Q3;6;47;251;1196;119;250;0,55;25,45;29,23;0;Russian Federation;Eastern Europe;Bakoulev National Medical Research Center for Cardiovascular Surgery;1990-1993, 2019-2025;"Surgery (Q3); Cardiology and Cardiovascular Medicine (Q4); Pulmonary and Respiratory Medicine (Q4)";Medicine
436;21101077284;Koloproktologia;journal;20737556, 26867303;Association of Coloproctologists of Russia;No;No;0,186;Q3;10;73;186;2255;137;180;0,85;30,89;37,42;0;Russian Federation;Eastern Europe;Association of Coloproctologists of Russia;2019-2025;"Surgery (Q3); Gastroenterology (Q4); Oncology (Q4)";Medicine
437;19336;Zhurnal Voprosy Nejrokhirurgii Imeni N.N. Burdenko;journal;00428817, 23091681;Media Sphera Publishing Group;No;No;0,186;Q3;15;81;257;1620;123;254;0,5;20;39,18;0;Russian Federation;Eastern Europe;Media Sphera Publishing Group;1945-2026;"Surgery (Q3); Medicine (miscellaneous) (Q4); Neurology (clinical) (Q4)";Medicine
438;21100369811;JCRS Online Case Reports;journal;22141677;Lippincott Williams and Wilkins;Yes;No;0,185;Q3;8;53;77;601;27;77;0,39;11,34;32,19;0;United States;Northern America;Lippincott Williams and Wilkins;2013-2026;"Ophthalmology (Q3); Surgery (Q3)";Medicine
439;21100231618;Oral Surgery;journal;17522471, 1752248X;Wiley-Blackwell Publishing Ltd;No;No;0,183;Q3;18;91;274;2322;102;198;0,41;25,52;37,11;0;United Kingdom;Western Europe;Wiley-Blackwell Publishing Ltd;2007-2026;"Oral Surgery (Q3); Surgery (Q3)";"Dentistry; Medicine"
440;21101259363;AME Surgical Journal;journal;2788578X;AME Publishing Company;No;No;0,182;Q3;5;54;119;1847;55;106;0,52;34,2;19,77;0;Hong Kong;Asiatic Region;AME Publishing Company;2021-2025;Surgery (Q3);Medicine
441;33319;Pediatria Medica e Chirurgica;journal;03915387, 24207748;Page Press Publications;Yes;No;0,182;Q3;21;8;49;196;39;49;1,07;24,5;38,46;0;Italy;Western Europe;Page Press Publications;1979-2026;"Pediatrics, Perinatology and Child Health (Q3); Surgery (Q3)";Medicine
442;22301;South African Journal of Surgery;journal;20785151, 00382361;Medpharm Publications;Yes;No;0,182;Q3;27;75;234;1017;88;222;0,33;13,56;42,53;0;South Africa;Africa;Medpharm Publications;1965-2025;Surgery (Q3);Medicine
443;4700152775;Techniques in Foot and Ankle Surgery;journal;15360644, 15381943;Lippincott Williams and Wilkins Ltd.;No;No;0,182;Q3;21;27;115;666;29;113;0,3;24,67;17,71;0;United States;Northern America;Lippincott Williams and Wilkins Ltd.;2002-2026;"Surgery (Q3); Orthopedics and Sports Medicine (Q4)";Medicine
444;21101044831;Annals of Movement Disorders;journal;25903454, 25903446;Wolters Kluwer Medknow Publications;Yes;Yes;0,181;Q3;8;51;111;977;47;80;0,44;19,16;28,41;0;India;Asiatic Region;Wolters Kluwer Medknow Publications;2018-2025;"Surgery (Q3); Cognitive Neuroscience (Q4); Neurology (Q4); Neurology (clinical) (Q4); Neuroscience (miscellaneous) (Q4)";"Medicine; Neuroscience"
445;21100200808;Annals of Pediatric Surgery;journal;16874137, 20905394;Egyptian Pediatric Surgical Association (EPSA), Arab Association of Pediatric Surgeons (AAPS), Mediterranean Association of Pediatric Surgeons (MAPS), and Pan African Pediatric Surgical Association (PAPSA);Yes;Yes;0,18;Q3;10;0;146;0;53;144;0,34;0;0;0;Egypt;Africa/Middle East;Egyptian Pediatric Surgical Association (EPSA), Arab Association of Pediatric Surgeons (AAPS), Mediterranean Association of Pediatric Surgeons (MAPS), and Pan African Pediatric Surgical Association (PAPSA);2009, 2011-2024;"Pediatrics, Perinatology and Child Health (Q3); Surgery (Q3)";Medicine
446;21101039659;Video-Assisted Thoracic Surgery;journal;25190792;AME Publishing Company;No;No;0,177;Q3;6;36;108;1300;39;88;0,28;36,11;30,36;0;Hong Kong;Asiatic Region;AME Publishing Company;2019-2025;"Surgery (Q3); Computer Science Applications (Q4); Pulmonary and Respiratory Medicine (Q4)";"Computer Science; Medicine"
447;21100235629;Journal of Clinical Urology;journal;20514158, 20514166;SAGE Publications Ltd;No;No;0,176;Q3;19;93;322;1788;107;287;0,39;19,23;27,25;1;United Kingdom;Western Europe;SAGE Publications Ltd;2008-2026;"Surgery (Q3); Urology (Q4)";Medicine
448;21101176017;Journal of Visualized Surgery;journal;22212965;AME Publishing Company;No;No;0,176;Q3;5;30;121;627;48;108;0,4;20,9;26,97;0;Hong Kong;Asiatic Region;AME Publishing Company;2018, 2021-2025;"Communication (Q3); Surgery (Q3); Education (Q4)";"Medicine; Social Sciences"
449;21100943297;Iranian Journal of Breast Diseases;journal;26457482, 17359406;Iranian Academic Center for Education, Culture and Research;Yes;No;0,175;Q3;6;29;85;1005;58;85;0,59;34,66;49,51;0;Iran;Middle East;Iranian Academic Center for Education, Culture and Research;2019-2025;"Surgery (Q3); Internal Medicine (Q4); Oncology (Q4)";Medicine
450;21100829265;Bariatric Surgical Practice and Patient Care;journal;2168023X, 21680248;Mary Ann Liebert Inc.;No;No;0,172;Q3;19;45;100;1347;31;88;0,29;29,93;42,54;0;United States;Northern America;Mary Ann Liebert Inc.;2013-2025;"Medical and Surgical Nursing (Q3); Surgery (Q3); Nutrition and Dietetics (Q4)";"Medicine; Nursing"
451;21101138628;Chirurgie (Germany);journal;27316971, 2731698X;Springer Medizin;No;No;0,172;Q3;52;206;643;3585;264;488;0,44;17,4;31,47;1;Germany;Western Europe;Springer Medizin;2022-2026;Surgery (Q3);Medicine
452;21100825825;Pediatric Traumatology, Orthopaedics and Reconstructive Surgery;journal;23093994, 24108731;Eco-Vector LLC;Yes;No;0,172;Q3;9;42;142;1477;42;139;0,35;35,17;41,12;0;Russian Federation;Eastern Europe;Eco-Vector LLC;2013-2025;"Pediatrics, Perinatology and Child Health (Q3); Surgery (Q3); Orthopedics and Sports Medicine (Q4)";Medicine
453;21100967532;Annals of HPB Surgery;journal;19955464, 24089524;VIDAR Publishing House;No;No;0,17;Q4;7;43;158;841;46;152;0,3;19,56;29,77;0;Russian Federation;Eastern Europe;VIDAR Publishing House;2019-2025;"Gastroenterology (Q4); Hepatology (Q4); Surgery (Q4)";Medicine
454;19324;Chinese Journal of Surgery;journal;5295815;Chinese Medical Journals Publishing House Co.Ltd;No;No;0,17;Q4;21;148;467;3998;236;466;0,54;27,01;27,22;0;China;Asiatic Region;Chinese Medical Journals Publishing House Co.Ltd;1957, 1959-1964, 1979-2016, 2019-2026;Surgery (Q4);Medicine
455;82801;Formosan Journal of Surgery;journal;1682606X, 22135413;Wolters Kluwer Medknow Publications;Yes;Yes;0,169;Q4;11;79;199;959;48;104;0,25;12,14;35,15;0;India;Asiatic Region;Wolters Kluwer Medknow Publications;1999-2003, 2011-2026;Surgery (Q4);Medicine
456;21101194561;Advances in Cosmetic Surgery;journal;25424327, 25424793;Elsevier Inc.;No;No;0,168;Q4;5;20;62;601;26;56;0,36;30,05;65;0;United States;Northern America;Elsevier Inc.;2018-2025;"Dermatology (Q4); Surgery (Q4)";Medicine
457;5200153010;Revista Espanola de Cirugia Oral y Maxilofacial;journal;11300558;Ediciones Ergon SA;Yes;No;0,168;Q4;10;11;95;128;17;84;0,15;11,64;40;0;Spain;Western Europe;Ediciones Ergon SA;2006-2025;"Oral Surgery (Q3); Otorhinolaryngology (Q4); Surgery (Q4)";"Dentistry; Medicine"
458;20397;Acta Chirurgiae Plasticae;journal;00015423, 18054404;Czech Medical Association J.E. Purkyne;No;No;0,164;Q4;22;23;89;492;26;71;0,25;21,39;45,1;0;Czech Republic;Eastern Europe;Czech Medical Association J.E. Purkyne;1959-2025;Surgery (Q4);Medicine
459;21101210875;Journal of Clinical Otorhinolaryngology Head and Neck Surgery;journal;20967993;;No;No;0,164;Q4;14;213;612;4117;205;612;0,32;19,33;44,17;0;China;Asiatic Region;;2017, 2019-2026;"Otorhinolaryngology (Q4); Surgery (Q4)";Medicine
460;21101327441;Philippine Journal of Otolaryngology Head and Neck Surgery;journal;20941501, 19084889;Philippine Society of Otolaryngology Head and Neck Surgery;Yes;No;0,163;Q4;2;46;89;549;18;66;0,2;11,93;28,57;0;Philippines;Asiatic Region;Philippine Society of Otolaryngology Head and Neck Surgery;2021-2025;Surgery (Q4);Medicine
461;21747;Pirogov Russian Journal of Surgery;journal;00231207, 23095628;Media Sphera Publishing Group;No;No;0,163;Q4;14;212;622;4578;242;616;0,36;21,59;29,53;0;Russian Federation;Eastern Europe;Media Sphera Publishing Group;1945-2026;"History and Philosophy of Science (Q3); Medicine (miscellaneous) (Q4); Surgery (Q4)";"Arts and Humanities; Medicine"
462;21100255429;Journal of Pediatric Surgery Case Reports;journal;22135766;Elsevier Inc.;Yes;No;0,161;Q4;16;198;772;2765;205;771;0,25;13,96;42,29;0;United States;Northern America;Elsevier Inc.;2013-2026;"Pediatrics, Perinatology and Child Health (Q3); Surgery (Q4)";Medicine
463;21101140404;Journal of Turkish Spinal Surgery;journal;13010336, 21475903;Galenos Publishing House;No;No;0,16;Q4;4;34;101;676;31;87;0,37;19,88;18,68;0;Turkey;Middle East;Galenos Publishing House;2019-2026;"Orthopedics and Sports Medicine (Q4); Surgery (Q4)";Medicine
464;21101072122;OBM Transplantation;journal;25775820;LIDSEN Publishing Inc;No;No;0,16;Q4;6;30;67;1439;28;63;0,46;47,97;41,28;0;United States;Northern America;LIDSEN Publishing Inc;2019-2026;"Biochemistry (medical) (Q4); Immunology (Q4); Surgery (Q4); Transplantation (Q4)";"Immunology and Microbiology; Medicine"
465;21101133428;Surgery Open Digestive Advance;journal;26670089;Elsevier Masson s.r.l.;Yes;No;0,158;Q4;4;23;114;363;40;105;0,38;15,78;21,67;0;France;Western Europe;Elsevier Masson s.r.l.;2021-2026;"Education (Q4); Surgery (Q4)";"Medicine; Social Sciences"
466;21611;Indian Journal of Surgery;journal;09739793, 09722068;Springer India;Yes;No;0,157;Q4;35;359;1266;5671;400;1062;0,31;15,8;27,31;0;India;Asiatic Region;Springer India;1945-1952, 1958, 1965, 1967, 1973-1983, 2004-2026;Surgery (Q4);Medicine
467;21101049092;Revista Brasileira de Cirurgia Plastica;journal;19835175, 21771235;Sociedade Brasileira de Cirurgia Plastica;Yes;Yes;0,156;Q4;6;40;232;758;54;218;0,23;18,95;37,5;0;Brazil;Latin America;Sociedade Brasileira de Cirurgia Plastica;2019-2026;Surgery (Q4);Medicine
468;21101253655;Russian Military Medical Academy Reports;journal;27132315, 27132323;Eco-Vector LLC;No;No;0,156;Q4;4;50;152;1116;51;152;0,38;22,32;32,57;0;Russian Federation;Eastern Europe;Eco-Vector LLC;2020-2025;"Epidemiology (Q4); Medicine (miscellaneous) (Q4); Pharmacology (medical) (Q4); Surgery (Q4)";Medicine
469;21100332451;Genes and Cells;journal;23131829;Human Stem Cell Institute;No;No;0,155;Q4;9;28;114;1333;47;114;0,4;47,61;64,96;0;Russian Federation;Eastern Europe;Human Stem Cell Institute;2014-2025;"Biomedical Engineering (Q4); Biotechnology (Q4); Cell Biology (Q4); Molecular Biology (Q4); Surgery (Q4); Transplantation (Q4)";"Biochemistry, Genetics and Molecular Biology; Engineering; Medicine"
470;15100;Revista Brasileira de Oftalmologia;journal;19828551, 00347280;Sociedade Brasileira de Oftalmologia;Yes;Yes;0,155;Q4;15;96;214;1998;61;203;0,27;20,81;40,79;0;Brazil;Latin America;Sociedade Brasileira de Oftalmologia;1947-1971, 1973-2026;"Ophthalmology (Q4); Surgery (Q4)";Medicine
471;21101081512;Paediatric Surgery (Ukraine);journal;25211358, 23040041;Group of Companies Med Expert, LLC;Yes;Yes;0,154;Q4;5;56;173;1371;61;173;0,41;24,48;35;0;Ukraine;Eastern Europe;Group of Companies Med Expert, LLC;2019-2025;"Pediatrics, Perinatology and Child Health (Q4); Surgery (Q4)";Medicine
472;21101186890;Turkish Journal of Vascular Surgery;journal;26675080;Turkish National Vascular and Endovascular Surgery Society;Yes;Yes;0,154;Q4;4;39;105;926;27;101;0,32;23,74;18,4;0;Turkey;Middle East;Turkish National Vascular and Endovascular Surgery Society;2022-2025;"Cardiology and Cardiovascular Medicine (Q4); Surgery (Q4)";Medicine
473;21101134739;Annals of Vascular Surgery - Brief Reports and Innovations;journal;27726878;Elsevier Inc.;Yes;No;0,153;Q4;5;65;316;1026;88;308;0,27;15,78;31,54;0;United States;Northern America;Elsevier Inc.;2021-2025;"Cardiology and Cardiovascular Medicine (Q4); Surgery (Q4)";Medicine
474;21101019768;Chinese Journal of Orthopaedic Trauma;journal;16717600;Chinese Medical Journals Publishing House Co.Ltd;No;No;0,153;Q4;10;137;505;4021;197;499;0,45;29,35;25,86;0;China;Asiatic Region;Chinese Medical Journals Publishing House Co.Ltd;2019-2026;"Orthopedics and Sports Medicine (Q4); Physical Therapy, Sports Therapy and Rehabilitation (Q4); Rehabilitation (Q4); Surgery (Q4)";"Health Professions; Medicine"
475;21100855812;Genij Ortopedii;journal;10284427, 2542131X;Russian Ilizarov Scientific Center for Restorative Traumatology and Orthopaedics;Yes;Yes;0,153;Q4;11;87;294;2910;130;287;0,52;33,45;25,95;0;Russian Federation;Eastern Europe;Russian Ilizarov Scientific Center for Restorative Traumatology and Orthopaedics;2017-2025;"Orthopedics and Sports Medicine (Q4); Surgery (Q4)";Medicine
476;21101138526;Journal of Wound Management and Research;journal;25860402, 25860410;Korean Wound Management Society;No;No;0,153;Q4;6;24;119;530;45;116;0,45;22,08;21,43;0;South Korea;Asiatic Region;Korean Wound Management Society;2019-2025;"Medical and Surgical Nursing (Q4); Surgery (Q4)";"Medicine; Nursing"
477;21101050380;Turkish Journal of Plastic Surgery;journal;25288644;Wolters Kluwer Medknow Publications;Yes;Yes;0,153;Q4;5;33;40;879;9;37;0,23;26,64;18,09;0;India;Asiatic Region;Wolters Kluwer Medknow Publications;2016-2021, 2023-2026;Surgery (Q4);Medicine
478;12434;Operative Techniques in Orthopaedics;journal;10486666, 15583848;W.B. Saunders;No;No;0,152;Q4;33;20;94;1010;29;82;0,33;50,5;19,61;0;United States;Northern America;W.B. Saunders;1991-2025;"Orthopedics and Sports Medicine (Q4); Surgery (Q4)";Medicine
479;21100197524;Trauma Monthly;journal;22517472, 22517464;;Yes;No;0,152;Q4;27;36;140;1023;53;135;0,49;28,42;34,53;0;Iran;Middle East;;2011-2026;"Critical Care and Intensive Care Medicine (Q4); Emergency Medicine (Q4); Medicine (miscellaneous) (Q4); Surgery (Q4)";Medicine
480;21101238426;Ukrainian Neurosurgical Journal;journal;26639092, 26639084;SI Romodanov Neurosurgery Institute of the National Academy of Medical Sciences of Ukraine;Yes;Yes;0,152;Q4;3;36;81;1342;17;81;0,28;37,28;29,13;0;Ukraine;Eastern Europe;SI Romodanov Neurosurgery Institute of the National Academy of Medical Sciences of Ukraine;2022-2025;"Cellular and Molecular Neuroscience (Q4); Critical Care and Intensive Care Medicine (Q4); Neurology (clinical) (Q4); Surgery (Q4)";"Medicine; Neuroscience"
481;21101052703;Shanghai Chest;journal;25213768;AME Publishing Company;No;No;0,151;Q4;9;5;95;165;47;80;0,59;33;16,67;0;Hong Kong;Asiatic Region;AME Publishing Company;2017-2025;"Cardiology and Cardiovascular Medicine (Q4); Pulmonary and Respiratory Medicine (Q4); Surgery (Q4)";Medicine
482;21028;Cirugia Plastica Ibero-Latinoamericana;journal;03767892, 19892055;Sociedad Espanola de Cirugia Plastica Reparadora y Estetica (SECPRE);Yes;Yes;0,149;Q4;12;14;176;261;19;150;0,07;18,64;34,69;0;Spain;Western Europe;Sociedad Espanola de Cirugia Plastica Reparadora y Estetica (SECPRE);1975-2002, 2004-2025;Surgery (Q4);Medicine
483;21100197926;Revista Portuguesa de Estomatologia, Medicina Dentaria e Cirurgia Maxilofacial;journal;16462890, 16476700;Sociedade Portguesa de Estomatologia e Medicina Dentaria;Yes;Yes;0,149;Q4;13;111;98;807;36;88;0,27;7,27;59,21;0;Portugal;Western Europe;Sociedade Portguesa de Estomatologia e Medicina Dentaria;2007-2026;"Dentistry (miscellaneous) (Q4); Surgery (Q4)";"Dentistry; Medicine"
484;14861;Ceska a Slovenska Neurologie a Neurochirurgie;journal;18024041, 12107859;Czech Medical Association J.E. Purkyne;Yes;No;0,148;Q4;20;41;208;1345;52;145;0,24;32,8;30,17;0;Czech Republic;Eastern Europe;Czech Medical Association J.E. Purkyne;1973-2025;"Neurology (clinical) (Q4); Surgery (Q4)";Medicine
485;21101339664;General Thoracic and Cardiovascular Surgery Cases;journal;27316203;BioMed Central Ltd;No;No;0,148;Q4;3;50;175;606;62;173;0,36;12,12;10,65;0;United Kingdom;Western Europe;BioMed Central Ltd;2022-2026;"Cardiology and Cardiovascular Medicine (Q4); Surgery (Q4)";Medicine
486;21100875939;Hirurgia Pozvonochnika;journal;18108997, 23131497;Editorial Office of The Journal Hirurgia Pozvonochnika;Yes;Yes;0,148;Q4;8;42;126;976;43;111;0,23;23,24;14,47;0;Russian Federation;Eastern Europe;Editorial Office of The Journal Hirurgia Pozvonochnika;2005, 2016-2025;"Anesthesiology and Pain Medicine (Q4); Orthopedics and Sports Medicine (Q4); Surgery (Q4)";Medicine
487;21101017189;Turkish Journal of Nephrology;journal;26674440;Turkish Society of Nephrology;Yes;Yes;0,147;Q4;7;38;153;925;53;144;0,4;24,34;41,09;0;Turkey;Middle East;Turkish Society of Nephrology;2019-2025;"Nephrology (Q4); Surgery (Q4); Transplantation (Q4)";Medicine
488;21101019760;Chinese Journal of Orthopaedics;journal;2532352;Chinese Medical Journals Publishing House Co.Ltd;No;No;0,146;Q4;11;165;573;5857;223;573;0,34;35,5;24,67;0;China;Asiatic Region;Chinese Medical Journals Publishing House Co.Ltd;2019-2025;"Orthopedics and Sports Medicine (Q4); Physical Therapy, Sports Therapy and Rehabilitation (Q4); Surgery (Q4)";"Health Professions; Medicine"
489;19297;Grekov's Bulletin of Surgery;journal;00424625, 26867370;Pavlov University;Yes;Yes;0,146;Q4;9;65;267;1215;60;261;0,19;18,69;22,11;0;Russian Federation;Eastern Europe;Pavlov University;1946, 1949-2015, 2018-2025;"Medicine (miscellaneous) (Q4); Surgery (Q4)";Medicine
490;21101133217;Russian Cardiology Bulletin;journal;2712889X, 20776764;Media Sphera Publishing Group;No;No;0,146;Q4;5;52;137;1295;61;137;0,47;24,9;52,82;0;Russian Federation;Eastern Europe;Media Sphera Publishing Group;2019-2025;"Family Practice (Q3); Cardiology and Cardiovascular Medicine (Q4); Internal Medicine (Q4); Surgery (Q4)";Medicine
491;19319;Zentralblatt fur Chirurgie;journal;14389592, 0044409X;Georg Thieme Verlag;No;No;0,146;Q4;35;137;355;2401;83;220;0,25;17,53;25,66;0;Germany;Western Europe;Georg Thieme Verlag;1947-1948, 1950-1961, 1963-2026;"Medicine (miscellaneous) (Q4); Surgery (Q4)";Medicine
492;21101020033;Chinese Journal of Digestive Surgery;journal;16739752;Chinese Medical Journals Publishing House Co.Ltd;No;No;0,145;Q4;13;191;575;9515;364;567;0,78;49,82;31,62;0;China;Asiatic Region;Chinese Medical Journals Publishing House Co.Ltd;2019-2025;"Gastroenterology (Q4); Surgery (Q4)";Medicine
493;21100983353;Chinese Journal of Pediatric Surgery;journal;2533006;Chinese Medical Journals Publishing House Co.Ltd;No;No;0,144;Q4;9;171;621;5030;124;620;0,2;29,42;38,06;0;China;Asiatic Region;Chinese Medical Journals Publishing House Co.Ltd;2019-2026;"Pediatrics, Perinatology and Child Health (Q4); Surgery (Q4)";Medicine
494;21100317201;Cirugia Cardiovascular;journal;11340096;Sociedad Espanola de Cirugia Cardiovascular y Endovascular (SECCE);Yes;No;0,144;Q4;12;106;226;2372;57;225;0,23;22,38;35,53;0;Spain;Western Europe;Sociedad Espanola de Cirugia Cardiovascular y Endovascular (SECCE);2012-2026;"Cardiology and Cardiovascular Medicine (Q4); Surgery (Q4)";Medicine
495;21100409309;Egyptian Journal of Ear, Nose, Throat and Allied Sciences;journal;20900740, 20903405;Egyptian Society of Ear Nose Throat and Allied Sciences;Yes;No;0,144;Q4;14;30;138;838;36;138;0,23;27,93;42,7;0;Egypt;Africa/Middle East;Egyptian Society of Ear Nose Throat and Allied Sciences;2011-2026;"Otorhinolaryngology (Q4); Surgery (Q4)";Medicine
496;21101112830;Plastic and Aesthetic Nursing;journal;27703517, 27703509;Wolters Kluwer Health;No;No;0,144;Q4;26;63;162;294;53;126;0,35;4,67;51,95;0;United Kingdom;Western Europe;Wolters Kluwer Health;2022-2026;"Advanced and Specialized Nursing (Q4); Medical and Surgical Nursing (Q4); Surgery (Q4)";"Medicine; Nursing"
497;21101048270;Revista Colombiana de Cirugia;journal;20117582, 26196107;Asociacion Colombiana de Cirugia;Yes;Yes;0,144;Q4;8;138;253;2825;78;217;0,28;20,47;33,9;0;Colombia;Latin America;Asociacion Colombiana de Cirugia;2015, 2019-2026;Surgery (Q4);Medicine
498;21101055924;Indian Spine Journal;journal;25895079, 25895087;Wolters Kluwer Medknow Publications;Yes;Yes;0,143;Q4;6;39;96;911;23;90;0,25;23,36;17,71;0;India;Asiatic Region;Wolters Kluwer Medknow Publications;2018-2026;"Neurology (clinical) (Q4); Orthopedics and Sports Medicine (Q4); Surgery (Q4)";Medicine
499;21101050035;Plastic Surgery and Aesthetic Medicine;journal;26867346, 27133389;Media Sphera Publishing Group;No;No;0,143;Q4;6;86;166;2532;66;166;0,41;29,44;45,67;0;Russian Federation;Eastern Europe;Media Sphera Publishing Group;2019-2025;"Dermatology (Q4); Surgery (Q4)";Medicine
500;21100867682;Surgery, Gastroenterology and Oncology;journal;26011700, 2559723X;Editura Celsius;No;No;0,143;Q4;6;56;149;1404;41;148;0,26;25,07;29,95;0;Romania;Eastern Europe;Editura Celsius;2017-2025;"Gastroenterology (Q4); Oncology (Q4); Surgery (Q4)";Medicine
501;21101201955;Indian Journal of Neurosurgery;journal;22779167, 2277954X;Georg Thieme Verlag;Yes;Yes;0,142;Q4;6;86;171;1398;41;154;0,22;16,26;24,54;0;Germany;Western Europe;Georg Thieme Verlag;2015-2017, 2019-2026;"Neurology (clinical) (Q4); Surgery (Q4)";Medicine
502;4900153207;Revista Cubana de Ortopedia y Traumatologia;journal;0864215X;Editorial Ciencias Medicas;Yes;No;0,142;Q4;5;45;162;883;10;149;0,05;19,62;13,43;0;Cuba;Latin America;Editorial Ciencias Medicas;1996-2003, 2006-2025;"Orthopedics and Sports Medicine (Q4); Rehabilitation (Q4); Surgery (Q4)";Medicine
503;20694;Zeitschrift fur Herz-, Thorax- und Gefasschirurgie;journal;09309225, 14351277;D. Steinkopff-Verlag;No;No;0,142;Q4;8;64;173;1334;33;124;0,24;20,84;17,82;0;Germany;Western Europe;D. Steinkopff-Verlag;1997-2026;"Cardiology and Cardiovascular Medicine (Q4); Pulmonary and Respiratory Medicine (Q4); Surgery (Q4)";Medicine
504;5300152733;Obere Extremitat;journal;18626599, 18626602;Springer Medizin;No;No;0,141;Q4;18;50;144;906;28;115;0,16;18,12;23,14;0;Germany;Western Europe;Springer Medizin;2007-2026;"Orthopedics and Sports Medicine (Q4); Surgery (Q4)";Medicine
505;21101204527;Russian Journal of Operative Surgery and Clinical Anatomy;journal;2588042X, 25877755;Media Sphera Publishing Group;No;No;0,141;Q4;6;42;107;916;40;106;0,45;21,81;48,08;0;Russian Federation;Eastern Europe;Media Sphera Publishing Group;2017-2025;"Pathophysiology (Q3); Anatomy (Q4); Pathology and Forensic Medicine (Q4); Surgery (Q4)";"Medicine; Nursing"
506;21101041556;Complex Issues of Cardiovascular Diseases;journal;23061278, 25879537;NII KPSSZ;No;No;0,14;Q4;9;124;317;3804;113;316;0,3;30,68;52,41;0;Russian Federation;Eastern Europe;NII KPSSZ;2019-2025;"Cardiology and Cardiovascular Medicine (Q4); Critical Care and Intensive Care Medicine (Q4); Emergency Medicine (Q4); Rehabilitation (Q4); Surgery (Q4)";Medicine
507;19868;Journal de Traumatologie du Sport;journal;17730465, 0762915X;Elsevier Masson s.r.l.;No;No;0,139;Q4;11;85;162;2249;51;145;0,34;26,46;25,48;0;France;Western Europe;Elsevier Masson s.r.l.;2003-2026;"Orthopedics and Sports Medicine (Q4); Rehabilitation (Q4); Sports Science (Q4); Surgery (Q4)";"Health Professions; Medicine"
508;21101121671;China Journal of General Surgery;journal;10056947, 20969252;Central South University;No;No;0,138;Q4;9;119;562;5239;240;562;0,5;44,03;31,47;0;China;Asiatic Region;Central South University;2019-2025;Surgery (Q4);Medicine
509;21101045046;Minerva Orthopedics;journal;27848469, 2784871X;Edizioni Minerva Medica S.p.A.;No;No;0,138;Q4;8;46;185;1642;63;173;0,45;35,7;26,47;0;Italy;Western Europe;Edizioni Minerva Medica S.p.A.;2021-2025;"Orthopedics and Sports Medicine (Q4); Surgery (Q4)";Medicine
510;21100945158;Opuholi Golovy i Sei;journal;22221468, 24114634;ABV-press Publishing House;Yes;Yes;0,138;Q4;6;37;137;851;33;137;0,16;23;41,98;0;Russian Federation;Eastern Europe;ABV-press Publishing House;2018-2025;"Cancer Research (Q4); Oncology (Q4); Otorhinolaryngology (Q4); Pharmacology (medical) (Q4); Radiology, Nuclear Medicine and Imaging (Q4); Surgery (Q4)";"Biochemistry, Genetics and Molecular Biology; Medicine"
511;21101047668;Head and Neck Russian Journal;journal;23105194, 24149713;All-Russian Federation of the Specialists in Head and Neck Diseases;No;No;0,136;Q4;5;71;141;2022;42;141;0,31;28,48;50,97;0;Russian Federation;Eastern Europe;All-Russian Federation of the Specialists in Head and Neck Diseases;2019-2025;"Oral Surgery (Q4); Otorhinolaryngology (Q4); Surgery (Q4)";"Dentistry; Medicine"
512;21100939599;Kardiologiya i Serdechno-Sosudistaya Khirurgiya;journal;23094737, 19966385;Media Sphera Publishing Group;No;No;0,136;Q4;11;99;281;2420;66;281;0,24;24,44;41,08;0;Russian Federation;Eastern Europe;Media Sphera Publishing Group;2012-2025;"Cardiology and Cardiovascular Medicine (Q4); Emergency Medicine (Q4); Surgery (Q4)";Medicine
513;21101146371;Ophthalmology Journal;journal;19987102, 24125423;Eco-Vector LLC;No;No;0,136;Q4;6;42;127;1108;25;127;0,22;26,38;59,75;0;Russian Federation;Eastern Europe;Eco-Vector LLC;2019-2025;"Ophthalmology (Q4); Surgery (Q4)";Medicine
514;20000195026;Surgical and Cosmetic Dermatology;journal;19845510, 19848773;Sociedade Brasileira de Dermatologia 1;Yes;Yes;0,136;Q4;19;72;133;1331;30;132;0,19;18,49;63,96;0;Brazil;Latin America;Sociedade Brasileira de Dermatologia 1;2009-2025;"Dermatology (Q4); Surgery (Q4)";Medicine
515;21101122724;Heart, Vessels and Transplantation;journal;16947894, 16947886;Bishkek: Center for Scientific Research and Development of Education;Yes;No;0,135;Q4;4;59;186;1263;31;134;0,16;21,41;41,24;0;Kyrgyzstan;Asiatic Region;Bishkek: Center for Scientific Research and Development of Education;2018-2025;"Cardiology and Cardiovascular Medicine (Q4); Surgery (Q4); Transplantation (Q4)";Medicine
516;21100376681;Revista de Senologia y Patologia Mamaria;journal;15781399, 02141582;Spanish Society of Senology and Breast Pathology;No;No;0,135;Q4;6;56;200;1451;35;178;0,18;25,91;56,16;0;Spain;Western Europe;Spanish Society of Senology and Breast Pathology;2012-2026;"Obstetrics and Gynecology (Q4); Oncology (Q4); Radiology, Nuclear Medicine and Imaging (Q4); Surgery (Q4)";Medicine
517;21100792113;Clinical and Experimental Surgery;journal;23081198;Geotar Media Publishing Group;Yes;No;0,134;Q4;7;49;220;901;53;214;0,25;18,39;33,79;0;Russian Federation;Eastern Europe;Geotar Media Publishing Group;2013-2025;Surgery (Q4);Medicine
518;11500153302;Coluna/ Columna;journal;18081851;Oficial da Sociedade Brasileira de Coluna;Yes;Yes;0,134;Q4;11;52;175;1402;32;172;0,11;26,96;18,52;0;Brazil;Latin America;Oficial da Sociedade Brasileira de Coluna;2008-2026;"Neurology (clinical) (Q4); Orthopedics and Sports Medicine (Q4); Surgery (Q4)";Medicine
519;62568;Italian Journal of Vascular and Endovascular Surgery;journal;18244777, 18271847;Edizioni Minerva Medica S.p.A.;No;No;0,134;Q4;8;19;75;401;12;73;0,22;21,11;38,41;0;Italy;Western Europe;Edizioni Minerva Medica S.p.A.;2004-2025;"Cardiology and Cardiovascular Medicine (Q4); Surgery (Q4)";Medicine
520;21101056822;Journal of Clinical Pediatric Surgery;journal;16716353;Science and Technology Association of Hunan Province;No;No;0,134;Q4;7;111;616;2532;113;612;0,13;22,81;31,98;0;China;Asiatic Region;Science and Technology Association of Hunan Province;2019-2025;"Pediatrics, Perinatology and Child Health (Q4); Surgery (Q4)";Medicine
521;21101311352;Juntendo Medical Journal;journal;27597504, 21879737;Juntendo Medical Society;Yes;No;0,134;Q4;2;21;6;575;4;6;0,67;27,38;17,09;0;Japan;Asiatic Region;Juntendo Medical Society;2024-2025;"Internal Medicine (Q4); Orthopedics and Sports Medicine (Q4); Surgery (Q4)";Medicine
522;21101066747;Transplantologiya. The Russian Journal of Transplantation;journal;25420909, 20740506;N.V. Sklifosovsky Research Institute for Emergency Medicine;Yes;Yes;0,134;Q4;5;39;127;1144;37;118;0,3;29,33;38,32;0;Russian Federation;Eastern Europe;N.V. Sklifosovsky Research Institute for Emergency Medicine;2018-2025;"Immunology (Q4); Immunology and Allergy (Q4); Surgery (Q4); Transplantation (Q4)";"Immunology and Microbiology; Medicine"
523;20434;Ambulatory Surgery;journal;9666532;International Association for Ambulatory Surgery;No;No;0,133;Q4;18;14;41;207;6;31;0,09;14,79;52;0;United Kingdom;Western Europe;International Association for Ambulatory Surgery;1993-2025;"Anesthesiology and Pain Medicine (Q4); Medical and Surgical Nursing (Q4); Surgery (Q4)";"Medicine; Nursing"
524;21147;Gefasschirurgie;journal;09487034, 14343932;Springer Medizin;No;No;0,133;Q4;20;100;276;2123;66;200;0,23;21,23;29,17;0;Germany;Western Europe;Springer Medizin;1996-2026;"Cardiology and Cardiovascular Medicine (Q4); Surgery (Q4)";Medicine
525;21101089954;Surgery Eastern Europe;journal;22265384, 24141992;Professionalnye Izdaniya;No;No;0,133;Q4;4;60;141;1233;32;141;0,2;20,55;30,63;0;Belarus;Eastern Europe;Professionalnye Izdaniya;2019-2025;Surgery (Q4);Medicine
526;53326;Chinese Journal of Plastic Surgery;journal;10094598;Chinese Medical Journals Publishing House Co.Ltd;No;No;0,132;Q4;14;158;597;5527;123;595;0,21;34,98;41,4;0;China;Asiatic Region;Chinese Medical Journals Publishing House Co.Ltd;2000-2016, 2020-2026;Surgery (Q4);Medicine
527;21101114179;Journal of Head and Neck Physicians and Surgeons;journal;23478128;Wolters Kluwer Medknow Publications;Yes;Yes;0,132;Q4;3;33;99;720;24;86;0,21;21,82;38,82;0;India;Asiatic Region;Wolters Kluwer Medknow Publications;2019-2025;"Oncology (Q4); Oral Surgery (Q4); Otorhinolaryngology (Q4); Surgery (Q4)";"Dentistry; Medicine"
528;19264;Revista Chilena de Neuro-Psiquiatria;journal;07179227, 00347388;Sociedad de Neurologia Psiquiatria y Neurocirugia;Yes;Yes;0,132;Q4;20;21;137;480;33;123;0,16;22,86;27,03;0;Chile;Latin America;Sociedad de Neurologia Psiquiatria y Neurocirugia;1948, 1974, 1979, 1981-1988, 1997-1998, 2000-2025;"Neurology (clinical) (Q4); Psychiatry and Mental Health (Q4); Surgery (Q4)";Medicine
529;21101195677;Iranian Journal of Neurosurgery;journal;24236829, 24236497;Guilan University of Medical Sciences;Yes;Yes;0,131;Q4;4;22;98;573;20;96;0,2;26,05;18,75;0;Iran;Middle East;Guilan University of Medical Sciences;2019-2025;"Neurology (clinical) (Q4); Surgery (Q4)";Medicine
530;21101192302;Journal of Ear Nose Throat and Head Neck Surgery;journal;13006525, 21490880;Turkiye Klinikleri;Yes;No;0,131;Q4;1;27;62;782;11;59;0,18;28,96;46,99;0;Turkey;Middle East;Turkiye Klinikleri;2023-2025;"Otorhinolaryngology (Q4); Surgery (Q4)";Medicine
531;21101169864;N.N. Priorov Journal of Traumatology and Orthopedics;journal;26586738, 08698678;Eco-Vector LLC;No;No;0,131;Q4;5;69;130;2344;43;130;0,3;33,97;29,07;0;Russian Federation;Eastern Europe;Eco-Vector LLC;2019-2025;"Orthopedics and Sports Medicine (Q4); Physical Therapy, Sports Therapy and Rehabilitation (Q4); Surgery (Q4)";"Health Professions; Medicine"
532;21101163251;Sechenov Medical Journal;journal;26583348, 22187332;I.M. Sechenov First Moscow State Medical University;Yes;Yes;0,131;Q4;5;16;66;346;28;61;0,46;21,63;42,47;0;Russian Federation;Eastern Europe;I.M. Sechenov First Moscow State Medical University;2019-2025;"Medicine (miscellaneous) (Q4); Obstetrics and Gynecology (Q4); Oncology (Q4); Surgery (Q4)";Medicine
533;21101019769;Chinese Journal of Hepatobiliary Surgery;journal;10078118;Chinese Medical Journals Publishing House Co.Ltd;No;No;0,13;Q4;4;165;606;3927;115;606;0,24;23,8;36,16;0;China;Asiatic Region;Chinese Medical Journals Publishing House Co.Ltd;2020-2025;"Gastroenterology (Q4); Hepatology (Q4); Surgery (Q4)";Medicine
534;21101039226;Opuholi Zenskoj Reproduktivnoj Sistemy;journal;19998627, 19944098;ABV-press Publishing House;Yes;Yes;0,13;Q4;5;58;179;1235;64;179;0,42;21,29;66,78;0;Russian Federation;Eastern Europe;ABV-press Publishing House;2019-2025;"Obstetrics and Gynecology (Q4); Oncology (Q4); Pharmacology (medical) (Q4); Radiology, Nuclear Medicine and Imaging (Q4); Surgery (Q4)";Medicine
535;21101185490;Orthopaedics, Traumatology and Prosthetics;journal;25181882, 00305987;Sytenko Institute of Spine and Joint Pathology National Ukrainian Academy of Medical Sciences;No;No;0,13;Q4;4;59;149;1366;49;145;0,32;23,15;29,8;0;Ukraine;Eastern Europe;Sytenko Institute of Spine and Joint Pathology National Ukrainian Academy of Medical Sciences;1955-1991, 2022-2025;"Orthopedics and Sports Medicine (Q4); Surgery (Q4)";Medicine
536;21100506784;Revista de Cirugia;journal;24524549, 24524557;Sociedad de Cirujanos de Chile;Yes;Yes;0,13;Q4;13;112;295;1829;48;254;0,11;16,33;35,27;0;Chile;Latin America;Sociedad de Cirujanos de Chile;1961, 2019-2026;Surgery (Q4);Medicine
537;21101067738;Russian Journal of Neurosurgery;journal;25877569, 16833295;ABV-press Publishing House;No;No;0,13;Q4;5;42;161;1137;34;156;0,24;27,07;34,85;0;Russian Federation;Eastern Europe;ABV-press Publishing House;2019-2026;"Neurology (Q4); Neurology (clinical) (Q4); Radiology, Nuclear Medicine and Imaging (Q4); Surgery (Q4)";"Medicine; Neuroscience"
538;21100910240;Aesthetic Medicine;journal;24217115;Salus Internazionale ECM Srl;No;No;0,129;Q4;5;35;71;962;34;65;0,5;27,49;59,38;0;Italy;Western Europe;Salus Internazionale ECM Srl;2019-2025;"Dermatology (Q4); Medicine (miscellaneous) (Q4); Surgery (Q4)";Medicine
539;21101291262;Chinese Journal of Clinical Thoracic and Cardiovascular Surgery;journal;10074848;West China Medical Publishers;No;No;0,129;Q4;6;248;786;8377;225;786;0,33;33,78;35,26;0;China;Asiatic Region;West China Medical Publishers;2021-2026;"Cardiology and Cardiovascular Medicine (Q4); Pulmonary and Respiratory Medicine (Q4); Surgery (Q4)";Medicine
540;21101242004;Chinese Journal of Trauma;journal;10018050;Chinese Medical Journals Publishing House Co.Ltd;No;No;0,129;Q4;6;123;443;5002;133;443;0,29;40,67;32,15;0;China;Asiatic Region;Chinese Medical Journals Publishing House Co.Ltd;2020-2026;"Emergency Medicine (Q4); Orthopedics and Sports Medicine (Q4); Surgery (Q4)";Medicine
541;15155;Monatsschrift fur Kinderheilkunde;journal;14330474, 00269298;Springer Medizin;No;No;0,129;Q4;23;196;621;3515;93;443;0,17;17,93;50,81;2;Germany;Western Europe;Springer Medizin;1952-2026;"Pediatrics, Perinatology and Child Health (Q4); Surgery (Q4)";Medicine
542;144883;Surgical Practice;journal;17441625, 17441633;Wiley-Blackwell Publishing Ltd;No;No;0,128;Q4;13;42;132;907;25;111;0,16;21,6;36,91;0;United Kingdom;Western Europe;Wiley-Blackwell Publishing Ltd;2005-2026;Surgery (Q4);Medicine
543;21101048279;Chinese Journal of Anatomy and Clinics;journal;20957041;Chinese Medical Journals Publishing House Co.Ltd;No;No;0,127;Q4;5;130;381;3124;81;379;0,25;24,03;38,91;0;China;Asiatic Region;Chinese Medical Journals Publishing House Co.Ltd;2019-2026;"Anatomy (Q4); Internal Medicine (Q4); Medicine (miscellaneous) (Q4); Radiology, Nuclear Medicine and Imaging (Q4); Surgery (Q4)";Medicine
544;21101083804;Organ Transplantation;journal;16747445;Journal of Zhongshan University;No;No;0,127;Q4;10;112;271;5541;123;269;0,6;49,47;34,48;0;China;Asiatic Region;Journal of Zhongshan University;2019-2026;"Immunology and Allergy (Q4); Surgery (Q4); Transplantation (Q4)";Medicine
545;21101329147;Journal of Orthopedic and Spine Trauma;journal;25382330, 25384600;Tehran University of Medical Sciences;Yes;No;0,126;Q4;3;43;134;953;20;121;0,13;22,16;14,79;0;Iran;Middle East;Tehran University of Medical Sciences;2022-2025;"Orthopedics and Sports Medicine (Q4); Physical Therapy, Sports Therapy and Rehabilitation (Q4); Surgery (Q4)";"Health Professions; Medicine"
546;21100994463;Korean Journal of Otorhinolaryngology-Head and Neck Surgery;journal;20926529;Korean Society of Otolaryngology;No;No;0,126;Q4;5;72;358;1574;44;355;0,12;21,86;28,19;0;South Korea;Asiatic Region;Korean Society of Otolaryngology;2019-2026;"Otorhinolaryngology (Q4); Surgery (Q4)";Medicine
547;21100790705;Onkourologiya;journal;19961812, 17269776;ABV-press Publishing House;Yes;No;0,126;Q4;7;56;204;1614;51;197;0,27;28,82;38,2;0;Russian Federation;Eastern Europe;ABV-press Publishing House;2005-2008, 2016-2025;"Nephrology (Q4); Oncology (Q4); Radiology, Nuclear Medicine and Imaging (Q4); Surgery (Q4); Urology (Q4)";Medicine
548;21101169013;Russian Journal of Pediatric Surgery, Anesthesia and Intensive Care;journal;25876554, 22194061;Eco-Vector LLC;No;No;0,126;Q4;5;49;157;1402;32;141;0,25;28,61;36,45;0;Russian Federation;Eastern Europe;Eco-Vector LLC;2019-2025;"Anesthesiology and Pain Medicine (Q4); Emergency Medicine (Q4); Pediatrics, Perinatology and Child Health (Q4); Surgery (Q4)";Medicine
549;21000195015;World Journal of Laparoscopic Surgery;journal;09751955, 09745092;Jaypee Brothers Medical Publishers (P) Ltd;No;No;0,126;Q4;7;33;170;536;18;161;0,1;16,24;33,64;0;India;Asiatic Region;Jaypee Brothers Medical Publishers (P) Ltd;2011-2025;Surgery (Q4);Medicine
550;21101058815;Revista Argentina de Cirugia (Argentina);journal;00487600, 2250639X;Argentine Association of Surgery;Yes;Yes;0,125;Q4;4;45;130;679;9;105;0,08;15,09;25,63;0;Argentina;Latin America;Argentine Association of Surgery;1961, 1964-1965, 1972-1977, 2019-2026;Surgery (Q4);Medicine
551;28280;Coloproctology;journal;16156730, 01742442;Springer Medizin;No;No;0,124;Q4;16;73;219;1421;29;169;0,16;19,47;30,71;0;Germany;Western Europe;Springer Medizin;1998-2026;"Gastroenterology (Q4); Surgery (Q4)";Medicine
552;21101105772;Craniomaxillofacial Research and Innovation;journal;27528464;SAGE Publications Ltd;No;No;0,124;Q4;2;0;28;0;7;28;0,42;0;0;0;United Kingdom;Western Europe;SAGE Publications Ltd;2022-2023;"Emergency Medicine (Q4); Oral Surgery (Q4); Otorhinolaryngology (Q4); Surgery (Q4)";"Dentistry; Medicine"
553;21101050038;Endoscopic Surgery;journal;23095636, 10257209;Media Sphera Publishing Group;No;No;0,124;Q4;5;58;168;1239;33;166;0,17;21,36;29,58;0;Russian Federation;Eastern Europe;Media Sphera Publishing Group;2019-2025;"Gastroenterology (Q4); Surgery (Q4)";Medicine
554;21101330834;Kirkuk Journal of Medical Sciences;journal;27900207, 27900215;University of Kirkuk;Yes;No;0,124;Q4;3;26;56;578;21;53;0,38;22,23;50;0;Iraq;Middle East;University of Kirkuk;2021-2025;"Internal Medicine (Q4); Medicine (miscellaneous) (Q4); Obstetrics and Gynecology (Q4); Pediatrics, Perinatology and Child Health (Q4); Surgery (Q4)";Medicine
555;21101058177;Chinese Journal of Endocrine Surgery;journal;16746090;Chinese Medical Journals Publishing House Co.Ltd;No;No;0,123;Q4;6;155;400;2624;72;400;0,2;16,93;45,25;0;China;Asiatic Region;Chinese Medical Journals Publishing House Co.Ltd;2019-2026;"Endocrinology, Diabetes and Metabolism (Q4); Radiology, Nuclear Medicine and Imaging (Q4); Surgery (Q4)";Medicine
556;21101045278;Otorhinolaryngology (Italy);journal;27246302, 27246760;Edizioni Minerva Medica;No;No;0,123;Q4;9;20;87;576;10;82;0,08;28,8;38,04;0;Italy;Western Europe;Edizioni Minerva Medica;2020-2025;"Otorhinolaryngology (Q4); Surgery (Q4)";Medicine
557;21101033833;Chinese Journal of Inflammatory Bowel Diseases;journal;2096367X;Chinese Medical Journals Publishing House Co.Ltd;No;No;0,122;Q4;9;67;209;2440;68;207;0,43;36,42;50,78;0;China;Asiatic Region;Chinese Medical Journals Publishing House Co.Ltd;2017-2025;"Gastroenterology (Q4); Surgery (Q4)";Medicine
558;21100854880;Annals of African Surgery;journal;19999674, 25230816;Surgical Society of Kenya;Yes;No;0,12;Q4;8;24;80;414;16;71;0,18;17,25;38,67;0;Kenya;Africa;Surgical Society of Kenya;2008-2017, 2019-2026;Surgery (Q4);Medicine
559;21000195316;World Journal of Endocrine Surgery;journal;09755039, 09757902;Jaypee Brothers Medical Publishers (P) Ltd;No;No;0,119;Q4;7;12;60;198;7;56;0,03;16,5;42,5;0;India;Asiatic Region;Jaypee Brothers Medical Publishers (P) Ltd;2011-2025;"Endocrinology, Diabetes and Metabolism (Q4); Radiology, Nuclear Medicine and Imaging (Q4); Surgery (Q4)";Medicine
560;21101198491;Chinese Journal of Thoracic and Cardiovascular Surgery;journal;10014497;Chinese Medical Journals Publishing House Co.Ltd;No;No;0,118;Q4;5;105;468;2895;63;468;0,13;27,57;31,21;0;China;Asiatic Region;Chinese Medical Journals Publishing House Co.Ltd;2020-2026;Surgery (Q4);Medicine
561;21585;Giornale di Chirurgia;journal;03919005, 1971145X;Wolters Kluwer Health;No;No;0,118;Q4;29;1;57;18;7;51;0,12;18;28,57;0;Italy;Western Europe;Wolters Kluwer Health;1946-1958, 1982-2020, 2022-2025;"Medicine (miscellaneous) (Q4); Surgery (Q4)";Medicine
562;21101081517;P.A. Herzen Journal of Oncology;journal;23094745, 2305218X;Media Sphera Publishing Group;No;No;0,118;Q4;8;89;215;2200;44;215;0,21;24,72;48,81;0;Russian Federation;Eastern Europe;Media Sphera Publishing Group;2012-2025;"Oncology (Q4); Pharmacy (Q4); Surgery (Q4)";"Health Professions; Medicine"
563;21101331263;Health Research in Africa;journal;30064090, 30064104;Afrimvoe Medical Services;No;No;0,117;Q4;2;258;285;5072;21;285;0,07;19,66;26,51;0;Cameroon;Africa;Afrimvoe Medical Services;2023-2026;"Medical Laboratory Technology (Q4); Public Health, Environmental and Occupational Health (Q4); Surgery (Q4)";"Health Professions; Medicine"
564;21101133573;Modern Medical Technology;journal;20729367;Zaporizhia Medical Academy of Post-Graduate Education Ministry of Health of Ukraine;Yes;Yes;0,117;Q4;5;31;129;886;32;129;0,33;28,58;60;0;Ukraine;Eastern Europe;Zaporizhia Medical Academy of Post-Graduate Education Ministry of Health of Ukraine;2019-2025;"Biomedical Engineering (Q4); Medicine (miscellaneous) (Q4); Pharmacology (medical) (Q4); Public Health, Environmental and Occupational Health (Q4); Surgery (Q4)";"Engineering; Medicine"
565;21101291384;Khirurgiya i Onkologiya;journal;29495857;ABV-press Publishing House;No;No;0,116;Q4;3;38;94;705;18;84;0,13;18,55;38,69;0;Russian Federation;Eastern Europe;ABV-press Publishing House;2021-2025;"Oncology (Q4); Radiology, Nuclear Medicine and Imaging (Q4); Surgery (Q4)";Medicine
566;21101149136;Vestnik Rossijskoj Voenno-Medicinskoj Akademii;journal;26871424, 16827392;Eco-Vector LLC;No;No;0,116;Q4;6;59;209;1613;38;209;0,21;27,34;33,61;0;Russian Federation;Eastern Europe;Eco-Vector LLC;2019-2025;"Internal Medicine (Q4); Medical Laboratory Technology (Q4); Pharmacology, Toxicology and Pharmaceutics (miscellaneous) (Q4); Surgery (Q4)";"Health Professions; Medicine; Pharmacology, Toxicology and Pharmaceutics"
567;21100945157;Andrologia i Genital'naa Hirurgia;journal;20709781, 24128902;ABV-press Publishing House;Yes;Yes;0,115;Q4;5;0;150;0;28;149;0,14;0;0;0;Russian Federation;Eastern Europe;ABV-press Publishing House;2019-2024;"Reproductive Medicine (Q4); Surgery (Q4); Urology (Q4)";Medicine
568;16400154783;Revue de Chirurgie Orthopedique et Traumatologique;journal;18770517;Elsevier Masson s.r.l.;No;No;0,114;Q4;50;129;701;4096;41;654;0,06;31,75;20;0;France;Western Europe;Elsevier Masson s.r.l.;2009-2026;"Orthopedics and Sports Medicine (Q4); Surgery (Q4)";Medicine
569;21101246896;East African Journal of Neurological Sciences;journal;29574323, 29574315;East African Association of Neurological Surgeons;No;No;0,112;Q4;1;23;32;543;2;30;0,04;23,61;25,3;0;Kenya;Africa;East African Association of Neurological Surgeons;2022-2026;"Anatomy (Q4); Neurology (clinical) (Q4); Psychiatry and Mental Health (Q4); Surgery (Q4)";Medicine
570;21101023405;Journal of Endovascular Resuscitation and Trauma Management;journal;2003539X, 20027567;Orebro University Hospital;Yes;Yes;0,112;Q4;9;11;72;206;9;55;0,12;18,73;35,19;0;Sweden;Western Europe;Orebro University Hospital;2017-2025;"Critical Care and Intensive Care Medicine (Q4); Emergency Medicine (Q4); Surgery (Q4)";Medicine
571;21101196040;Journal of Korean Society of Spine Surgery;journal;20934378, 20934386;Korean Society of Spine Surgery;Yes;No;0,112;Q4;2;20;57;429;7;57;0,1;21,45;13,64;0;South Korea;Asiatic Region;Korean Society of Spine Surgery;2001, 2019-2025;"Orthopedics and Sports Medicine (Q4); Surgery (Q4)";Medicine
572;21101181888;Permskij Medicinskij Zurnal;journal;01361449, 26871408;Eco-Vector LLC;No;No;0,112;Q4;5;97;302;2131;49;301;0,13;21,97;63,91;0;Russian Federation;Eastern Europe;Eco-Vector LLC;2019-2025;"Endocrinology, Diabetes and Metabolism (Q4); Obstetrics and Gynecology (Q4); Oncology (Q4); Pediatrics, Perinatology and Child Health (Q4); Pulmonary and Respiratory Medicine (Q4); Surgery (Q4)";Medicine
573;21101146360;Romanian Medical Journal;journal;2069606X, 12205478;Amaltea Medical Publishing House;Yes;No;0,112;Q4;5;79;193;2042;31;192;0,22;25,85;41,88;0;Romania;Eastern Europe;Amaltea Medical Publishing House;2019-2025;"Internal Medicine (Q4); Medicine (miscellaneous) (Q4); Public Health, Environmental and Occupational Health (Q4); Surgery (Q4)";Medicine
574;21100212400;Chirurgia (Turin);journal;18271782, 03949508;Minerva Medica;No;No;0,111;Q4;10;81;242;1670;27;234;0,13;20,62;33,93;0;Italy;Western Europe;Minerva Medica;1973-1985, 1988-2025;Surgery (Q4);Medicine
575;21101357981;Clinical Endocrinology and Endocrine Surgery;journal;18181384, 25192582;Publishing Company VIT-A-POL;No;No;0,111;Q4;3;41;106;1006;13;106;0,1;24,54;51,67;0;Ukraine;Eastern Europe;Publishing Company VIT-A-POL;2021-2025;"Endocrinology, Diabetes and Metabolism (Q4); Surgery (Q4)";Medicine
576;21101101210;Neonatology, Surgery and Perinatal Medicine;journal;22261230, 24134260;Bukovyna State Medical University;Yes;Yes;0,111;Q4;5;127;230;3184;41;230;0,16;25,07;62,67;0;Ukraine;Eastern Europe;Bukovyna State Medical University;2015-2025;"Genetics (clinical) (Q4); Obstetrics and Gynecology (Q4); Pediatrics, Perinatology and Child Health (Q4); Surgery (Q4)";Medicine
577;21101323223;Ukrainian Journal of Clinical Surgery;journal;27868311, 2786832X;Liga-Inform Ltd.;Yes;No;0,111;Q4;7;85;122;1497;19;103;0,16;17,61;26,36;0;Ukraine;Eastern Europe;Liga-Inform Ltd.;2023-2025;"Materials Science (miscellaneous) (Q4); Surgery (Q4)";"Materials Science; Medicine"
578;21630;International Surgery;journal;208868;International College of Surgeons;Yes;No;0,11;Q4;46;15;78;296;15;67;0,27;19,73;23,44;0;United States;Northern America;International College of Surgeons;1966-2025;Surgery (Q4);Medicine
579;21101361177;Journal of Craniomaxillofacial Research;journal;23456213, 23455489;Tehran University of Medical Sciences;Yes;No;0,11;Q4;2;42;92;1105;12;92;0,12;26,31;50,37;0;Iran;Middle East;Tehran University of Medical Sciences;2022-2025;"Oral Surgery (Q4); Otorhinolaryngology (Q4); Surgery (Q4)";"Dentistry; Medicine"
580;21101046605;Neumologia y Cirugia de Torax (Mexico);journal;25941526, 00283746;Instituto Nacional de Enfermedades Respiratorias;No;No;0,11;Q4;8;2;142;481;11;85;0,08;240,5;30,77;0;Mexico;Latin America;Instituto Nacional de Enfermedades Respiratorias;1962-1965, 2010-2025;"Pulmonary and Respiratory Medicine (Q4); Surgery (Q4)";Medicine
581;21100239407;Novosti Khirurgii;journal;23050047, 19937512;Vitebsk State Medical University;Yes;No;0,11;Q4;9;0;110;0;14;110;0,15;0;0;0;Belarus;Eastern Europe;Vitebsk State Medical University;2013-2024;Surgery (Q4);Medicine
582;21101065469;Ukrainskyi Zhurnal Sertsevo-sudynnoi Khirurhii;journal;26645971, 26645963;National Amosov Institute of Cardiovascular Surgery of the National Academy of Medical Sciences of Ukraine;Yes;Yes;0,11;Q4;4;72;188;1313;31;186;0,17;18,24;33,7;0;Ukraine;Eastern Europe;National Amosov Institute of Cardiovascular Surgery of the National Academy of Medical Sciences of Ukraine;2019-2025;"Cardiology and Cardiovascular Medicine (Q4); Surgery (Q4)";Medicine
583;21101242417;Chinese Journal of General Surgery;journal;1007631X;Chinese Medical Journals Publishing House Co.Ltd;No;No;0,109;Q4;4;89;341;1894;38;341;0,11;21,28;28,95;0;China;Asiatic Region;Chinese Medical Journals Publishing House Co.Ltd;2020-2026;Surgery (Q4);Medicine
584;21101017657;Chinese Journal of Neurosurgery;journal;10012346;Chinese Medical Journals Publishing House Co.Ltd;No;No;0,108;Q4;3;116;593;2525;39;591;0,08;21,77;28,62;0;China;Asiatic Region;Chinese Medical Journals Publishing House Co.Ltd;2020-2026;"Neurology (clinical) (Q4); Surgery (Q4)";Medicine
585;4400151739;Cocuk Cerrahisi Dergisi;journal;26677024, 13055194;Logos Medical Publishing;No;No;0,108;Q4;4;28;72;568;10;69;0,21;20,29;43,62;0;Turkey;Middle East;Logos Medical Publishing;2005-2025;"Pediatrics, Perinatology and Child Health (Q4); Surgery (Q4)";Medicine
586;16243;Journal fur Neurologie, Neurochirurgie und Psychiatrie;journal;16081587, 16809440;Krause und Pachernegg GmbH;Yes;No;0,108;Q4;8;9;63;456;2;57;0;50,67;50;0;Austria;Western Europe;Krause und Pachernegg GmbH;2002-2025;"Neurology (clinical) (Q4); Psychiatry and Mental Health (Q4); Surgery (Q4)";Medicine
587;19900193907;Annales Francaises d'Oto-Rhino-Laryngologie et de Pathologie Cervico-Faciale;journal;18797261, 1879727X;Elsevier Masson s.r.l.;No;No;0,105;Q4;20;87;247;1611;7;173;0,03;18,52;30,84;0;France;Western Europe;Elsevier Masson s.r.l.;2010-2026;"Otorhinolaryngology (Q4); Surgery (Q4)";Medicine
588;21101313379;Chinese Journal of Hand Surgery;journal;1005054X;Chinese Medical Journals Publishing House Co.Ltd;No;No;0,105;Q4;3;53;329;899;35;329;0,08;16,96;24,4;0;China;Asiatic Region;Chinese Medical Journals Publishing House Co.Ltd;2021-2025;"History (Q4); Orthopedics and Sports Medicine (Q4); Surgery (Q4)";"Arts and Humanities; Medicine"
589;21014;Chirurgia Polska;journal;16443349, 15075524;Via Medica;No;No;0,105;Q4;6;0;18;0;1;15;0;0;0;0;Poland;Eastern Europe;Via Medica;2002-2018, 2020, 2022;Surgery (Q4);Medicine
590;21101259010;Revista de la Asociacion Colombiana de Dermatologia y Cirugia Dermatologica;journal;2590843X, 16570448;;Yes;Yes;0,105;Q4;2;58;123;889;5;91;0,06;15,33;55,4;0;Colombia;Latin America;;2020-2026;"Dermatology (Q4); Surgery (Q4)";Medicine
591;144717;Surgical Chronicles;journal;11085002;Surgical Society of Northern Greece;No;No;0,103;Q4;4;60;327;1393;12;297;0,02;23,22;17,16;0;Greece;Western Europe;Surgical Society of Northern Greece;2005-2025;Surgery (Q4);Medicine
592;21101277886;Zeynep Kamil Medical Journal;journal;27578062;Kare Publishing;No;No;0,103;Q4;0;20;10;497;0;10;0;24,85;37,97;0;Turkey;Middle East;Kare Publishing;2024-2025;"Obstetrics and Gynecology (Q4); Pediatrics, Perinatology and Child Health (Q4); Surgery (Q4)";Medicine
593;21101242010;Chinese Journal of Medical Aesthetics and Cosmetology;journal;16710290;Chinese Medical Journals Publishing House Co.Ltd;No;No;0,102;Q4;2;60;276;2036;10;276;0,03;33,93;40,65;0;China;Asiatic Region;Chinese Medical Journals Publishing House Co.Ltd;2020-2025;"Dermatology (Q4); Surgery (Q4)";Medicine
594;21101128534;Contemporary Diagnostic Radiology;journal;01499009, 19381395;Lippincott Williams and Wilkins;No;No;0,102;Q4;3;27;84;431;5;83;0,04;15,96;37,66;0;United States;Northern America;Lippincott Williams and Wilkins;1990-1991, 1993-1994, 1996-1997, 2002-2003, 2006, 2008-2010, 2012, 2014, 2016-2017, 2019-2025;"Neurology (clinical) (Q4); Radiology, Nuclear Medicine and Imaging (Q4); Surgery (Q4)";Medicine
595;25339;Japanese Journal of Gastroenterological Surgery;journal;13489372, 03869768;Japanese Society of Gastroenterological Surgery;No;No;0,102;Q4;10;97;279;1989;9;245;0,03;20,51;12,68;0;Japan;Asiatic Region;Japanese Society of Gastroenterological Surgery;1970, 1973-2026;"Gastroenterology (Q4); Surgery (Q4)";Medicine
596;12751;Japanese Journal of Neurosurgery;journal;0917950X;Japanese Congress of Neurological Surgeons;No;No;0,102;Q4;8;17;231;463;7;229;0,03;27,24;12,77;0;Japan;Asiatic Region;Japanese Congress of Neurological Surgeons;1994-2025;"Neurology (clinical) (Q4); Surgery (Q4)";Medicine
597;21101329148;Lietuvos Chirurgija;journal;16489942, 13920995;Vilnius University Press;Yes;No;0,102;Q4;1;31;74;635;2;73;0,02;20,48;42,86;0;Lithuania;Eastern Europe;Vilnius University Press;2021-2025;Surgery (Q4);Medicine
598;13767;Otolaryngology - Head and Neck Surgery (Japan);journal;9143491;Igaku-Shoin Ltd;No;No;0,102;Q4;3;0;16;0;0;16;0;0;0;0;Japan;Asiatic Region;Igaku-Shoin Ltd;1988-2022;"Otorhinolaryngology (Q4); Surgery (Q4)";Medicine
599;21101242017;Chinese Journal of Vascular Surgery;journal;20961863;Chinese Medical Journals Publishing House Co.Ltd;No;No;0,101;Q4;3;61;156;1872;8;156;0,03;30,69;27,16;0;China;Asiatic Region;Chinese Medical Journals Publishing House Co.Ltd;2020-2026;Surgery (Q4);Medicine
600;145736;Imagerie de la Femme;journal;17769817;Elsevier Masson s.r.l.;No;No;0,101;Q4;9;32;96;534;1;93;0;16,69;53,77;0;France;Western Europe;Elsevier Masson s.r.l.;2005-2025;Surgery (Q4);Medicine
601;19500157019;Journal fur Asthetische Chirurgie;journal;18674313, 18674305;Springer Verlag;No;No;0,101;Q4;6;0;32;0;1;27;0;0;0;0;Germany;Western Europe;Springer Verlag;2008-2022;Surgery (Q4);Medicine
602;21100854316;Revista Hispanoamericana de Hernia;journal;22552677;ARAN Ediciones S.L;No;Yes;0,101;Q4;9;0;96;0;9;78;0,08;0;0;0;Spain;Western Europe;ARAN Ediciones S.L;2013-2024;"Gastroenterology (Q4); Surgery (Q4)";Medicine
603;21023;Chirurgische Praxis;journal;21981671, 00094846;"Mediengruppe Oberfranken - Fachverlage GmbH &amp; Co. KG";No;No;0,1;Q4;5;27;192;613;0;190;0;22,7;37,7;0;Germany;Western Europe;"Mediengruppe Oberfranken - Fachverlage GmbH &amp; Co. KG";1973-1980, 2001-2025;Surgery (Q4);Medicine
604;20458;American Surgeon (discontinued);journal;15559823, 00031348;SAGE Publications Inc.;No;No;;-;107;326;2394;56;2540;2275;1,02;0,17;39,87;0;United States;Northern America;SAGE Publications Inc.;1951-2026;"Medicine (miscellaneous); Surgery";Medicine
605;130156;International Journal of Surgery (discontinued);journal;17439191, 17439159;Wolters Kluwer Health Inc;Yes;No;;-;109;497;2359;5918;10326;1695;4,69;11,91;34,62;0;United States;Northern America;Wolters Kluwer Health Inc;2004-2025;"Medicine (miscellaneous); Surgery";Medicine
606;21101320231;International Symposium on Medical Robotics, ISMR;journal;27719049, 28313690;Institute of Electrical and Electronics Engineers Inc.;No;No;;-;1;35;0;938;0;0;0;26,8;25,79;0;United States;Northern America;Institute of Electrical and Electronics Engineers Inc.;2025;"Artificial Intelligence; Biomedical Engineering; Computer Science Applications; Instrumentation; Surgery";"Computer Science; Engineering; Medicine; Physics and Astronomy"
607;21101327700;Journal of Minimally Invasive Surgery;journal;22345248, 2234778X;Korean Society of Endo-Laparoscopic and Robotic Surgery;Yes;No;;-;1;37;0;604;0;0;0;16,32;26,03;0;North Korea;Asiatic Region;Korean Society of Endo-Laparoscopic and Robotic Surgery;2024-2025;"Medical and Surgical Nursing; Medical Laboratory Technology; Surgery";"Health Professions; Medicine; Nursing"
608;21101039171;Journal of Neonatal Surgery (discontinued);journal;22260439;EL-MED-Pub;Yes;No;;-;4;388;112;9985;19;91;0,22;25,73;44,3;1;Pakistan;Asiatic Region;EL-MED-Pub;2020-2025;"Pediatrics, Perinatology and Child Health; Surgery";Medicine
609;21101044917;Minerva Surgery (discontinued);journal;27245438, 27245691;Edizioni Minerva Medica;No;No;;-;9;58;447;477;198;175;0,45;8,22;40,89;0;Italy;Western Europe;Edizioni Minerva Medica;2021-2025;Surgery;Medicine
1;18000;American Journal of Respiratory and Critical Care Medicine;journal;1073449X, 15354970;American Thoracic Society;No;No;5,423;Q1;450;451;1867;9514;11771;786;5,88;21,1;40,01;0;United States;Northern America;American Thoracic Society;1991, 1994-2026;"Critical Care and Intensive Care Medicine (Q1); Pulmonary and Respiratory Medicine (Q1)";
2;14719;Intensive Care Medicine;journal;14321238, 03424642;Springer Science and Business Media Deutschland GmbH;Yes;No;4,066;Q1;260;499;1061;9459;5948;358;5,71;18,96;41,71;1;Germany;Western Europe;Springer Science and Business Media Deutschland GmbH;1977-2026;Critical Care and Intensive Care Medicine (Q1);
3;19370;Journal of the American Society of Nephrology;journal;15333450, 10466673;Wolters Kluwer Health;No;No;3,421;Q1;342;406;696;13503;4012;486;5,19;33,26;42,45;0;United States;Northern America;Wolters Kluwer Health;1990-2026;"Critical Care and Intensive Care Medicine (Q1); Epidemiology (Q1); Medicine (miscellaneous) (Q1); Nephrology (Q1); Transplantation (Q1)";
4;29914;Critical Care;journal;1466609X, 13648535;BioMed Central Ltd;Yes;No;3,002;Q1;242;532;1335;18703;10298;981;7,6;35,16;43,02;0;United Kingdom;Western Europe;BioMed Central Ltd;1998-2026;Critical Care and Intensive Care Medicine (Q1);
5;7600153101;Clinical Journal of the American Society of Nephrology;journal;1555905X, 15559041;Lippincott Williams and Wilkins;No;No;2,491;Q1;208;301;769;8556;3661;534;4,27;28,43;48,73;0;United States;Northern America;Lippincott Williams and Wilkins;2006-2026;"Critical Care and Intensive Care Medicine (Q1); Epidemiology (Q1); Nephrology (Q1); Transplantation (Q1)";
6;30050;Clinical Nutrition;journal;15321983, 02615614;Churchill Livingstone;No;No;2,42;Q1;195;359;1164;18512;7465;836;6,13;51,57;49,91;3;United Kingdom;Western Europe;Churchill Livingstone;1982-2026;"Critical Care and Intensive Care Medicine (Q1); Nutrition and Dietetics (Q1)";
7;21101039773;Burns and Trauma;journal;23213868, 23213876;Oxford University Press;Yes;No;2,22;Q1;55;93;186;11479;2300;179;10,64;123,43;39,91;0;United Kingdom;Western Europe;Oxford University Press;2013-2026;"Biomedical Engineering (Q1); Critical Care and Intensive Care Medicine (Q1); Dermatology (Q1); Emergency Medicine (Q1); Immunology and Allergy (Q1); Surgery (Q1)";
8;18429;Chest;journal;00123692, 19313543;Elsevier Inc.;No;No;2,047;Q1;348;587;1768;12915;6678;1061;3,77;22;40,73;2;United States;Northern America;Elsevier Inc.;1970-2026;"Cardiology and Cardiovascular Medicine (Q1); Critical Care and Intensive Care Medicine (Q1); Pulmonary and Respiratory Medicine (Q1)";
9;21101213855;Chinese Medical Journal Pulmonary and Critical Care Medicine;journal;20971982, 27725588;Elsevier Beijing Ltd;No;No;1,967;Q1;14;20;68;943;432;56;6,35;47,15;42,47;0;China;Asiatic Region;Elsevier Beijing Ltd;2023-2025;"Critical Care and Intensive Care Medicine (Q1); Infectious Diseases (Q1); Pulmonary and Respiratory Medicine (Q1)";
10;21100200831;Annals of Intensive Care;journal;21105820;Societe de Reanimation de Langue Francaise;Yes;No;1,95;Q1;92;189;417;7933;2443;370;5,88;41,97;40,52;0;France;Western Europe;Societe de Reanimation de Langue Francaise;2011-2025;Critical Care and Intensive Care Medicine (Q1);
11;29916;Critical Care Medicine;journal;00903493, 15300293;Lippincott Williams and Wilkins;No;No;1,921;Q1;326;469;1194;10145;3928;674;3,41;21,63;44,02;0;United States;Northern America;Lippincott Williams and Wilkins;1973-2026;Critical Care and Intensive Care Medicine (Q1);
12;21100469363;Journal of Intensive Care;journal;20520492;BioMed Central Ltd;Yes;No;1,911;Q1;65;65;173;3387;1030;151;6,82;52,11;28,52;0;United Kingdom;Western Europe;BioMed Central Ltd;2013-2026;Critical Care and Intensive Care Medicine (Q1);
13;21100463103;Advances in Wound Care;journal;21621934, 21621918;Mary Ann Liebert Inc.;No;No;1,615;Q1;56;94;158;6871;1239;157;7,42;73,1;44,67;0;United States;Northern America;Mary Ann Liebert Inc.;2012, 2015-2026;"Critical Care and Intensive Care Medicine (Q1); Emergency Medicine (Q1)";
14;21100316063;European Heart Journal: Acute Cardiovascular Care;journal;20488734, 20488726;Oxford University Press;No;No;1,6;Q1;64;122;471;2678;1262;303;2,76;21,95;24,92;3;United Kingdom;Western Europe;Oxford University Press;2012-2026;"Cardiology and Cardiovascular Medicine (Q1); Critical Care and Intensive Care Medicine (Q1); Medicine (miscellaneous) (Q1)";
15;21100206251;Journal of Trauma and Acute Care Surgery;journal;21630755, 21630763;Lippincott Williams and Wilkins;No;No;1,453;Q1;225;376;1017;12496;3425;889;3,4;33,23;39,51;0;United States;Northern America;Lippincott Williams and Wilkins;2012-2026;"Critical Care and Intensive Care Medicine (Q1); Surgery (Q1)";
16;21100435142;Anaesthesia Critical Care and Pain Medicine;journal;23525568;Elsevier Masson s.r.l.;No;No;1,274;Q1;56;143;397;4182;1085;209;2,99;29,24;36,98;0;France;Western Europe;Elsevier Masson s.r.l.;2015-2026;"Anesthesiology and Pain Medicine (Q1); Critical Care and Intensive Care Medicine (Q1); Medicine (miscellaneous) (Q1)";
17;130054;Neurocritical Care;journal;15560961, 15416933;Springer;No;No;1,256;Q1;103;263;769;7897;2516;614;3,3;30,03;37,89;0;United States;Northern America;Springer;2004-2026;"Critical Care and Intensive Care Medicine (Q1); Neurology (clinical) (Q1)";
18;21100875599;Turkish Journal of Emergency Medicine;journal;24522473;Wolters Kluwer Medknow Publications;Yes;Yes;1,241;Q1;25;46;119;1346;649;118;6,75;29,26;36,6;0;Turkey;Middle East;Wolters Kluwer Medknow Publications;2009, 2015-2026;"Critical Care and Intensive Care Medicine (Q1); Emergency Medicine (Q1)";
19;21101092872;Journal of Intensive Medicine;journal;2667100X, 20970250;Chinese Medical Association;Yes;No;1,235;Q1;18;77;150;2843;684;134;4,95;36,92;33,73;0;China;Asiatic Region;Chinese Medical Association;2021-2026;Critical Care and Intensive Care Medicine (Q1);
20;130036;Pediatric Critical Care Medicine;journal;15297535, 19473893;Lippincott Williams and Wilkins Ltd.;No;No;1,213;Q1;116;228;783;5073;2093;546;2,76;22,25;52,45;0;United States;Northern America;Lippincott Williams and Wilkins Ltd.;2000-2026;"Critical Care and Intensive Care Medicine (Q1); Pediatrics, Perinatology and Child Health (Q1)";
21;29627;Current Opinion in Critical Care;journal;15317072, 10705295;Lippincott Williams and Wilkins;No;No;1,089;Q1;109;113;296;5649;1099;270;3,6;49,99;34,6;0;United States;Northern America;Lippincott Williams and Wilkins;1996-2026;Critical Care and Intensive Care Medicine (Q1);
22;19700166521;Scandinavian Journal of Trauma, Resuscitation and Emergency Medicine;journal;17577241;BioMed Central Ltd;Yes;No;1,065;Q1;80;201;316;6946;1105;281;3,08;34,56;30,39;0;United Kingdom;Western Europe;BioMed Central Ltd;2008-2026;"Critical Care and Intensive Care Medicine (Q1); Emergency Medicine (Q1)";
23;12212;Journal of Critical Care;journal;15578615, 08839441;W.B. Saunders;No;No;1,025;Q1;115;221;606;5562;1552;428;2,57;25,17;34,45;1;United States;Northern America;W.B. Saunders;1986-2026;Critical Care and Intensive Care Medicine (Q1);
24;19700187806;Journal of Child and Adolescent Trauma;journal;19361521, 1936153X;Springer Science and Business Media Deutschland GmbH;No;No;0,997;Q1;39;143;289;8479;979;287;2,81;59,29;70,19;0;Switzerland;Western Europe;Springer Science and Business Media Deutschland GmbH;2009-2026;"Critical Care and Intensive Care Medicine (Q1); Emergency Medicine (Q1)";
25;21101226473;PLOS Global Public Health;journal;27673375;Public Library of Science;Yes;No;0,991;Q1;35;1104;2765;49637;8311;2683;2,77;44,96;48,69;25;United States;Northern America;Public Library of Science;2021-2026;"Critical Care and Intensive Care Medicine (Q1); Public Health, Environmental and Occupational Health (Q1)";
26;21101077112;Cardiovascular Digital Health Journal;journal;26666936;Elsevier Inc.;Yes;No;0,977;Q1;20;0;91;0;331;86;4,07;0;0;0;United States;Northern America;Elsevier Inc.;2020-2024;"Biomedical Engineering (Q1); Cardiology and Cardiovascular Medicine (Q1); Critical Care and Intensive Care Medicine (Q1)";
27;4100151514;Critical Care and Resuscitation;journal;26529335, 14412772;Elsevier B.V.;No;No;0,952;Q1;47;57;140;1523;291;114;2,28;26,72;33,97;0;Australia;Pacific Region;Elsevier B.V.;1999, 2002, 2004-2026;"Anesthesiology and Pain Medicine (Q1); Critical Care and Intensive Care Medicine (Q1); Emergency Medicine (Q1)";
28;20495;Renal Failure;journal;0886022X, 15256049;Taylor and Francis Ltd.;Yes;No;0,946;Q1;76;622;1036;30013;3886;973;3,73;48,25;46,42;0;United Kingdom;Western Europe;Taylor and Francis Ltd.;1976-1985, 1987, 1989-2026;"Critical Care and Intensive Care Medicine (Q1); Medicine (miscellaneous) (Q1); Nephrology (Q1)";
29;21101092741;Critical Care Explorations;journal;26398028;Lippincott Williams and Wilkins;Yes;No;0,942;Q1;41;146;575;5117;1661;573;2,62;35,05;40,2;0;United States;Northern America;Lippincott Williams and Wilkins;2019-2026;Critical Care and Intensive Care Medicine (Q1);
30;21101201218;Journal of Anesthesia, Analgesia and Critical Care;journal;27313786;BioMed Central Ltd;Yes;No;0,918;Q1;17;89;181;3430;700;158;3,7;38,54;42,07;0;United Kingdom;Western Europe;BioMed Central Ltd;2021-2026;"Anesthesiology and Pain Medicine (Q1); Critical Care and Intensive Care Medicine (Q1)";
31;21101041516;Intensive Care Medicine Experimental;journal;2197425X;Springer Nature;Yes;No;0,888;Q1;44;133;266;4885;714;238;2,63;36,73;45,23;0;Switzerland;Western Europe;Springer Nature;2013-2026;"Critical Care and Intensive Care Medicine (Q1); Emergency Medicine (Q1); Physiology (medical) (Q2)";
32;19086;Seminars in Respiratory and Critical Care Medicine;journal;10989048, 10693424;Thieme Medical Publishers, Inc.;No;No;0,874;Q1;87;73;229;7299;765;212;3,26;99,99;43,86;0;United States;Northern America;Thieme Medical Publishers, Inc.;1994-2026;"Critical Care and Intensive Care Medicine (Q1); Pulmonary and Respiratory Medicine (Q2)";
33;18944;Shock;journal;10732322, 15400514;Lippincott Williams and Wilkins;No;No;0,827;Q2;140;239;610;8870;1715;590;2,56;37,11;36,84;0;United States;Northern America;Lippincott Williams and Wilkins;1994-2026;"Emergency Medicine (Q1); Critical Care and Intensive Care Medicine (Q2)";
34;27707;Heart and Lung;journal;01479563, 15273288;Elsevier Inc.;No;No;0,794;Q2;86;177;536;6586;1290;447;2,33;37,21;47,75;0;United States;Northern America;Elsevier Inc.;1973-2026;"Cardiology and Cardiovascular Medicine (Q2); Critical Care and Intensive Care Medicine (Q2); Pulmonary and Respiratory Medicine (Q2)";
35;5300152611;European Journal of Trauma and Emergency Surgery;journal;18639933, 18639941;Springer International Publishing AG;No;No;0,788;Q2;58;366;1147;12479;3028;1108;2,5;34,1;27,31;0;Germany;Western Europe;Springer International Publishing AG;2006-2026;"Emergency Medicine (Q1); Surgery (Q1); Critical Care and Intensive Care Medicine (Q2); Orthopedics and Sports Medicine (Q2)";
36;29689;Emergency Medicine Journal;journal;14720213, 14720205;BMJ Publishing Group;No;No;0,784;Q2;105;226;590;3401;1074;411;1,49;15,05;53,87;0;United Kingdom;Western Europe;BMJ Publishing Group;1996-2026;"Emergency Medicine (Q1); Critical Care and Intensive Care Medicine (Q2); Medicine (miscellaneous) (Q2)";
37;15938;Journal of Intensive Care Medicine;journal;15251489, 08850666;SAGE Publications Inc.;No;No;0,761;Q2;79;212;459;10259;1217;450;2,62;48,39;39,51;1;United States;Northern America;SAGE Publications Inc.;1986-2026;Critical Care and Intensive Care Medicine (Q2);
38;15872;Journal of Clinical Monitoring and Computing;journal;15732614, 13871307;Springer Science and Business Media B.V.;No;No;0,754;Q2;67;195;543;5777;1405;488;2,73;29,63;33,36;0;Netherlands;Western Europe;Springer Science and Business Media B.V.;1992, 1997-2000, 2002, 2004-2026;"Anesthesiology and Pain Medicine (Q2); Critical Care and Intensive Care Medicine (Q2); Health Informatics (Q2)";
39;29574;Burns;journal;03054179, 18791409;Elsevier Ltd;No;No;0,725;Q2;129;353;853;11313;2047;659;2,32;32,05;41,29;1;United Kingdom;Western Europe;Elsevier Ltd;1974-2026;"Emergency Medicine (Q1); Surgery (Q1); Critical Care and Intensive Care Medicine (Q2); Medicine (miscellaneous) (Q2)";
40;21101283226;CHEST Critical Care;journal;29497884;Elsevier B.V.;Yes;No;0,707;Q2;8;105;98;3288;170;69;1,73;31,31;45,51;0;Netherlands;Western Europe;Elsevier B.V.;2023-2026;Critical Care and Intensive Care Medicine (Q2);
41;12759;Omega: Journal of Death and Dying;journal;15413764, 00302228;SAGE Publications Inc.;No;No;0,691;Q2;61;387;626;18639;1710;626;2,61;48,16;60,65;5;United Kingdom;Western Europe;SAGE Publications Inc.;1970, 1973-2026;"Critical Care and Intensive Care Medicine (Q2); Health (social science) (Q2); Life-span and Life-course Studies (Q2)";
42;29915;Critical Care Clinics;journal;07490704, 15578232;W.B. Saunders;No;No;0,667;Q2;94;59;175;3919;435;150;2,45;66,42;52,1;0;United States;Northern America;W.B. Saunders;1985-2026;"Critical Care and Intensive Care Medicine (Q2); Medicine (miscellaneous) (Q2)";
43;12100155640;Current Opinion in Supportive and Palliative Care;journal;17514258, 17514266;Lippincott Williams and Wilkins;No;No;0,661;Q2;59;45;136;1880;279;119;2,09;41,78;47,06;0;United States;Northern America;Lippincott Williams and Wilkins;2007-2026;"Critical Care and Intensive Care Medicine (Q2); Medicine (miscellaneous) (Q2); Oncology (nursing) (Q2); Oncology (Q3)";
44;6000161177;HERD;journal;21675112, 19375867;SAGE Publications Inc.;No;No;0,653;Q2;46;64;275;2615;668;245;2,43;40,86;65;0;United States;Northern America;SAGE Publications Inc.;2007-2026;"Critical Care and Intensive Care Medicine (Q2); Public Health, Environmental and Occupational Health (Q2)";
45;21100927219;Acute and Critical Care;journal;25866060, 25866052;Korean Society of Critical Care Medicine;Yes;Yes;0,65;Q2;23;58;226;1667;508;194;2,13;28,74;39,1;0;South Korea;Asiatic Region;Korean Society of Critical Care Medicine;2018-2025;"Critical Care Nursing (Q1); Critical Care and Intensive Care Medicine (Q2)";
46;18635;Respiratory Care;journal;19433654, 00201324;Mary Ann Liebert Inc.;No;No;0,644;Q2;116;222;710;1009;1028;527;1,42;4,55;42,53;0;United States;Northern America;Mary Ann Liebert Inc.;1973-2026;"Critical Care and Intensive Care Medicine (Q2); Medicine (miscellaneous) (Q2); Pulmonary and Respiratory Medicine (Q2)";
47;21100255120;Anaesthesiology Intensive Therapy;journal;16425758, 17312531;Termedia Publishing House Ltd.;Yes;Yes;0,641;Q2;41;50;183;1532;346;126;1,45;30,64;38,35;0;Poland;Eastern Europe;Termedia Publishing House Ltd.;2012-2026;"Anesthesiology and Pain Medicine (Q2); Critical Care and Intensive Care Medicine (Q2); Medicine (miscellaneous) (Q2)";
48;21100897707;Trauma Surgery and Acute Care Open;journal;23975776;BMJ Publishing Group;Yes;No;0,64;Q2;37;227;421;5027;757;343;1,68;22,15;40,62;2;United Kingdom;Western Europe;BMJ Publishing Group;2016-2026;"Critical Care and Intensive Care Medicine (Q2); Surgery (Q2)";
49;21101200959;Critical Care Science;journal;29652774;Associacao de Medicina Intensiva Brasileira - AMIB;No;No;0,622;Q2;39;116;244;2647;378;158;1,66;22,82;38,89;0;Brazil;Latin America;Associacao de Medicina Intensiva Brasileira - AMIB;2022-2026;Critical Care and Intensive Care Medicine (Q2);
50;19700174630;Journal of the Intensive Care Society;journal;17511437;SAGE Publications Inc.;No;No;0,58;Q2;32;73;227;1941;363;179;1,47;26,59;43,97;0;United Kingdom;Western Europe;SAGE Publications Inc.;2004, 2010-2026;"Critical Care Nursing (Q1); Critical Care and Intensive Care Medicine (Q2)";
51;19700172216;Anesthesiology Research and Practice;journal;16876962, 16876970;John Wiley and Sons Ltd;Yes;No;0,567;Q2;34;42;66;1227;142;66;1,61;29,21;43,06;0;United Kingdom;Western Europe;John Wiley and Sons Ltd;2008-2026;"Anesthesiology and Pain Medicine (Q2); Critical Care and Intensive Care Medicine (Q2)";
52;145496;Indian Journal of Critical Care Medicine;journal;1998359X, 09725229;Jaypee Brothers Medical Publishers (P) Ltd;Yes;No;0,54;Q2;49;247;792;4073;942;455;1,16;16,49;34,2;0;India;Asiatic Region;Jaypee Brothers Medical Publishers (P) Ltd;2004-2025;Critical Care and Intensive Care Medicine (Q2);
53;21100215163;Critical Care Research and Practice;journal;20901305, 20901313;John Wiley and Sons Ltd;Yes;No;0,525;Q2;43;19;91;704;202;91;1,62;37,05;44,64;0;United Kingdom;Western Europe;John Wiley and Sons Ltd;2010, 2012-2026;Critical Care and Intensive Care Medicine (Q2);
54;21101128453;ATS Scholar;journal;26907097;American Thoracic Society;Yes;No;0,487;Q2;16;68;207;1319;256;160;1,09;19,4;44,08;0;United States;Northern America;American Thoracic Society;2020-2025;"Critical Care and Intensive Care Medicine (Q2); Education (Q2); Neurology (clinical) (Q3); Pulmonary and Respiratory Medicine (Q3)";
55;21101251254;European Journal of Anaesthesiology and Intensive Care;journal;27677206;Wolters Kluwer Health;Yes;No;0,474;Q2;7;25;60;567;87;53;1,38;22,68;34,15;0;United Kingdom;Western Europe;Wolters Kluwer Health;2022-2026;"Anesthesiology and Pain Medicine (Q2); Critical Care and Intensive Care Medicine (Q2)";
56;130016;Cutaneous and Ocular Toxicology;journal;15569527, 15569535;Taylor and Francis Ltd.;No;No;0,471;Q2;42;59;142;2527;266;140;1,59;42,83;50,88;0;United Kingdom;Western Europe;Taylor and Francis Ltd.;1982-2000, 2005-2026;"Complementary and Alternative Medicine (Q2); Critical Care and Intensive Care Medicine (Q2); Pharmaceutical Science (Q2); Medicine (miscellaneous) (Q3); Toxicology (Q3)";
57;21411;Anaesthesia and Intensive Care;journal;0310057X, 14480271;Australian Society of Anaesthetists;No;No;0,441;Q2;77;87;200;1929;211;139;1,09;22,17;33,77;0;Australia;Pacific Region;Australian Society of Anaesthetists;1972-2026;"Anesthesiology and Pain Medicine (Q2); Critical Care and Intensive Care Medicine (Q2)";
58;21101316431;JMIR XR and Spatial Computing;journal;28183045;JMIR Publications Inc.;Yes;No;0,413;Q2;4;21;19;1263;44;18;2,32;60,14;34,68;0;Canada;Northern America;JMIR Publications Inc.;2024-2025;"Anesthesiology and Pain Medicine (Q2); Critical Care and Intensive Care Medicine (Q2); Surgery (Q2); Health Informatics (Q3)";
59;27681;Enfermeria Intensiva;journal;11302399, 15781291;Ediciones Doyma, S.L.;No;No;0,403;Q2;23;67;122;2275;179;99;1,4;33,96;69,14;0;Spain;Western Europe;Ediciones Doyma, S.L.;1994-2026;"Advanced and Specialized Nursing (Q2); Critical Care and Intensive Care Medicine (Q2); Critical Care Nursing (Q2); Fundamentals and Skills (Q2)";
60;21101272983;Journal of Anesthesia and Translational Medicine;journal;29573912;KeAi Communications Co.;No;No;0,384;Q2;3;33;29;2243;46;28;1,59;67,97;45,71;0;Netherlands;Western Europe;KeAi Communications Co.;2024-2025;"Anesthesiology and Pain Medicine (Q2); Critical Care and Intensive Care Medicine (Q2)";
61;18370;Medicina Intensiva;journal;15786749, 02105691;Ediciones Doyma, S.L.;No;No;0,35;Q2;44;156;492;2978;499;409;1,02;19,09;44,97;0;Spain;Western Europe;Ediciones Doyma, S.L.;1988-2026;Critical Care and Intensive Care Medicine (Q2);
62;21101173097;Journal of Critical Care Medicine;journal;23931817, 23931809;Sciendo;Yes;No;0,348;Q2;19;50;113;1414;162;100;1,12;28,28;45,34;0;Poland;Eastern Europe;Sciendo;2015-2026;"Critical Care and Intensive Care Medicine (Q2); Emergency Medicine (Q2); Anesthesiology and Pain Medicine (Q3); Pulmonary and Respiratory Medicine (Q3)";
63;21101018821;Canadian Journal of Respiratory, Critical Care, and Sleep Medicine;journal;24745340, 24745332;Taylor and Francis Ltd.;No;No;0,338;Q2;16;56;184;1615;132;157;0,55;28,84;38,73;0;United States;Northern America;Taylor and Francis Ltd.;2017-2026;"Critical Care and Intensive Care Medicine (Q2); Pulmonary and Respiratory Medicine (Q3)";
64;21100198555;Medizinische Klinik - Intensivmedizin und Notfallmedizin;journal;21936218, 21936226;Springer Medizin;No;No;0,324;Q3;24;163;323;4953;445;264;1,47;30,39;34,63;0;Germany;Western Europe;Springer Medizin;1997, 2002, 2011-2026;"Emergency Medicine (Q2); Emergency Nursing (Q2); Critical Care and Intensive Care Medicine (Q3); Internal Medicine (Q3)";
65;21100370880;Therapeutic Hypothermia and Temperature Management;journal;21537933, 21537658;Mary Ann Liebert Inc.;No;No;0,317;Q3;20;45;109;1300;124;102;1,07;28,89;40;0;United States;Northern America;Mary Ann Liebert Inc.;2013-2025;"Anesthesiology and Pain Medicine (Q3); Critical Care and Intensive Care Medicine (Q3)";
66;96519;Southern African Journal of Critical Care;journal;2078676X, 15628264;South African Medical Association;Yes;Yes;0,296;Q3;14;7;51;233;48;47;0,85;33,29;54,55;0;South Africa;Africa;South African Medical Association;2001-2025;Critical Care and Intensive Care Medicine (Q3);
67;145189;Tuberkuloz ve Toraks;journal;4941373;Ankara University;No;No;0,295;Q3;24;39;151;925;129;127;0,91;23,72;56,71;0;Turkey;Middle East;Ankara University;2003-2025;"Critical Care and Intensive Care Medicine (Q3); Pulmonary and Respiratory Medicine (Q3); Surgery (Q3)";
68;21101289902;Frontiers in Anesthesiology;journal;2813480X;Frontiers Media SA;Yes;No;0,294;Q3;4;20;62;667;53;60;1;33,35;38,16;0;Switzerland;Western Europe;Frontiers Media SA;2022-2026;"Anesthesiology and Pain Medicine (Q3); Critical Care and Intensive Care Medicine (Q3); Pharmacology (medical) (Q3); Surgery (Q3)";
69;21101094911;Emergency and Critical Care Medicine;journal;2693860X, 20970617;Lippincott Williams and Wilkins;Yes;Yes;0,293;Q3;7;36;106;1136;105;102;0,83;31,56;35,4;0;United States;Northern America;Lippincott Williams and Wilkins;2021-2025;"Emergency Medicine (Q2); Critical Care and Intensive Care Medicine (Q3)";
70;59726;Trauma (United Kingdom);journal;14770350, 14604086;SAGE Publications Ltd;No;No;0,285;Q3;23;38;175;964;127;153;0,67;25,37;32,11;0;United Kingdom;Western Europe;SAGE Publications Ltd;1999-2026;"Emergency Medicine (Q2); Critical Care and Intensive Care Medicine (Q3); Surgery (Q3)";
71;21101101204;Burns Open;journal;24689122;Elsevier B.V.;Yes;No;0,271;Q3;16;54;134;1343;135;133;0,94;24,87;41,35;0;Netherlands;Western Europe;Elsevier B.V.;2017-2026;"Critical Care and Intensive Care Medicine (Q3); Dermatology (Q3); Emergency Medicine (Q3); Surgery (Q3)";
72;21100445638;Perioperative Care and Operating Room Management;journal;24056030;Elsevier Inc.;No;No;0,261;Q3;14;140;210;4010;216;197;1,12;28,64;45,37;1;United States;Northern America;Elsevier Inc.;2015-2026;"Medical and Surgical Nursing (Q2); Anesthesiology and Pain Medicine (Q3); Critical Care and Intensive Care Medicine (Q3); Surgery (Q3)";
73;21950;Revista Espanola de Anestesiologia y Reanimacion;journal;23403284, 00349356;Sociedad Espanola de Anestesiologia, Reanimacion Y Terapeutica Del Dolor;No;No;0,261;Q3;30;124;346;2310;237;292;0,71;18,63;47,73;3;Spain;Western Europe;Sociedad Espanola de Anestesiologia, Reanimacion Y Terapeutica Del Dolor;1963-1965, 1967-2026;"Anesthesiology and Pain Medicine (Q3); Critical Care and Intensive Care Medicine (Q3)";
74;21101259093;Journal of Cardiac Critical Care;journal;24569224;Scientific Scholar LLC;No;No;0,257;Q3;6;43;157;869;100;134;0,85;20,21;28,72;0;United States;Northern America;Scientific Scholar LLC;2020-2026;"Cardiology and Cardiovascular Medicine (Q3); Critical Care and Intensive Care Medicine (Q3)";
75;5100152404;Anaesthesia and Intensive Care Medicine;journal;18787584, 14720299;Elsevier Ltd;No;No;0,252;Q3;26;137;418;1940;342;418;0,73;14,16;50;0;United Kingdom;Western Europe;Elsevier Ltd;2003-2026;"Anesthesiology and Pain Medicine (Q3); Critical Care and Intensive Care Medicine (Q3)";
76;21101339665;Egyptian Journal of Bronchology;journal;16878426, 23148551;Springer Medizin;Yes;No;0,249;Q3;14;149;248;4358;194;240;0,74;29,25;41,15;0;Germany;Western Europe;Springer Medizin;2013-2026;"Respiratory Care (Q2); Critical Care and Intensive Care Medicine (Q3); Pulmonary and Respiratory Medicine (Q3)";
77;21101061919;African Journal of Thoracic and Critical Care Medicine;journal;26170205, 26170191;South African Medical Association;Yes;No;0,248;Q3;10;25;137;446;75;63;0,5;17,84;28,57;0;South Africa;Africa;South African Medical Association;2018-2025;"Critical Care and Intensive Care Medicine (Q3); Infectious Diseases (Q3); Pulmonary and Respiratory Medicine (Q3)";
78;21876;Egyptian Journal of Anaesthesia;journal;16871804, 11101849;Taylor and Francis Ltd.;Yes;No;0,248;Q3;21;2;264;34;170;264;0,66;17;14,29;0;United Kingdom;Western Europe;Taylor and Francis Ltd.;2003-2025;"Anesthesiology and Pain Medicine (Q3); Critical Care and Intensive Care Medicine (Q3)";
79;19700200839;Trends in Anaesthesia and Critical Care;journal;22108440, 22108467;Churchill Livingstone;No;No;0,24;Q3;28;47;181;1451;147;154;0,75;30,87;42,48;0;United Kingdom;Western Europe;Churchill Livingstone;2011-2026;"Anesthesiology and Pain Medicine (Q3); Critical Care and Intensive Care Medicine (Q3)";
80;19700188351;Annals of Burns and Fire Disasters;journal;15929566, 15929558;Mediterranean Council for Burns and Fire Disasters;Yes;No;0,232;Q3;34;31;153;923;113;145;0,66;29,77;30,59;0;Italy;Western Europe;Mediterranean Council for Burns and Fire Disasters;2010-2025;"Critical Care and Intensive Care Medicine (Q3); Emergency Medicine (Q3); Emergency Nursing (Q3)";
81;21100780673;International Journal of Critical Illness and Injury Science;journal;22295151, 22315004;Wolters Kluwer Medknow Publications;Yes;No;0,228;Q3;22;30;106;677;91;95;0,82;22,57;33,98;0;India;Asiatic Region;Wolters Kluwer Medknow Publications;2015-2026;"Critical Care and Intensive Care Medicine (Q3); Emergency Medicine (Q3); Public Health, Environmental and Occupational Health (Q3)";
82;19700173165;Signa Vitae;journal;13345605, 1845206X;Pharmamed Mado Ltd;No;No;0,227;Q3;17;179;441;5444;350;431;0,83;30,41;39;0;Croatia;Eastern Europe;Pharmamed Mado Ltd;2008-2026;"Critical Care and Intensive Care Medicine (Q3); Emergency Medicine (Q3)";
83;21100415027;Obshchaya Reanimatologiya;journal;24117110, 18139779;V.A. Negovsky Research Institute of General Reanimatology;Yes;Yes;0,225;Q3;13;40;134;1601;116;131;0,99;40,03;31,7;0;Russian Federation;Eastern Europe;V.A. Negovsky Research Institute of General Reanimatology;2015-2026;Critical Care and Intensive Care Medicine (Q3);
84;28765;Neonatal Network;journal;15392880, 07300832;Springer Publishing Company;No;No;0,224;Q3;46;54;158;1281;95;136;0,57;23,72;83,13;0;United States;Northern America;Springer Publishing Company;1985-2025;"Critical Care and Intensive Care Medicine (Q3); Critical Care Nursing (Q3); Pediatrics, Perinatology and Child Health (Q3); Medicine (miscellaneous) (Q4)";
85;21101073950;Annals of Critical Care;journal;1818474X, 17269806;Practical Medicine Publishing House LLC;Yes;Yes;0,212;Q3;11;51;142;2750;138;138;0,95;53,92;39,86;0;Russian Federation;Eastern Europe;Practical Medicine Publishing House LLC;2017-2026;"Anesthesiology and Pain Medicine (Q3); Critical Care and Intensive Care Medicine (Q3); Emergency Medical Services (Q3); Emergency Medicine (Q3); Law (Q3)";
86;21100197951;Journal of Acute Medicine;journal;22115587, 22115595;Ainosco Press;Yes;No;0,208;Q3;20;26;79;483;50;72;0,72;18,58;25;0;Taiwan;Asiatic Region;Ainosco Press;2011-2025;"Critical Care and Intensive Care Medicine (Q3); Emergency Medicine (Q3)";
87;19700174982;Tanaffos;journal;17350344;Shaheed Beheshti University of Medical Sciences and Health Services;No;No;0,204;Q3;26;14;187;358;129;172;0,26;25,57;37,5;0;Iran;Middle East;Shaheed Beheshti University of Medical Sciences and Health Services;2006-2025;"Critical Care and Intensive Care Medicine (Q3); Pulmonary and Respiratory Medicine (Q4)";
88;21101022219;Disaster and Emergency Medicine Journal;journal;25435957, 24514691;Via Medica;No;No;0,202;Q3;11;30;113;746;48;80;0,28;24,87;28,57;0;Poland;Eastern Europe;Via Medica;2019-2025;"Critical Care and Intensive Care Medicine (Q3); Emergency Medical Services (Q3); Emergency Medicine (Q3)";
89;21100416035;Trauma Case Reports;journal;23526440;Elsevier Ltd;Yes;No;0,2;Q3;14;151;502;2402;260;502;0,49;15,91;20,59;0;United Kingdom;Western Europe;Elsevier Ltd;2015-2026;"Critical Care and Intensive Care Medicine (Q3); Emergency Medicine (Q3); Orthopedics and Sports Medicine (Q4)";
90;21100285074;Chinese Critical Care Medicine;journal;20954352;Chinese Medical Journals Publishing House Co.Ltd;No;No;0,193;Q3;25;189;736;3830;397;731;0,54;20,26;45,38;0;China;Asiatic Region;Chinese Medical Journals Publishing House Co.Ltd;2013-2025;"Critical Care and Intensive Care Medicine (Q3); Medicine (miscellaneous) (Q4)";
91;21101027490;Case Reports in Critical Care;journal;20906420, 20906439;John Wiley and Sons Ltd;Yes;No;0,191;Q3;10;34;62;543;45;62;0,71;15,97;32,77;0;United Kingdom;Western Europe;John Wiley and Sons Ltd;2012, 2017, 2019-2026;Critical Care and Intensive Care Medicine (Q3);
92;21101054301;Journal of Emergency and Critical Care Medicine;journal;25213563;AME Publishing Company;No;No;0,19;Q3;7;35;63;858;41;61;0,48;24,51;35,32;0;Hong Kong;Asiatic Region;AME Publishing Company;2020-2025;"Critical Care and Intensive Care Medicine (Q3); Emergency Medicine (Q3)";
93;21100304895;Archives of Clinical Infectious Diseases;journal;23452641;Brieflands;Yes;No;0,185;Q3;25;59;149;1514;84;127;0,65;25,66;49,2;0;Netherlands;Western Europe;Brieflands;2012-2025;"Critical Care and Intensive Care Medicine (Q3); Cardiology and Cardiovascular Medicine (Q4); Immunology and Microbiology (miscellaneous)  (Q4); Infectious Diseases (Q4); Microbiology (Q4); Public Health, Environmental and Occupational Health (Q4); Toxicology (Q4)";
94;21420;Anasthesiologie und Intensivmedizin;journal;01705334, 14390256;Aktiv Druck and Verlag GmbH;No;No;0,184;Q3;25;75;250;2031;100;219;0,54;27,08;25,77;0;Germany;Western Europe;Aktiv Druck and Verlag GmbH;1978-2026;"Anesthesiology and Pain Medicine (Q3); Critical Care and Intensive Care Medicine (Q3)";
95;21100787322;Romanian Journal of Anaesthesia and Intensive Care;journal;23927518, 25020307;;Yes;No;0,184;Q3;15;0;4;0;3;4;0,75;0;0;0;Romania;Eastern Europe;;2014-2019, 2023;"Anesthesiology and Pain Medicine (Q3); Critical Care and Intensive Care Medicine (Q3); Emergency Medicine (Q3)";
96;145501;Acute Medicine;journal;17474884, 17474892;Rila Publications Ltd;No;No;0,181;Q4;18;14;115;173;41;100;0,27;12,36;45,61;0;United Kingdom;Western Europe;Rila Publications Ltd;2005-2025;"Emergency Medicine (Q3); Critical Care and Intensive Care Medicine (Q4); Internal Medicine (Q4); Medicine (miscellaneous) (Q4)";
97;21101046764;Revista Cuidarte;journal;22160973, 23463414;Universidad de Santander;Yes;Yes;0,181;Q4;9;60;164;2315;97;154;0,58;38,58;64,04;0;Colombia;Latin America;Universidad de Santander;2019-2025;"Family Practice (Q3); Maternity and Midwifery (Q3); Medical and Surgical Nursing (Q3); Nurse Assisting (Q3); Community and Home Care (Q4); Critical Care and Intensive Care Medicine (Q4); Nursing (miscellaneous) (Q4)";
98;19700174976;Anaesthesia, Pain and Intensive Care;journal;16078322, 22205799;Faculty of Anaesthesia, Pain and Intensive Care, AFMS;Yes;No;0,18;Q4;16;254;489;5777;204;473;0,41;22,74;41,98;0;Pakistan;Asiatic Region;Faculty of Anaesthesia, Pain and Intensive Care, AFMS;2009-2026;"Anesthesiology and Pain Medicine (Q3); Critical Care and Intensive Care Medicine (Q4)";
99;21100981414;Journal of Critical and Intensive Care;journal;27176428;Society of Turkish Intensivists;Yes;No;0,18;Q4;9;16;62;418;22;54;0,43;26,13;57,63;0;Turkey;Middle East;Society of Turkish Intensivists;2020-2025;Critical Care and Intensive Care Medicine (Q4);
100;21101038514;Russian Journal of Anesthesiology and Reanimatology /Anesteziologiya i Reanimatologiya;journal;02017563, 24104698;Media Sphera Publishing Group;No;No;0,18;Q4;13;70;217;2022;116;202;0,46;28,89;37,5;0;Russian Federation;Eastern Europe;Media Sphera Publishing Group;1976-2016, 2018-2025;"Anesthesiology and Pain Medicine (Q3); Emergency Medical Services (Q3); Emergency Medicine (Q3); Law (Q3); Critical Care and Intensive Care Medicine (Q4); Pathology and Forensic Medicine (Q4)";
101;21101082212;Journal of Research in Clinical Medicine;journal;27170616;Tabriz University of Medical Sciences;Yes;Yes;0,172;Q4;5;40;108;1220;56;104;0,53;30,5;28,65;1;Iran;Middle East;Tabriz University of Medical Sciences;2020-2026;"Emergency Medicine (Q3); Anesthesiology and Pain Medicine (Q4); Critical Care and Intensive Care Medicine (Q4); Geriatrics and Gerontology (Q4); Internal Medicine (Q4); Medicine (miscellaneous) (Q4)";
102;21101060899;Bali Journal of Anesthesiology;journal;25492276;Wolters Kluwer Medknow Publications;Yes;Yes;0,17;Q4;5;48;146;1006;56;130;0,39;20,96;41,78;0;India;Asiatic Region;Wolters Kluwer Medknow Publications;2017-2025;"Emergency Medicine (Q3); Anesthesiology and Pain Medicine (Q4); Critical Care and Intensive Care Medicine (Q4); Critical Care Nursing (Q4); Emergency Nursing (Q4)";
103;12700154704;Journal of Emergency Medicine, Trauma and Acute Care;journal;19997086, 19997094;HBKU Press;Yes;Yes;0,168;Q4;9;46;220;1244;156;211;0,57;27,04;28,82;0;Qatar;Middle East;HBKU Press;2008-2009, 2012-2017, 2020-2026;"Emergency Medicine (Q3); Critical Care and Intensive Care Medicine (Q4)";
104;21101242005;Chinese Journal of Burns and Wounds;journal;20971109;Chinese Medical Journals Publishing House Co.Ltd;No;No;0,158;Q4;13;120;310;5685;157;310;0,51;47,38;34,91;0;China;Asiatic Region;Chinese Medical Journals Publishing House Co.Ltd;2023-2026;"Advanced and Specialized Nursing (Q4); Critical Care and Intensive Care Medicine (Q4); Dermatology (Q4)";
105;21100976171;Colombian Journal of Anesthesiology;journal;24220248, 22562087;Sociedad Colombiana de Anestesiologia y Reanimacion;Yes;Yes;0,156;Q4;9;41;113;908;51;96;0,54;22,15;38,46;0;Colombia;Latin America;Sociedad Colombiana de Anestesiologia y Reanimacion;2018-2025;"Anesthesiology and Pain Medicine (Q4); Critical Care and Intensive Care Medicine (Q4)";
106;21101042491;Journal of Neuroanaesthesiology and Critical Care;journal;23480548;Georg Thieme Verlag;Yes;Yes;0,153;Q4;6;42;150;712;38;115;0,27;16,95;38,98;0;Germany;Western Europe;Georg Thieme Verlag;2016, 2019-2026;"Anesthesiology and Pain Medicine (Q4); Critical Care and Intensive Care Medicine (Q4); Neurology (clinical) (Q4)";
107;21100197524;Trauma Monthly;journal;22517472, 22517464;;Yes;No;0,152;Q4;27;36;140;1023;53;135;0,49;28,42;34,53;0;Iran;Middle East;;2011-2026;"Critical Care and Intensive Care Medicine (Q4); Emergency Medicine (Q4); Medicine (miscellaneous) (Q4); Surgery (Q4)";
108;21101238426;Ukrainian Neurosurgical Journal;journal;26639092, 26639084;SI Romodanov Neurosurgery Institute of the National Academy of Medical Sciences of Ukraine;Yes;Yes;0,152;Q4;3;36;81;1342;17;81;0,28;37,28;29,13;0;Ukraine;Eastern Europe;SI Romodanov Neurosurgery Institute of the National Academy of Medical Sciences of Ukraine;2022-2025;"Cellular and Molecular Neuroscience (Q4); Critical Care and Intensive Care Medicine (Q4); Neurology (clinical) (Q4); Surgery (Q4)";
109;21101093567;Journal of Pediatric Emergency and Intensive Care Medicine (Turkey);journal;27179206;Galenos Publishing House;Yes;No;0,148;Q4;4;15;93;265;33;90;0,27;17,67;47,73;0;Turkey;Middle East;Galenos Publishing House;2021-2025;"Critical Care and Intensive Care Medicine (Q4); Emergency Medicine (Q4); Pediatrics, Perinatology and Child Health (Q4)";
110;21101152065;Archives of Anesthesiology and Critical Care;journal;24235849;Tehran University of Medical Sciences;Yes;Yes;0,147;Q4;3;135;221;3404;74;207;0,33;25,21;41,87;0;Iran;Middle East;Tehran University of Medical Sciences;2023-2026;"Anesthesiology and Pain Medicine (Q4); Critical Care and Intensive Care Medicine (Q4); Critical Care Nursing (Q4)";
111;21101294934;Journal of Obstetric Anaesthesia and Critical Care;journal;22499539, 22494472;Wolters Kluwer Medknow Publications;Yes;No;0,147;Q4;3;43;84;701;33;68;0,39;16,3;50,47;0;India;Asiatic Region;Wolters Kluwer Medknow Publications;2023-2025;"Anesthesiology and Pain Medicine (Q4); Critical Care and Intensive Care Medicine (Q4); Obstetrics and Gynecology (Q4)";
112;16374;Notarzt;journal;14388693, 01772309;Georg Thieme Verlag;No;No;0,142;Q4;13;64;219;660;27;123;0,07;10,31;23,7;0;Germany;Western Europe;Georg Thieme Verlag;1985-1993, 1999-2026;"Critical Care and Intensive Care Medicine (Q4); Emergency Medicine (Q4)";
113;21101041556;Complex Issues of Cardiovascular Diseases;journal;23061278, 25879537;NII KPSSZ;No;No;0,14;Q4;9;124;317;3804;113;316;0,3;30,68;52,41;0;Russian Federation;Eastern Europe;NII KPSSZ;2019-2025;"Cardiology and Cardiovascular Medicine (Q4); Critical Care and Intensive Care Medicine (Q4); Emergency Medicine (Q4); Rehabilitation (Q4); Surgery (Q4)";
114;21394;Anasthesiologie, Intensivmedizin, Notfallmedizin, Schmerztherapie : AINS;journal;14391074, 09392661;Georg Thieme Verlag;Yes;No;0,136;Q4;31;56;293;1463;59;179;0,17;26,13;35,83;0;Germany;Western Europe;Georg Thieme Verlag;1980-2026;"Anesthesiology and Pain Medicine (Q4); Critical Care and Intensive Care Medicine (Q4); Emergency Medicine (Q4); Medicine (miscellaneous) (Q4)";
115;21100982275;Journal of Emergency Practice and Trauma;journal;23834544;Kerman University of Medical Sciences;Yes;Yes;0,134;Q4;6;3;83;111;21;76;0,2;37;35,71;0;Iran;Middle East;Kerman University of Medical Sciences;2019-2025;"Critical Care and Intensive Care Medicine (Q4); Emergency Medicine (Q4); Emergency Nursing (Q4)";
116;21101041554;Messenger of Anesthesiology and Resuscitation;journal;20785658, 25418653;New Terra Publishing House;Yes;Yes;0,134;Q4;8;73;225;2472;86;224;0,38;33,86;40,23;0;Russian Federation;Eastern Europe;New Terra Publishing House;2019-2025;"Anesthesiology and Pain Medicine (Q4); Critical Care and Intensive Care Medicine (Q4); Emergency Medicine (Q4)";
117;66252;Anesteziologie a Intenzivni Medicina;journal;12142158, 18054412;Czech Medical Association J.E. Purkyne;No;No;0,128;Q4;7;58;181;1563;18;116;0,13;26,95;35,71;0;Czech Republic;Eastern Europe;Czech Medical Association J.E. Purkyne;2003-2025;"Anesthesiology and Pain Medicine (Q4); Critical Care and Intensive Care Medicine (Q4)";
118;87861;Critical Care and Shock;journal;14107767;The Indonesian Foundation of Critical Care Medicine;No;No;0,126;Q4;13;34;102;640;15;95;0,11;18,82;25,64;0;Indonesia;Asiatic Region;The Indonesian Foundation of Critical Care Medicine;2002-2026;Critical Care and Intensive Care Medicine (Q4);
119;21101115808;Acta Colombiana de Cuidado Intensivo;journal;01227262, 27730697;Asociacion Colombiana de Medicina Critica y Cuidado lntensivo;No;No;0,122;Q4;7;84;184;2685;29;181;0,13;31,96;36,04;0;Spain;Western Europe;Asociacion Colombiana de Medicina Critica y Cuidado lntensivo;2015-2026;"Advanced and Specialized Nursing (Q4); Anesthesiology and Pain Medicine (Q4); Critical Care and Intensive Care Medicine (Q4); Critical Care Nursing (Q4)";
120;21101278609;Indian Journal of Respiratory Care;journal;23214899, 22779019;Jaypee Brothers Medical Publishers (P) Ltd;Yes;Yes;0,119;Q4;3;64;227;1185;33;199;0,12;18,52;42,07;0;India;Asiatic Region;Jaypee Brothers Medical Publishers (P) Ltd;2022-2025;"Respiratory Care (Q3); Anesthesiology and Pain Medicine (Q4); Critical Care and Intensive Care Medicine (Q4); Pulmonary and Respiratory Medicine (Q4)";
121;15600154706;Netherlands Journal of Critical Care;journal;15693511;Netherlands Society of Intensive Care;No;No;0,114;Q4;11;0;42;0;4;28;0;0;0;0;Netherlands;Western Europe;Netherlands Society of Intensive Care;2008-2023;Critical Care and Intensive Care Medicine (Q4);
122;21101023405;Journal of Endovascular Resuscitation and Trauma Management;journal;2003539X, 20027567;Orebro University Hospital;Yes;Yes;0,112;Q4;9;11;72;206;9;55;0,12;18,73;35,19;0;Sweden;Western Europe;Orebro University Hospital;2017-2025;"Critical Care and Intensive Care Medicine (Q4); Emergency Medicine (Q4); Surgery (Q4)";
123;28014;Neonatal Intensive Care;trade journal;10622454;Goldstein and Associates;No;No;0,111;Q4;2;18;128;212;2;116;0,03;11,78;55,88;0;United States;Northern America;Goldstein and Associates;1990-1994, 2019, 2022-2026;"Critical Care and Intensive Care Medicine (Q4); Critical Care Nursing (Q4); Pediatrics (Q4); Pediatrics, Perinatology and Child Health (Q4)";
124;21100228103;Journal Europeen des Urgences et de Reanimation;journal;22114238;Elsevier Masson s.r.l.;No;No;0,102;Q4;4;0;40;0;2;28;0;0;0;0;France;Western Europe;Elsevier Masson s.r.l.;2011-2023;"Critical Care and Intensive Care Medicine (Q4); Emergency Medicine (Q4)";
125;19700180508;Intervencni a Akutni Kardiologie;journal;18035302, 1213807X;SOLEN s.r.o.;Yes;No;0,101;Q4;4;0;89;0;2;81;0,04;0;0;0;Czech Republic;Eastern Europe;SOLEN s.r.o.;2010-2024;"Cardiology and Cardiovascular Medicine (Q4); Critical Care and Intensive Care Medicine (Q4)";
126;24892;Nederlands Tijdschrift voor Dermatologie en Venereologie;journal;9258604;Stichting Beheer Tijdschriften Dermatologie;No;No;0,1;Q4;5;160;388;786;6;213;0,02;4,91;69,39;0;Netherlands;Western Europe;Stichting Beheer Tijdschriften Dermatologie;2004-2025;"Critical Care and Intensive Care Medicine (Q4); Infectious Diseases (Q4)";
127;21101393934;Journal of Pediatric Perspectives;journal;30607205;Mashhad University of Medical Sciences;No;No;;-;1;72;0;1802;0;0;0;25,03;56,5;0;Iran;Middle East;Mashhad University of Medical Sciences;2025-2026;"Critical Care and Intensive Care Medicine; Medicine (miscellaneous); Pediatrics, Perinatology and Child Health; Reviews and References (medical)";
1;21100220495;The Lancet Respiratory Medicine;journal;22132619, 22132600;Elsevier Ltd;No;No;7,652;Q1;212;227;783;4730;7704;325;9,42;20,84;33,74;0;United Kingdom;Western Europe;Elsevier Ltd;2013-2026;Pulmonary and Respiratory Medicine (Q1);Medicine
2;6400153137;Journal of Thoracic Oncology;journal;15561380, 15560864;Elsevier Inc.;No;No;7,497;Q1;204;313;699;7533;6029;293;7,54;24,07;37,19;3;United States;Northern America;Elsevier Inc.;2006-2026;"Medicine (miscellaneous) (Q1); Oncology (Q1); Pulmonary and Respiratory Medicine (Q1)";Medicine
3;18000;American Journal of Respiratory and Critical Care Medicine;journal;1073449X, 15354970;American Thoracic Society;No;No;5,423;Q1;450;451;1867;9514;11771;786;5,88;21,1;40,01;0;United States;Northern America;American Thoracic Society;1991, 1994-2026;"Critical Care and Intensive Care Medicine (Q1); Pulmonary and Respiratory Medicine (Q1)";Medicine
4;18458;European Respiratory Journal;journal;09031936, 13993003;European Respiratory Society;No;No;5,076;Q1;310;348;1216;8785;10591;695;8,96;25,24;41,33;0;Switzerland;Western Europe;European Respiratory Society;1988-2026;"Medicine (miscellaneous) (Q1); Pulmonary and Respiratory Medicine (Q1)";Medicine
5;19837;Sleep Medicine Reviews;journal;15322955, 10870792;W.B. Saunders Ltd;No;No;3,827;Q1;204;144;309;10728;3896;248;10,3;74,5;47,54;0;United Kingdom;Western Europe;W.B. Saunders Ltd;1997-2026;"Neurology (Q1); Neurology (clinical) (Q1); Physiology (medical) (Q1); Pulmonary and Respiratory Medicine (Q1)";"Medicine; Neuroscience"
6;18476;European Respiratory Review;journal;16000617, 09059180;European Respiratory Society;Yes;No;3,57;Q1;115;130;317;11604;3698;296;10,2;89,26;43,82;0;Switzerland;Western Europe;European Respiratory Society;1992-2002, 2004-2026;Pulmonary and Respiratory Medicine (Q1);Medicine
7;19104;Thorax;journal;14683296, 00406376;BMJ Publishing Group;No;No;2,479;Q1;270;234;673;5979;3586;492;5,17;25,55;42,77;0;United Kingdom;Western Europe;BMJ Publishing Group;1946-2026;Pulmonary and Respiratory Medicine (Q1);Medicine
8;21684;Journal of Heart and Lung Transplantation;journal;15573117, 10532498;Elsevier Inc.;No;No;2,336;Q1;171;344;713;7509;3721;538;5,5;21,83;36,29;1;United States;Northern America;Elsevier Inc.;1991-2026;"Cardiology and Cardiovascular Medicine (Q1); Pulmonary and Respiratory Medicine (Q1); Surgery (Q1); Transplantation (Q1)";Medicine
9;18429;Chest;journal;00123692, 19313543;Elsevier Inc.;No;No;2,047;Q1;348;587;1768;12915;6678;1061;3,77;22;40,73;2;United States;Northern America;Elsevier Inc.;1970-2026;"Cardiology and Cardiovascular Medicine (Q1); Critical Care and Intensive Care Medicine (Q1); Pulmonary and Respiratory Medicine (Q1)";Medicine
10;21101213855;Chinese Medical Journal Pulmonary and Critical Care Medicine;journal;20971982, 27725588;Elsevier Beijing Ltd;No;No;1,967;Q1;14;20;68;943;432;56;6,35;47,15;42,47;0;China;Asiatic Region;Elsevier Beijing Ltd;2023-2025;"Critical Care and Intensive Care Medicine (Q1); Infectious Diseases (Q1); Pulmonary and Respiratory Medicine (Q1)";Medicine
11;12391;Lung Cancer;journal;01695002, 18728332;Elsevier Ireland Ltd;No;No;1,928;Q1;160;362;678;12757;3439;636;4,93;35,24;37,92;0;Ireland;Western Europe;Elsevier Ireland Ltd;1985-2026;"Cancer Research (Q1); Oncology (Q1); Pulmonary and Respiratory Medicine (Q1)";"Biochemistry, Genetics and Molecular Biology; Medicine"
12;25294;Journal of Cystic Fibrosis;journal;15691993, 18735010;Elsevier B.V.;No;No;1,908;Q1;103;206;583;5857;2733;504;4,62;28,43;58,76;0;Netherlands;Western Europe;Elsevier B.V.;2002-2026;"Pediatrics, Perinatology and Child Health (Q1); Pulmonary and Respiratory Medicine (Q1)";Medicine
13;19062;Respirology;journal;14401843, 13237799;John Wiley and Sons Inc;No;No;1,904;Q1;120;195;594;5094;1715;240;2,69;26,12;41,16;0;United States;Northern America;John Wiley and Sons Inc;1996-2026;Pulmonary and Respiratory Medicine (Q1);Medicine
14;18004;American Journal of Respiratory Cell and Molecular Biology;journal;10441549, 15354989;American Thoracic Society;No;No;1,863;Q1;187;200;513;7688;1620;284;2,88;38,44;41,65;0;United States;Northern America;American Thoracic Society;1989-2025;"Cell Biology (Q1); Clinical Biochemistry (Q1); Molecular Biology (Q1); Pulmonary and Respiratory Medicine (Q1)";"Biochemistry, Genetics and Molecular Biology; Medicine"
15;21731;Journal of Thoracic and Cardiovascular Surgery;journal;00225223, 1097685X;Elsevier Inc.;No;No;1,817;Q1;234;643;2882;12264;5201;980;2,13;19,07;28,86;0;United States;Northern America;Elsevier Inc.;1959-2026;"Cardiology and Cardiovascular Medicine (Q1); Pulmonary and Respiratory Medicine (Q1); Surgery (Q1)";Medicine
16;21101051861;JTO Clinical and Research Reports;journal;26663643;Elsevier Inc.;Yes;No;1,708;Q1;31;138;399;3486;1447;374;3,32;25,26;41,1;2;United States;Northern America;Elsevier Inc.;2020-2026;"Oncology (Q1); Pulmonary and Respiratory Medicine (Q1)";Medicine
17;13900154714;Influenza and other Respiratory Viruses;journal;17502640, 17502659;Wiley-Blackwell Publishing Ltd;Yes;No;1,632;Q1;86;131;483;4607;1869;452;3,72;35,17;54,18;5;United Kingdom;Western Europe;Wiley-Blackwell Publishing Ltd;2007-2026;"Epidemiology (Q1); Infectious Diseases (Q1); Public Health, Environmental and Occupational Health (Q1); Pulmonary and Respiratory Medicine (Q1)";Medicine
18;20753;Current Allergy and Asthma Reports;journal;15297322, 15346315;Springer;No;No;1,609;Q1;89;61;149;5866;983;149;6,62;96,16;49,11;1;United States;Northern America;Springer;2001-2026;"Immunology (Q1); Immunology and Allergy (Q1); Pulmonary and Respiratory Medicine (Q1)";"Immunology and Microbiology; Medicine"
19;18640;Respiratory Research;journal;1465993X, 14659921;BioMed Central Ltd;Yes;No;1,609;Q1;139;348;1110;16197;6222;1046;5,35;46,54;43,68;1;United Kingdom;Western Europe;BioMed Central Ltd;2000-2026;Pulmonary and Respiratory Medicine (Q1);Medicine
20;21100241659;Annals of the American Thoracic Society;journal;23256621, 23296933;American Thoracic Society;No;No;1,591;Q1;154;307;914;8921;3011;623;3,21;29,06;40,8;0;United States;Northern America;American Thoracic Society;2013-2025;Pulmonary and Respiratory Medicine (Q1);Medicine
21;20489;Annals of Thoracic Surgery;journal;15526259, 00034975;Elsevier Inc.;No;No;1,412;Q1;236;538;2393;8938;5194;1366;2,53;16,61;28,81;0;United States;Northern America;Elsevier Inc.;1965-2026;"Cardiology and Cardiovascular Medicine (Q1); Pulmonary and Respiratory Medicine (Q1); Surgery (Q1)";Medicine
22;23326;American Journal of Physiology - Lung Cellular and Molecular Physiology;journal;15221504, 10400605;American Physiological Society;No;No;1,407;Q1;190;138;442;8986;1648;411;3,71;65,12;44,83;1;United States;Northern America;American Physiological Society;1989-2026;"Physiology (Q1); Physiology (medical) (Q1); Pulmonary and Respiratory Medicine (Q1); Cell Biology (Q2)";"Biochemistry, Genetics and Molecular Biology; Medicine"
23;21100398775;Clinical and Translational Allergy;journal;20457022;"John Wiley &amp; Sons Inc.";Yes;No;1,396;Q1;60;112;270;4697;1059;205;3,49;41,94;55,06;0;United Kingdom;Western Europe;"John Wiley &amp; Sons Inc.";2011-2026;"Immunology (Q1); Immunology and Allergy (Q1); Pulmonary and Respiratory Medicine (Q1)";"Immunology and Microbiology; Medicine"
24;29265;Clinical Lung Cancer;journal;19380690, 15257304;Elsevier Inc.;No;No;1,362;Q1;83;185;454;5602;1632;431;3,63;30,28;36,94;0;United States;Northern America;Elsevier Inc.;2000-2026;"Oncology (Q1); Pulmonary and Respiratory Medicine (Q1); Cancer Research (Q2)";"Biochemistry, Genetics and Molecular Biology; Medicine"
25;21100782250;ERJ Open Research;journal;23120541;European Respiratory Society;Yes;No;1,361;Q1;58;523;1028;16942;3544;767;3,28;32,39;42,81;3;Switzerland;Western Europe;European Respiratory Society;2015-2026;Pulmonary and Respiratory Medicine (Q1);Medicine
26;19700174631;Allergy, Asthma and Immunology Research;journal;20927355, 20927363;Korean Academy of Asthma, Allergy and Clinical Immunology;Yes;No;1,237;Q1;71;62;187;2535;747;155;3,6;40,89;46;0;South Korea;Asiatic Region;Korean Academy of Asthma, Allergy and Clinical Immunology;2009-2026;"Pulmonary and Respiratory Medicine (Q1); Immunology (Q2); Immunology and Allergy (Q2)";"Immunology and Microbiology; Medicine"
27;21100782247;BMJ Open Respiratory Research;journal;20524439;BMJ Publishing Group;Yes;No;1,235;Q1;51;221;438;8581;1791;436;4,03;38,83;44,11;0;United Kingdom;Western Europe;BMJ Publishing Group;2014-2026;Pulmonary and Respiratory Medicine (Q1);Medicine
28;19700176005;World Allergy Organization Journal;journal;19394551;Elsevier Inc.;Yes;No;1,225;Q1;67;142;367;6040;1715;332;4,03;42,54;46,35;0;United States;Northern America;Elsevier Inc.;2010-2026;"Pulmonary and Respiratory Medicine (Q1); Immunology (Q2); Immunology and Allergy (Q2)";"Immunology and Microbiology; Medicine"
29;21100324439;npj Primary Care Respiratory Medicine;journal;20551010;Nature Research;Yes;No;1,194;Q1;69;60;136;2307;643;126;4,78;38,45;49,55;2;United Kingdom;Western Europe;Nature Research;2014-2026;"Family Practice (Q1); Public Health, Environmental and Occupational Health (Q1); Pulmonary and Respiratory Medicine (Q1)";Medicine
30;20649;Annals of Allergy, Asthma and Immunology;journal;15344436, 10811206;American College of Allergy, Asthma and Immunology;No;No;1,191;Q1;137;316;1023;8939;2990;752;3,17;28,29;50,51;0;United States;Northern America;American College of Allergy, Asthma and Immunology;1995-2026;"Pulmonary and Respiratory Medicine (Q1); Immunology (Q2); Immunology and Allergy (Q2)";"Immunology and Microbiology; Medicine"
31;6200180178;International Journal of COPD;journal;11782005, 11769106;Dove Medical Press Ltd;Yes;No;1,145;Q1;102;327;715;14659;2995;696;4,04;44,83;46,04;0;New Zealand;Pacific Region;Dove Medical Press Ltd;2006-2026;"Health Policy (Q1); Medicine (miscellaneous) (Q1); Public Health, Environmental and Occupational Health (Q1); Pulmonary and Respiratory Medicine (Q1)";Medicine
32;19700183007;Breathe;journal;18106838, 20734735;European Respiratory Society;Yes;No;1,127;Q1;48;95;200;4170;803;166;4,34;43,89;50,46;0;United Kingdom;Western Europe;European Respiratory Society;2010-2026;Pulmonary and Respiratory Medicine (Q1);Medicine
33;18440;Clinics in Chest Medicine;journal;02725231, 15578216;W.B. Saunders;No;No;1,098;Q1;105;65;219;4856;773;194;3,18;74,71;42,47;0;United States;Northern America;W.B. Saunders;1980-2026;Pulmonary and Respiratory Medicine (Q1);Medicine
34;18533;Lung;journal;14321750, 03412040;Springer;No;No;1,034;Q1;78;108;250;4711;947;223;4,07;43,62;42,41;0;United States;Northern America;Springer;1959, 1964, 1976-2026;Pulmonary and Respiratory Medicine (Q1);Medicine
35;3900148612;Journal of Clinical Sleep Medicine;journal;15509397, 15509389;Springer Nature;No;No;1,033;Q1;136;290;912;9554;2873;792;2,7;32,94;43,88;3;United States;Northern America;Springer Nature;2005-2026;"Pulmonary and Respiratory Medicine (Q1); Neurology (Q2); Neurology (clinical) (Q2)";"Medicine; Neuroscience"
36;14900154702;Therapeutic Advances in Respiratory Disease;journal;17534658, 17534666;SAGE Publications Ltd;Yes;No;1,009;Q1;59;104;239;5487;859;236;3,19;52,76;46,86;0;United Kingdom;Western Europe;SAGE Publications Ltd;2007-2026;"Pharmacology (medical) (Q1); Pulmonary and Respiratory Medicine (Q1)";Medicine
37;19700175010;Journal of Asthma and Allergy;journal;11786965;Dove Medical Press Ltd;Yes;No;0,983;Q1;51;146;384;6558;1413;365;3,32;44,92;46,24;0;New Zealand;Pacific Region;Dove Medical Press Ltd;2008-2026;"Pulmonary and Respiratory Medicine (Q1); Immunology and Allergy (Q2)";Medicine
38;18639;Respiratory Medicine;journal;09546111, 15323064;W.B. Saunders Ltd;No;No;0,979;Q1;151;550;769;22119;2604;736;3,26;40,22;44,73;1;United Kingdom;Western Europe;W.B. Saunders Ltd;1989-2026;Pulmonary and Respiratory Medicine (Q1);Medicine
39;21100868271;Pulmonology;journal;25310429, 25310437;Taylor and Francis Ltd.;Yes;Yes;0,969;Q1;48;110;356;2407;810;173;2,33;21,88;46,77;3;United Kingdom;Western Europe;Taylor and Francis Ltd.;2018-2026;Pulmonary and Respiratory Medicine (Q1);Medicine
40;23185;European Journal of Cardio-thoracic Surgery;journal;1873734X, 10107940;European Association for Cardio-Thoracic Surgery;No;No;0,928;Q1;163;461;1685;11526;3225;1099;1,97;25;28,07;1;United Kingdom;Western Europe;European Association for Cardio-Thoracic Surgery;1987-2026;"Medicine (miscellaneous) (Q1); Pulmonary and Respiratory Medicine (Q1); Surgery (Q1); Cardiology and Cardiovascular Medicine (Q2)";Medicine
41;3500148005;Joint Commission Journal on Quality and Patient Safety;journal;15537250;Joint Commission Resources, Inc.;No;No;0,915;Q1;92;98;318;2781;666;233;2,14;28,38;59,62;3;United States;Northern America;Joint Commission Resources, Inc.;2005-2026;"Dermatology (Q1); Leadership and Management (Q1); Pediatrics (Q1); Pulmonary and Respiratory Medicine (Q1); Gastroenterology (Q2); Immunology and Allergy (Q2)";"Medicine; Nursing"
42;21100870389;Chronic Obstructive Pulmonary Diseases;journal;2372952X;COPD Foundation;No;No;0,909;Q2;26;52;143;1940;375;137;2,6;37,31;46,25;0;United States;Northern America;COPD Foundation;2015-2026;Pulmonary and Respiratory Medicine (Q2);Medicine
43;18502;International Journal of Tuberculosis and Lung Disease;journal;18157920, 10273719;International Union Against Tuberculosis and Lung Disease;Yes;No;0,905;Q2;127;117;587;2568;1075;319;2,03;21,95;43,95;0;France;Western Europe;International Union Against Tuberculosis and Lung Disease;1997-2026;"Infectious Diseases (Q2); Medicine (miscellaneous) (Q2); Pulmonary and Respiratory Medicine (Q2)";Medicine
44;18026;BMC Pulmonary Medicine;journal;14712466;BioMed Central Ltd;Yes;No;0,895;Q2;92;564;1607;20381;5335;1603;3,11;36,14;44,17;0;United Kingdom;Western Europe;BioMed Central Ltd;2001-2026;Pulmonary and Respiratory Medicine (Q2);Medicine
45;18627;Respiration;journal;14230356, 00257931;S. Karger AG;No;No;0,893;Q2;104;130;303;4683;939;285;2,56;36,02;43,84;0;Switzerland;Western Europe;S. Karger AG;1944-2026;Pulmonary and Respiratory Medicine (Q2);Medicine
46;19086;Seminars in Respiratory and Critical Care Medicine;journal;10989048, 10693424;Thieme Medical Publishers, Inc.;No;No;0,874;Q2;87;73;229;7299;765;212;3,26;99,99;43,86;0;United States;Northern America;Thieme Medical Publishers, Inc.;1994-2026;"Critical Care and Intensive Care Medicine (Q1); Pulmonary and Respiratory Medicine (Q2)";Medicine
47;22284;Seminars in Thoracic and Cardiovascular Surgery;journal;15329488, 10430679;W.B. Saunders;No;No;0,842;Q2;69;112;506;3389;648;235;1,26;30,26;23,72;0;United States;Northern America;W.B. Saunders;1989-2026;"Surgery (Q1); Cardiology and Cardiovascular Medicine (Q2); Medicine (miscellaneous) (Q2); Pulmonary and Respiratory Medicine (Q2)";Medicine
48;21100445642;Journal of Clinical Tuberculosis and Other Mycobacterial Diseases;journal;24055794;Elsevier Ltd;Yes;No;0,832;Q2;31;72;201;1966;525;198;2,32;27,31;50,36;0;United Kingdom;Western Europe;Elsevier Ltd;2015-2026;"Infectious Diseases (Q2); Microbiology (medical) (Q2); Pulmonary and Respiratory Medicine (Q2)";Medicine
49;18578;Paediatric Respiratory Reviews;journal;15260550, 15260542;W.B. Saunders Ltd;No;No;0,828;Q2;84;58;125;3647;416;108;3,01;62,88;47,97;0;United Kingdom;Western Europe;W.B. Saunders Ltd;2000-2026;"Pediatrics, Perinatology and Child Health (Q1); Pulmonary and Respiratory Medicine (Q2)";Medicine
50;18622;Pulmonary Pharmacology and Therapeutics;journal;10945539, 15229629;Academic Press;No;No;0,819;Q2;87;31;123;1232;406;117;3,77;39,74;46,63;0;United States;Northern America;Academic Press;1997-2026;"Biochemistry (medical) (Q2); Medicine (miscellaneous) (Q2); Pharmacology (medical) (Q2); Pulmonary and Respiratory Medicine (Q2)";Medicine
51;21101039770;Pulmonary Therapy;journal;23641746, 23641754;Adis;Yes;No;0,815;Q2;27;58;96;2834;295;90;3,13;48,86;38,39;1;United Kingdom;Western Europe;Adis;2015-2026;"Respiratory Care (Q1); Pulmonary and Respiratory Medicine (Q2)";"Health Professions; Medicine"
52;18436;Chronic Respiratory Disease;journal;14799723, 14799731;SAGE Publications Ltd;Yes;No;0,811;Q2;58;49;141;1924;392;129;2,66;39,27;50,95;0;United Kingdom;Western Europe;SAGE Publications Ltd;2004-2026;Pulmonary and Respiratory Medicine (Q2);Medicine
53;5700165203;Journal of Cardiopulmonary Rehabilitation and Prevention;journal;1932751X, 19327501;Lippincott Williams and Wilkins;Yes;No;0,81;Q2;83;75;264;2564;543;229;1,87;34,19;48,51;0;United States;Northern America;Lippincott Williams and Wilkins;2007-2026;"Rehabilitation (Q1); Cardiology and Cardiovascular Medicine (Q2); Pulmonary and Respiratory Medicine (Q2)";Medicine
54;98416;Tuberculosis and Respiratory Diseases;journal;17383536, 20056184;Korean National Tuberculosis Association;Yes;Yes;0,798;Q2;41;77;137;3281;431;119;2,98;42,61;37,16;0;South Korea;Asiatic Region;Korean National Tuberculosis Association;1980-2025;"Infectious Diseases (Q2); Pulmonary and Respiratory Medicine (Q2)";Medicine
55;21101079131;JTCVS Open;journal;26662736;Elsevier B.V.;Yes;No;0,797;Q2;19;294;791;6330;1214;505;1,67;21,53;29,63;0;Netherlands;Western Europe;Elsevier B.V.;2020-2026;"Surgery (Q1); Cardiology and Cardiovascular Medicine (Q2); Pulmonary and Respiratory Medicine (Q2)";Medicine
56;27707;Heart and Lung;journal;01479563, 15273288;Elsevier Inc.;No;No;0,794;Q2;86;177;536;6586;1290;447;2,33;37,21;47,75;0;United States;Northern America;Elsevier Inc.;1973-2026;"Cardiology and Cardiovascular Medicine (Q2); Critical Care and Intensive Care Medicine (Q2); Pulmonary and Respiratory Medicine (Q2)";Medicine
57;21100202716;Thoracic Cancer;journal;17597714, 17597706;John Wiley and Sons Inc;Yes;No;0,779;Q2;60;254;1129;8093;3088;1099;2,81;31,86;32,08;1;United States;Northern America;John Wiley and Sons Inc;2010-2026;"Medicine (miscellaneous) (Q2); Oncology (Q2); Pulmonary and Respiratory Medicine (Q2)";Medicine
58;21100828138;Advances in Respiratory Medicine;journal;25436031, 24514934;Multidisciplinary Digital Publishing Institute (MDPI);Yes;No;0,768;Q2;30;57;153;2797;489;140;4,53;49,07;41,28;0;Switzerland;Western Europe;Multidisciplinary Digital Publishing Institute (MDPI);2015-2026;Pulmonary and Respiratory Medicine (Q2);Medicine
59;11900154332;Expert Review of Respiratory Medicine;journal;17476356, 17476348;Taylor and Francis Ltd.;No;No;0,767;Q2;67;140;329;10926;975;301;3,15;78,04;44,92;0;United Kingdom;Western Europe;Taylor and Francis Ltd.;2007-2026;"Public Health, Environmental and Occupational Health (Q2); Pulmonary and Respiratory Medicine (Q2); Immunology and Allergy (Q3)";Medicine
60;21100467354;Pulmonary Circulation;journal;20458932, 20458940;John Wiley and Sons Inc;Yes;No;0,762;Q2;63;197;461;5953;1130;400;2,22;30,22;41,9;0;United States;Northern America;John Wiley and Sons Inc;2011-2026;Pulmonary and Respiratory Medicine (Q2);Medicine
61;21101132310;Lifestyle Medicine;journal;26883740;John Wiley and Sons Inc;Yes;No;0,748;Q2;11;32;52;1743;116;37;2,27;54,47;58,49;0;United Kingdom;Western Europe;John Wiley and Sons Inc;2020-2026;"Cardiology and Cardiovascular Medicine (Q2); Endocrinology, Diabetes and Metabolism (Q2); Geriatrics and Gerontology (Q2); Health (social science) (Q2); Medicine (miscellaneous) (Q2); Public Health, Environmental and Occupational Health (Q2); Pulmonary and Respiratory Medicine (Q2)";"Medicine; Social Sciences"
62;21100854644;Current Sleep Medicine Reports;journal;21986401;Springer Science and Business Media Deutschland GmbH;No;No;0,744;Q2;34;37;88;3546;254;86;3,19;95,84;57,53;0;Switzerland;Western Europe;Springer Science and Business Media Deutschland GmbH;2015-2026;"Neurology (Q2); Neurology (clinical) (Q2); Pulmonary and Respiratory Medicine (Q2)";"Medicine; Neuroscience"
63;4800153203;Allergy, Asthma and Clinical Immunology;journal;17101492, 17101484;BioMed Central Ltd;Yes;No;0,74;Q2;61;51;292;1664;758;270;2,64;32,63;51,32;1;United Kingdom;Western Europe;BioMed Central Ltd;2004-2026;"Pulmonary and Respiratory Medicine (Q2); Immunology (Q3); Immunology and Allergy (Q3)";"Immunology and Microbiology; Medicine"
64;15747;Pediatric Pulmonology;journal;87556863, 10990496;John Wiley and Sons Inc;No;No;0,723;Q2;127;666;1503;15939;3118;1091;2,06;23,93;55,76;3;United States;Northern America;John Wiley and Sons Inc;1985-2026;"Pediatrics, Perinatology and Child Health (Q1); Pulmonary and Respiratory Medicine (Q2)";Medicine
65;4500151503;Jornal Brasileiro de Pneumologia;journal;18063713, 18063756;Sociedade Brasileira de Pneumologia e Tisiologia;Yes;Yes;0,714;Q2;55;119;366;2063;576;164;1,47;17,34;50;0;Brazil;Latin America;Sociedade Brasileira de Pneumologia e Tisiologia;2004-2026;Pulmonary and Respiratory Medicine (Q2);Medicine
66;21100780550;Neurobiology of Sleep and Circadian Rhythms;journal;24519944;Elsevier Inc.;Yes;No;0,714;Q2;24;28;31;2552;90;30;2,95;91,14;45,71;0;United States;Northern America;Elsevier Inc.;2016-2026;"Neurology (Q2); Neurology (clinical) (Q2); Pulmonary and Respiratory Medicine (Q2); Behavioral Neuroscience (Q3)";"Medicine; Neuroscience"
67;4700153005;Annals of Thoracic Medicine;journal;18171737, 19983557;Wolters Kluwer Medknow Publications;Yes;No;0,698;Q2;50;34;98;1256;251;93;2,38;36,94;36,57;1;India;Asiatic Region;Wolters Kluwer Medknow Publications;2006-2026;"Surgery (Q1); Cardiology and Cardiovascular Medicine (Q2); Pulmonary and Respiratory Medicine (Q2)";Medicine
68;18421;Canadian Respiratory Journal;journal;11982241, 19167245;John Wiley and Sons Ltd;Yes;No;0,681;Q2;68;40;121;1825;345;120;2,2;45,63;49,17;0;United Kingdom;Western Europe;John Wiley and Sons Ltd;1996-2026;"Medicine (miscellaneous) (Q2); Pulmonary and Respiratory Medicine (Q2)";Medicine
69;18449;Current Opinion in Pulmonary Medicine;journal;15316971, 10705287;Lippincott Williams and Wilkins;No;No;0,662;Q2;92;97;269;5424;706;242;2,64;55,92;35,92;0;United States;Northern America;Lippincott Williams and Wilkins;1995-2026;Pulmonary and Respiratory Medicine (Q2);Medicine
70;19700175225;Clinical Respiratory Journal;journal;17526981, 1752699X;Wiley-Blackwell Publishing Ltd;Yes;No;0,657;Q2;53;107;377;3755;934;357;2,07;35,09;42,58;1;United Kingdom;Western Europe;Wiley-Blackwell Publishing Ltd;2007-2026;"Pulmonary and Respiratory Medicine (Q2); Genetics (clinical) (Q3); Immunology and Allergy (Q3)";Medicine
71;23235;Heart Lung and Circulation;journal;14442892, 14439506;Elsevier Ltd;No;No;0,649;Q2;67;208;681;5752;1185;545;1,79;27,65;32,71;3;United Kingdom;Western Europe;Elsevier Ltd;2000-2026;"Cardiology and Cardiovascular Medicine (Q2); Pulmonary and Respiratory Medicine (Q2)";Medicine
72;18635;Respiratory Care;journal;19433654, 00201324;Mary Ann Liebert Inc.;No;No;0,644;Q2;116;222;710;1009;1028;527;1,42;4,55;42,53;0;United States;Northern America;Mary Ann Liebert Inc.;1973-2026;"Critical Care and Intensive Care Medicine (Q2); Medicine (miscellaneous) (Q2); Pulmonary and Respiratory Medicine (Q2)";Medicine
73;21100914242;Respiratory Medicine and Research;journal;25900412;Elsevier Masson s.r.l.;Yes;No;0,624;Q2;22;68;240;2160;397;187;1,66;31,76;42,63;0;France;Western Europe;Elsevier Masson s.r.l.;2019-2026;Pulmonary and Respiratory Medicine (Q2);Medicine
74;130077;COPD: Journal of Chronic Obstructive Pulmonary Disease;journal;15412555, 15412563;Taylor and Francis Ltd.;Yes;No;0,622;Q2;79;43;112;1992;273;107;2,58;46,33;49,11;1;United Kingdom;Western Europe;Taylor and Francis Ltd.;2004-2026;"Medicine (miscellaneous) (Q2); Pulmonary and Respiratory Medicine (Q2)";Medicine
75;19249;Thoracic Surgery Clinics;journal;15474127, 15585069;W.B. Saunders;No;No;0,613;Q2;62;60;170;2299;319;144;1,63;38,32;42,75;0;United States;Northern America;W.B. Saunders;2004-2026;"Medicine (miscellaneous) (Q2); Pulmonary and Respiratory Medicine (Q2); Surgery (Q2)";Medicine
76;18006;Archivos de Bronconeumologia;journal;15792129, 03002896;Sociedad Espanola de Neumologia y Cirugia Toracica (SEPAR);Yes;No;0,608;Q2;64;232;761;4420;1424;551;1,99;19,05;48,53;0;Spain;Western Europe;Sociedad Espanola de Neumologia y Cirugia Toracica (SEPAR);1970, 1981, 1983-2026;Pulmonary and Respiratory Medicine (Q2);Medicine
77;21100203304;Journal of Thoracic Disease;journal;20721439, 20776624;AME Publishing Company;Yes;No;0,608;Q2;105;978;2025;33423;4325;1792;2,11;34,17;37,25;0;Hong Kong;Asiatic Region;AME Publishing Company;2009-2026;Pulmonary and Respiratory Medicine (Q2);Medicine
78;20190;Allergy and Asthma Proceedings;journal;15396304, 10885412;OceanSide Publications Inc.;No;No;0,594;Q2;76;93;259;2361;508;227;2,02;25,39;51,97;0;United States;Northern America;OceanSide Publications Inc.;1983-1984, 1996-2026;"Medicine (miscellaneous) (Q2); Pulmonary and Respiratory Medicine (Q2); Immunology and Allergy (Q3)";Medicine
79;21101052761;Mediastinum;journal;25226711;AME Publishing Company;No;No;0,594;Q2;15;44;100;1384;227;83;2,61;31,45;30,39;0;China;Asiatic Region;AME Publishing Company;2019-2025;"Cardiology and Cardiovascular Medicine (Q2); Medicine (miscellaneous) (Q2); Pulmonary and Respiratory Medicine (Q2); Radiology, Nuclear Medicine and Imaging (Q2); Endocrinology, Diabetes and Metabolism (Q3); Oncology (Q3)";Medicine
80;21100218534;Respiratory Investigation;journal;22125345, 22125353;Elsevier B.V.;No;No;0,573;Q2;48;208;413;6742;852;381;1,95;32,41;20,58;0;Netherlands;Western Europe;Elsevier B.V.;2012-2026;Pulmonary and Respiratory Medicine (Q2);Medicine
81;24030;Respiratory Physiology and Neurobiology;journal;18781519, 15699048;Elsevier B.V.;No;No;0,556;Q2;119;92;294;4293;555;286;2,03;46,66;40,33;0;Netherlands;Western Europe;Elsevier B.V.;2002-2026;"Pulmonary and Respiratory Medicine (Q2); Neuroscience (miscellaneous) (Q3); Physiology (Q3)";"Biochemistry, Genetics and Molecular Biology; Medicine; Neuroscience"
82;18480;Experimental Lung Research;journal;15210499, 01902148;Taylor and Francis Ltd.;Yes;No;0,553;Q2;60;16;65;703;133;65;2,28;43,94;56,99;0;United Kingdom;Western Europe;Taylor and Francis Ltd.;1980-2026;"Pulmonary and Respiratory Medicine (Q2); Clinical Biochemistry (Q3); Molecular Biology (Q3)";"Biochemistry, Genetics and Molecular Biology; Medicine"
83;18519;Journal of Asthma;journal;15324303, 02770903;"Taylor &amp; Francis Group LLC Philadelphia";No;No;0,539;Q3;83;231;715;8602;1394;700;1,78;37,24;51,81;1;United States;Northern America;"Taylor &amp; Francis Group LLC Philadelphia";1963-1976, 1978-2026;"Medicine (miscellaneous) (Q2); Pediatrics, Perinatology and Child Health (Q2); Immunology and Allergy (Q3); Pulmonary and Respiratory Medicine (Q3)";Medicine
84;17100154714;Journal of Breath Research;journal;17527155, 17527163;IOP Publishing Ltd.;No;No;0,523;Q3;76;58;160;2199;523;149;3,07;37,91;37,67;0;United Kingdom;Western Europe;IOP Publishing Ltd.;2007-2026;Pulmonary and Respiratory Medicine (Q3);Medicine
85;17239;Journal of Thoracic Imaging;journal;08835993, 15360237;Lippincott Williams and Wilkins;No;No;0,517;Q3;72;37;219;1293;333;207;1,39;34,95;39,47;0;United States;Northern America;Lippincott Williams and Wilkins;1985-2026;"Radiology, Nuclear Medicine and Imaging (Q2); Pulmonary and Respiratory Medicine (Q3)";Medicine
86;21101039813;JTCVS Techniques;journal;26662507;Elsevier Inc.;Yes;No;0,517;Q3;23;300;871;2666;900;671;1,05;8,89;23,6;0;Netherlands;Western Europe;Elsevier Inc.;2020-2026;"Surgery (Q2); Pulmonary and Respiratory Medicine (Q3)";Medicine
87;21101195979;Interdisciplinary Cardiovascular and Thoracic Surgery;journal;2753670X;Oxford University Press;Yes;No;0,516;Q3;79;313;853;7549;1401;770;1,47;24,12;22,76;0;United Kingdom;Western Europe;Oxford University Press;2023-2026;"Cardiology and Cardiovascular Medicine (Q2); Surgery (Q2); Pulmonary and Respiratory Medicine (Q3)";Medicine
88;19085;Sarcoidosis Vasculitis and Diffuse Lung Diseases;journal;2532179X, 11240490;Mattioli 1885;No;No;0,5;Q3;68;52;148;1614;218;127;1,43;31,04;51,94;0;Italy;Western Europe;Mattioli 1885;1996-2025;"Immunology and Allergy (Q3); Internal Medicine (Q3); Medicine (miscellaneous) (Q3); Pulmonary and Respiratory Medicine (Q3)";Medicine
89;19700201505;Journal of Bronchology and Interventional Pulmonology;journal;19446586, 19488270;Lippincott Williams and Wilkins;No;No;0,499;Q3;47;34;223;817;327;142;1,49;24,03;30;0;United States;Northern America;Lippincott Williams and Wilkins;2009-2026;"Medicine (miscellaneous) (Q3); Pulmonary and Respiratory Medicine (Q3)";Medicine
90;21101128453;ATS Scholar;journal;26907097;American Thoracic Society;Yes;No;0,487;Q3;16;68;207;1319;256;160;1,09;19,4;44,08;0;United States;Northern America;American Thoracic Society;2020-2025;"Critical Care and Intensive Care Medicine (Q2); Education (Q2); Neurology (clinical) (Q3); Pulmonary and Respiratory Medicine (Q3)";"Medicine; Social Sciences"
91;12400154707;Multidisciplinary Respiratory Medicine;journal;1828695X, 20496958;Mattioli 1885;Yes;No;0,479;Q3;49;26;83;1084;143;81;1,29;41,69;43,81;0;United Kingdom;Western Europe;Mattioli 1885;2008-2025;Pulmonary and Respiratory Medicine (Q3);Medicine
92;11700154735;Journal of Aerosol Medicine and Pulmonary Drug Delivery;journal;19412703, 19412711;Mary Ann Liebert Inc.;No;No;0,476;Q3;89;47;106;1749;240;98;2,37;37,21;32,08;0;United States;Northern America;Mary Ann Liebert Inc.;2008-2026;"Pharmaceutical Science (Q2); Pharmacology (medical) (Q3); Pulmonary and Respiratory Medicine (Q3)";"Medicine; Pharmacology, Toxicology and Pharmaceutics"
93;21100780211;Lung Cancer Management;journal;17581974, 17581966;Taylor and Francis Ltd.;No;No;0,468;Q3;9;8;16;266;34;16;2,27;33,25;26,32;0;United Kingdom;Western Europe;Taylor and Francis Ltd.;2012-2014, 2020-2026;"Oncology (Q3); Pulmonary and Respiratory Medicine (Q3)";Medicine
94;18029;Canadian Journal of Respiratory Therapy;journal;23686820, 12059838;Canadian Society of Respiratory Therapists;Yes;Yes;0,459;Q3;20;27;85;863;112;75;1,51;31,96;48;0;Canada;Northern America;Canadian Society of Respiratory Therapists;1996-2026;"Health Professions (miscellaneous) (Q2); Pulmonary and Respiratory Medicine (Q3)";"Health Professions; Medicine"
95;20179;Allergologia et Immunopathologia;journal;15781267, 03010546;Codon Publications;No;No;0,454;Q3;48;143;348;4760;780;341;2,01;33,29;57,68;0;Singapore;Asiatic Region;Codon Publications;1973-2026;"Immunology (Q3); Immunology and Allergy (Q3); Medicine (miscellaneous) (Q3); Pulmonary and Respiratory Medicine (Q3)";"Immunology and Microbiology; Medicine"
96;5300152705;General Thoracic and Cardiovascular Surgery;journal;18636705, 18636713;Springer;No;No;0,452;Q3;53;133;361;3027;530;345;1,62;22,76;16,24;0;Japan;Asiatic Region;Springer;2007-2026;"Surgery (Q2); Cardiology and Cardiovascular Medicine (Q3); Medicine (miscellaneous) (Q3); Pulmonary and Respiratory Medicine (Q3)";Medicine
97;21100976737;European Clinical Respiratory Journal;journal;20018525;Taylor and Francis Ltd.;Yes;No;0,449;Q3;21;45;64;1554;112;63;1,67;34,53;49,74;0;United Kingdom;Western Europe;Taylor and Francis Ltd.;2017-2026;Pulmonary and Respiratory Medicine (Q3);Medicine
98;5800179605;Journal of Cardiothoracic Surgery;journal;17498090;BioMed Central Ltd;Yes;No;0,449;Q3;65;478;1378;12781;2314;1362;1,62;26,74;35,16;1;United Kingdom;Western Europe;BioMed Central Ltd;2006-2026;"Surgery (Q2); Cardiology and Cardiovascular Medicine (Q3); Medicine (miscellaneous) (Q3); Pulmonary and Respiratory Medicine (Q3)";Medicine
99;21100238602;Pulmonary Medicine;journal;20901844, 20901836;John Wiley and Sons Ltd;Yes;No;0,434;Q3;42;13;20;384;47;20;2,19;29,54;41,27;0;United Kingdom;Western Europe;John Wiley and Sons Ltd;2011-2026;"Medicine (miscellaneous) (Q3); Pulmonary and Respiratory Medicine (Q3)";Medicine
100;22146;Operative Techniques in Thoracic and Cardiovascular Surgery;journal;15328627, 15222942;W.B. Saunders;No;No;0,431;Q3;22;42;118;459;66;79;0,58;10,93;22,76;0;United States;Northern America;W.B. Saunders;1998-2026;"Surgery (Q2); Cardiology and Cardiovascular Medicine (Q3); Pulmonary and Respiratory Medicine (Q3)";Medicine
101;19248;Thoracic and Cardiovascular Surgeon;journal;14391902, 01716425;Georg Thieme Verlag;No;No;0,428;Q3;61;96;319;2051;432;279;1,28;21,36;25,05;0;Germany;Western Europe;Georg Thieme Verlag;1973-2026;"Surgery (Q2); Cardiology and Cardiovascular Medicine (Q3); Pulmonary and Respiratory Medicine (Q3)";Medicine
102;7100153108;Innovations: Technology and Techniques in Cardiothoracic and Vascular Surgery;journal;15569845, 15590879;SAGE Publications Ltd;No;No;0,426;Q3;37;121;327;2032;350;251;0,99;16,79;23,03;0;United Kingdom;Western Europe;SAGE Publications Ltd;2005-2026;"Surgery (Q2); Cardiology and Cardiovascular Medicine (Q3); Medicine (miscellaneous) (Q3); Pulmonary and Respiratory Medicine (Q3)";Medicine
103;23827;Journal of Cardiac Surgery;journal;08860440, 15408191;John Wiley and Sons Inc;No;No;0,413;Q3;71;60;1226;1538;1091;839;0,41;25,63;23,39;0;United States;Northern America;John Wiley and Sons Inc;1986-2026;"Surgery (Q2); Cardiology and Cardiovascular Medicine (Q3); Pulmonary and Respiratory Medicine (Q3)";Medicine
104;21101306239;JHLT Open;journal;29501334;Elsevier B.V.;Yes;No;0,412;Q3;6;232;144;7653;190;137;1,32;32,99;36,98;2;Netherlands;Western Europe;Elsevier B.V.;2023-2026;"Cardiology and Cardiovascular Medicine (Q3); Medicine (miscellaneous) (Q3); Pulmonary and Respiratory Medicine (Q3)";Medicine
105;21101047190;Journal of Chest Surgery;journal;27651614, 27651606;Korean Society for Thoracic and Cardiovascular Surgery;Yes;Yes;0,402;Q3;11;46;238;710;310;227;1,25;15,43;26,98;0;South Korea;Asiatic Region;Korean Society for Thoracic and Cardiovascular Surgery;2021-2026;"Surgery (Q2); Cardiology and Cardiovascular Medicine (Q3); Pulmonary and Respiratory Medicine (Q3)";Medicine
106;19700175028;Open Respiratory Medicine Journal;journal;18743064;Bentham Science Publishers;Yes;No;0,385;Q3;27;15;45;635;82;42;2,42;42,33;35,44;0;United Arab Emirates;Middle East;Bentham Science Publishers;2009-2025;Pulmonary and Respiratory Medicine (Q3);Medicine
107;95292;Annals of Thoracic and Cardiovascular Surgery;journal;21861005, 13411098;Japanese Association for Coronary Artery Surgery;Yes;No;0,381;Q3;51;55;175;1048;244;172;1,3;19,05;16,3;0;Japan;Asiatic Region;Japanese Association for Coronary Artery Surgery;1998-2026;"Cardiology and Cardiovascular Medicine (Q3); Gastroenterology (Q3); Medicine (miscellaneous) (Q3); Pulmonary and Respiratory Medicine (Q3); Surgery (Q3)";Medicine
108;21101361110;Therapeutic Advances in Pulmonary and Critical Care Medicine;journal;29768675;SAGE Publications Ltd;No;No;0,375;Q3;25;10;32;466;66;30;3,11;46,6;25;0;United Kingdom;Western Europe;SAGE Publications Ltd;2023-2025;"Cardiology and Cardiovascular Medicine (Q3); Pulmonary and Respiratory Medicine (Q3)";Medicine
109;21101173097;Journal of Critical Care Medicine;journal;23931817, 23931809;Sciendo;Yes;No;0,348;Q3;19;50;113;1414;162;100;1,12;28,28;45,34;0;Poland;Eastern Europe;Sciendo;2015-2026;"Critical Care and Intensive Care Medicine (Q2); Emergency Medicine (Q2); Anesthesiology and Pain Medicine (Q3); Pulmonary and Respiratory Medicine (Q3)";Medicine
110;19700174898;Lung India;journal;0974598X, 09702113;Wolters Kluwer Medknow Publications;Yes;Yes;0,339;Q3;43;132;354;2108;327;238;0,97;15,97;36,32;0;India;Asiatic Region;Wolters Kluwer Medknow Publications;2009-2026;Pulmonary and Respiratory Medicine (Q3);Medicine
111;21101018821;Canadian Journal of Respiratory, Critical Care, and Sleep Medicine;journal;24745340, 24745332;Taylor and Francis Ltd.;No;No;0,338;Q3;16;56;184;1615;132;157;0,55;28,84;38,73;0;United States;Northern America;Taylor and Francis Ltd.;2017-2026;"Critical Care and Intensive Care Medicine (Q2); Pulmonary and Respiratory Medicine (Q3)";Medicine
112;21101060931;Open Respiratory Archives;journal;26596636;Elsevier Espana S.L.U;Yes;No;0,313;Q3;11;107;223;2630;274;175;1,32;24,58;47,52;1;Spain;Western Europe;Elsevier Espana S.L.U;2019-2026;Pulmonary and Respiratory Medicine (Q3);Medicine
113;19119;Chinese Journal of Lung Cancer;journal;10093419, 19996187;Chinese Journal of Lung Cancer;Yes;No;0,307;Q3;24;109;339;4632;382;339;1,14;42,5;45,23;0;China;Asiatic Region;Chinese Journal of Lung Cancer;2002-2025;"Oncology (Q3); Pulmonary and Respiratory Medicine (Q3); Cancer Research (Q4)";"Biochemistry, Genetics and Molecular Biology; Medicine"
114;19700182119;Pediatric, Allergy, Immunology, and Pulmonology;journal;2151321X, 21513228;Mary Ann Liebert Inc.;No;No;0,299;Q3;30;29;74;656;76;71;1,11;22,62;65,67;0;United States;Northern America;Mary Ann Liebert Inc.;2010-2025;"Pediatrics, Perinatology and Child Health (Q3); Pulmonary and Respiratory Medicine (Q3); Immunology and Allergy (Q4)";Medicine
115;145189;Tuberkuloz ve Toraks;journal;4941373;Ankara University;No;No;0,295;Q3;24;39;151;925;129;127;0,91;23,72;56,71;0;Turkey;Middle East;Ankara University;2003-2025;"Critical Care and Intensive Care Medicine (Q3); Pulmonary and Respiratory Medicine (Q3); Surgery (Q3)";Medicine
116;56053;Thoracic and Cardiovascular Surgeon, Supplement;journal;9464778;Georg Thieme Verlag;No;No;0,294;Q3;14;10;9;440;13;9;1,75;44;21,43;0;Germany;Western Europe;Georg Thieme Verlag;1990, 1999, 2007, 2010, 2012, 2015, 2017, 2019-2026;"Cardiology and Cardiovascular Medicine (Q3); Pulmonary and Respiratory Medicine (Q3); Surgery (Q3)";Medicine
117;21101162767;Thoracic Research and Practice;journal;29799139;AVES;Yes;Yes;0,278;Q3;17;58;149;1327;142;136;0,88;22,88;65,14;0;Turkey;Middle East;AVES;2023-2026;Pulmonary and Respiratory Medicine (Q3);Medicine
118;21100203501;Respiratory Medicine Case Reports;journal;22130071;W.B. Saunders Ltd;Yes;No;0,277;Q3;29;194;571;3098;440;571;0,71;15,97;31,76;0;United Kingdom;Western Europe;W.B. Saunders Ltd;2012-2026;Pulmonary and Respiratory Medicine (Q3);Medicine
119;21100785517;Respirology Case Reports;journal;20513380;Wiley-Blackwell Publishing Ltd;Yes;No;0,273;Q3;19;331;613;2586;414;587;0,68;7,81;30,66;0;United Kingdom;Western Europe;Wiley-Blackwell Publishing Ltd;2013-2026;Pulmonary and Respiratory Medicine (Q3);Medicine
120;18558;Monaldi Archives for Chest Disease;journal;11220643, 25325264;Page Press Publications;Yes;Yes;0,265;Q3;46;116;334;3267;261;322;0,69;28,16;39,96;0;Italy;Western Europe;Page Press Publications;1993-2014, 2016-2025;"Cardiology and Cardiovascular Medicine (Q3); Pulmonary and Respiratory Medicine (Q3)";Medicine
121;21100867371;Sleep Medicine Research;journal;20939175, 22338853;Korean Society of Sleep Medicine;Yes;Yes;0,257;Q3;11;40;112;1247;93;112;0,93;31,18;42,86;0;South Korea;Asiatic Region;Korean Society of Sleep Medicine;2018-2025;"Pulmonary and Respiratory Medicine (Q3); Neurology (Q4); Neurology (clinical) (Q4); Physiology (medical) (Q4); Psychiatry and Mental Health (Q4)";"Medicine; Neuroscience"
122;21101339665;Egyptian Journal of Bronchology;journal;16878426, 23148551;Springer Medizin;Yes;No;0,249;Q3;14;149;248;4358;194;240;0,74;29,25;41,15;0;Germany;Western Europe;Springer Medizin;2013-2026;"Respiratory Care (Q2); Critical Care and Intensive Care Medicine (Q3); Pulmonary and Respiratory Medicine (Q3)";"Health Professions; Medicine"
123;21101061919;African Journal of Thoracic and Critical Care Medicine;journal;26170205, 26170191;South African Medical Association;Yes;No;0,248;Q3;10;25;137;446;75;63;0,5;17,84;28,57;0;South Africa;Africa;South African Medical Association;2018-2025;"Critical Care and Intensive Care Medicine (Q3); Infectious Diseases (Q3); Pulmonary and Respiratory Medicine (Q3)";Medicine
124;22470;Asian Cardiovascular and Thoracic Annals;journal;02184923, 18165370;SAGE Publications Inc.;No;No;0,247;Q4;33;41;326;634;250;308;0,85;15,46;21,36;0;United States;Northern America;SAGE Publications Inc.;1994-2026;"Medicine (miscellaneous) (Q3); Surgery (Q3); Cardiology and Cardiovascular Medicine (Q4); Pulmonary and Respiratory Medicine (Q4)";Medicine
125;12100155625;Indian Journal of Thoracic and Cardiovascular Surgery;journal;09709134, 09737723;Springer India;No;No;0,247;Q4;20;307;539;4496;372;443;0,59;14,64;24,64;1;India;Asiatic Region;Springer India;1982-1985, 1987, 1989, 1991-1996, 2000-2026;"Surgery (Q3); Cardiology and Cardiovascular Medicine (Q4); Pulmonary and Respiratory Medicine (Q4)";Medicine
126;19121;Chinese Journal of Tuberculosis and Respiratory Diseases;journal;10010939;Chinese Medical Journals Publishing House Co.Ltd;No;No;0,231;Q4;30;161;486;5624;342;465;0,81;34,93;50,67;0;China;Asiatic Region;Chinese Medical Journals Publishing House Co.Ltd;1987-2016, 2019-2026;"Infectious Diseases (Q3); Internal Medicine (Q3); Medicine (miscellaneous) (Q4); Pulmonary and Respiratory Medicine (Q4)";Medicine
127;18601;Pneumologie;journal;14388790, 09348387;Georg Thieme Verlag;No;No;0,231;Q4;50;199;575;3090;215;253;0,37;15,53;34,68;0;Germany;Western Europe;Georg Thieme Verlag;1989-2026;"Medicine (miscellaneous) (Q4); Pulmonary and Respiratory Medicine (Q4)";Medicine
128;21100780547;Tuberculosis and Lung Diseases;journal;25421506, 20751230;New Terra Publishing House;Yes;Yes;0,219;Q4;22;79;257;1511;114;256;0,47;19,13;63,48;0;Russian Federation;Eastern Europe;New Terra Publishing House;2010, 2017-2025;"Infectious Diseases (Q4); Pulmonary and Respiratory Medicine (Q4)";Medicine
129;19900191817;Turkish Journal of Thoracic and Cardiovascular Surgery;journal;21498156, 13015680;Baycinar Medical Publishing;Yes;No;0,206;Q4;15;83;369;1498;207;362;0,5;18,05;21,24;1;Turkey;Middle East;Baycinar Medical Publishing;2010-2026;"Surgery (Q3); Cardiology and Cardiovascular Medicine (Q4); Pulmonary and Respiratory Medicine (Q4)";Medicine
130;19700174982;Tanaffos;journal;17350344;Shaheed Beheshti University of Medical Sciences and Health Services;No;No;0,204;Q4;26;14;187;358;129;172;0,26;25,57;37,5;0;Iran;Middle East;Shaheed Beheshti University of Medical Sciences and Health Services;2006-2025;"Critical Care and Intensive Care Medicine (Q3); Pulmonary and Respiratory Medicine (Q4)";Medicine
131;19700168806;Revista Espanola de Patologia;journal;1988561X, 16998855;Ediciones Doyma, S.L.;No;No;0,194;Q4;10;54;155;915;76;142;0,59;16,94;47,55;0;Spain;Western Europe;Ediciones Doyma, S.L.;2008-2026;"Pathology and Forensic Medicine (Q4); Pulmonary and Respiratory Medicine (Q4)";Medicine
132;21100473251;Grudnaya i Serdechno-Sosudistaya Khirurgiya;journal;02362791, 24108685;Bakoulev National Medical Research Center for Cardiovascular Surgery;No;No;0,189;Q4;6;47;251;1196;119;250;0,55;25,45;29,23;0;Russian Federation;Eastern Europe;Bakoulev National Medical Research Center for Cardiovascular Surgery;1990-1993, 2019-2025;"Surgery (Q3); Cardiology and Cardiovascular Medicine (Q4); Pulmonary and Respiratory Medicine (Q4)";Medicine
133;19072;Revue des Maladies Respiratoires;journal;17762588, 07618425;Elsevier Masson s.r.l.;No;No;0,188;Q4;36;56;290;1914;125;245;0,43;34,18;37,18;1;France;Western Europe;Elsevier Masson s.r.l.;1984-2025;Pulmonary and Respiratory Medicine (Q4);Medicine
134;20249;Undersea and Hyperbaric Medicine;journal;10662936;Undersea and Hyperbaric Medical Society;No;No;0,187;Q4;51;57;132;520;74;129;0,49;9,12;34,76;0;United States;Northern America;Undersea and Hyperbaric Medical Society;1993-2025;"Medicine (miscellaneous) (Q4); Physiology (medical) (Q4); Pulmonary and Respiratory Medicine (Q4)";Medicine
135;19700174957;Pneumon;journal;1105848X, 17914914;European Publishing;Yes;No;0,185;Q4;9;21;106;492;68;94;0,53;23,43;47,29;0;Greece;Western Europe;European Publishing;2009-2025;Pulmonary and Respiratory Medicine (Q4);Medicine
136;21100858339;Pulmonologiya;journal;25419617, 08690189;;No;No;0,178;Q4;17;87;269;2430;202;266;0,64;27,93;63,94;0;Russian Federation;Eastern Europe;;2015-2025;Pulmonary and Respiratory Medicine (Q4);Medicine
137;21101039659;Video-Assisted Thoracic Surgery;journal;25190792;AME Publishing Company;No;No;0,177;Q4;6;36;108;1300;39;88;0,28;36,11;30,36;0;Hong Kong;Asiatic Region;AME Publishing Company;2019-2025;"Surgery (Q3); Computer Science Applications (Q4); Pulmonary and Respiratory Medicine (Q4)";"Computer Science; Medicine"
138;21100853533;Asthma Allergy Immunology;journal;13089234;;No;No;0,17;Q4;6;53;123;1307;61;107;0,52;24,66;62,07;0;Turkey;Middle East;;2014-2016, 2019-2025;"Immunology (Q4); Immunology and Allergy (Q4); Pulmonary and Respiratory Medicine (Q4)";"Immunology and Microbiology; Medicine"
139;21100805329;ERS Monograph;journal;2312508X, 23125098;European Respiratory Society;Yes;No;0,168;Q4;18;110;276;9182;92;241;0,32;83,47;42,81;0;United Kingdom;Western Europe;European Respiratory Society;2015-2025;Pulmonary and Respiratory Medicine (Q4);Medicine
140;21101179185;Chinese Journal of Antituberculosis;journal;10006621;;No;No;0,155;Q4;12;359;565;8579;245;564;0,44;23,9;44,38;0;China;Asiatic Region;;2019-2026;"Infectious Diseases (Q4); Internal Medicine (Q4); Pulmonary and Respiratory Medicine (Q4)";Medicine
141;21101027491;Case Reports in Pulmonology;journal;20906854, 20906846;John Wiley and Sons Ltd;Yes;No;0,151;Q4;9;21;39;393;18;39;0,33;18,71;42,57;0;United Kingdom;Western Europe;John Wiley and Sons Ltd;2013, 2018-2026;Pulmonary and Respiratory Medicine (Q4);Medicine
142;4700152435;Current Respiratory Medicine Reviews;journal;1573398X, 18756387;Bentham Science Publishers;No;No;0,151;Q4;16;72;128;4357;40;113;0,28;60,51;53,47;0;United Arab Emirates;Middle East;Bentham Science Publishers;2006-2026;Pulmonary and Respiratory Medicine (Q4);Medicine
143;21101052703;Shanghai Chest;journal;25213768;AME Publishing Company;No;No;0,151;Q4;9;5;95;165;47;80;0,59;33;16,67;0;Hong Kong;Asiatic Region;AME Publishing Company;2017-2025;"Cardiology and Cardiovascular Medicine (Q4); Pulmonary and Respiratory Medicine (Q4); Surgery (Q4)";Medicine
144;20694;Zeitschrift fur Herz-, Thorax- und Gefasschirurgie;journal;09309225, 14351277;D. Steinkopff-Verlag;No;No;0,142;Q4;8;64;173;1334;33;124;0,24;20,84;17,82;0;Germany;Western Europe;D. Steinkopff-Verlag;1997-2026;"Cardiology and Cardiovascular Medicine (Q4); Pulmonary and Respiratory Medicine (Q4); Surgery (Q4)";Medicine
145;21101306749;Eurasian Journal of Pulmonology;journal;21483620, 21485402;Kare Publishing;No;No;0,141;Q4;3;31;85;610;24;84;0,29;19,68;61,32;0;Turkey;Middle East;Kare Publishing;2021-2026;Pulmonary and Respiratory Medicine (Q4);Medicine
146;95079;Studia Pneumologica et Phthiseologica;journal;1213810X;Trios spol. s.r.o.;No;No;0,14;Q4;6;34;108;607;8;67;0,07;17,85;40,63;0;Czech Republic;Eastern Europe;Trios spol. s.r.o.;1993-2025;Pulmonary and Respiratory Medicine (Q4);Medicine
147;21101291262;Chinese Journal of Clinical Thoracic and Cardiovascular Surgery;journal;10074848;West China Medical Publishers;No;No;0,129;Q4;6;248;786;8377;225;786;0,33;33,78;35,26;0;China;Asiatic Region;West China Medical Publishers;2021-2026;"Cardiology and Cardiovascular Medicine (Q4); Pulmonary and Respiratory Medicine (Q4); Surgery (Q4)";Medicine
148;21101156966;Tuberculosis, Lung Diseases, HIV Infection;journal;22205071, 25221094;;No;No;0,126;Q4;3;57;108;1406;24;108;0,22;24,67;63,39;0;Ukraine;Eastern Europe;;2023-2025;"Infectious Diseases (Q4); Pulmonary and Respiratory Medicine (Q4)";Medicine
149;21101136251;Coronaviruses;journal;26667975, 26667967;Bentham Science Publishers;No;No;0,125;Q4;11;98;122;6437;54;107;0,53;65,68;51,96;0;United Arab Emirates;Middle East;Bentham Science Publishers;2020-2026;"Immunology and Microbiology (miscellaneous)  (Q4); Infectious Diseases (Q4); Pulmonary and Respiratory Medicine (Q4); Virology (Q4)";"Immunology and Microbiology; Medicine"
150;21101300198;IP Indian Journal of Immunology and Respiratory Medicine;journal;25814214, 25814222;IP Innovative Publication Pvt. Ltd.;No;No;0,123;Q4;3;33;106;804;27;88;0,29;24,36;38,38;0;India;Asiatic Region;IP Innovative Publication Pvt. Ltd.;2021-2025;"Immunology and Allergy (Q4); Pulmonary and Respiratory Medicine (Q4)";Medicine
151;20158;Alergia Astma Immunologia;journal;14273101, 20832834;Mediton Publishing House;Yes;No;0,121;Q4;11;7;47;196;7;47;0,18;28;60;0;Poland;Eastern Europe;Mediton Publishing House;2000-2025;"Immunology and Allergy (Q4); Pulmonary and Respiratory Medicine (Q4)";Medicine
152;21101278609;Indian Journal of Respiratory Care;journal;23214899, 22779019;Jaypee Brothers Medical Publishers (P) Ltd;Yes;Yes;0,119;Q4;3;64;227;1185;33;199;0,12;18,52;42,07;0;India;Asiatic Region;Jaypee Brothers Medical Publishers (P) Ltd;2022-2025;"Respiratory Care (Q3); Anesthesiology and Pain Medicine (Q4); Critical Care and Intensive Care Medicine (Q4); Pulmonary and Respiratory Medicine (Q4)";"Health Professions; Medicine"
153;21101199450;Chinese Journal of Nautical Medicine and Hyperbaric Medicine;journal;10096906;Chinese Medical Journals Publishing House Co.Ltd;No;No;0,117;Q4;3;243;391;5087;40;391;0,12;20,93;52,07;0;China;Asiatic Region;Chinese Medical Journals Publishing House Co.Ltd;2019-2026;"Complementary and Alternative Medicine (Q4); Medicine (miscellaneous) (Q4); Pulmonary and Respiratory Medicine (Q4)";Medicine
154;21101230597;Clinical Infectology and Parasitology;journal;2414360X, 23068787;Professionalnye Izdaniya;No;No;0,116;Q4;1;59;48;1440;5;48;0,1;24,41;58,33;0;Belarus;Eastern Europe;Professionalnye Izdaniya;2024-2025;"Epidemiology (Q4); Hepatology (Q4); Infectious Diseases (Q4); Parasitology (Q4); Pulmonary and Respiratory Medicine (Q4); Virology (Q4)";"Immunology and Microbiology; Medicine"
155;21101365825;Pediatric Respiratory Journal;journal;30352134;EDRA S.p.A;No;No;0,112;Q4;2;25;58;860;9;50;0,15;34,4;60,31;0;Italy;Western Europe;EDRA S.p.A;2022-2025;"Health Professions (miscellaneous) (Q4); Pediatrics, Perinatology and Child Health (Q4); Pulmonary and Respiratory Medicine (Q4); Respiratory Care (Q4)";"Health Professions; Medicine"
156;21101181888;Permskij Medicinskij Zurnal;journal;01361449, 26871408;Eco-Vector LLC;No;No;0,112;Q4;5;97;302;2131;49;301;0,13;21,97;63,91;0;Russian Federation;Eastern Europe;Eco-Vector LLC;2019-2025;"Endocrinology, Diabetes and Metabolism (Q4); Obstetrics and Gynecology (Q4); Oncology (Q4); Pediatrics, Perinatology and Child Health (Q4); Pulmonary and Respiratory Medicine (Q4); Surgery (Q4)";Medicine
157;99296;Pneumologia;journal;20672993;Walter de Gruyter;No;No;0,112;Q4;13;19;92;381;12;90;0,09;20,05;60,66;0;Romania;Eastern Europe;Walter de Gruyter;1972-1976, 1999-2025;"Medicine (miscellaneous) (Q4); Pulmonary and Respiratory Medicine (Q4)";Medicine
158;21101047131;Minerva Respiratory Medicine;journal;27848477, 27246493;Edizioni Minerva Medica S.p.A.;No;No;0,111;Q4;10;16;94;484;10;84;0,12;30,25;43,93;0;Italy;Western Europe;Edizioni Minerva Medica S.p.A.;2021-2025;Pulmonary and Respiratory Medicine (Q4);Medicine
159;21101046605;Neumologia y Cirugia de Torax (Mexico);journal;25941526, 00283746;Instituto Nacional de Enfermedades Respiratorias;No;No;0,11;Q4;8;2;142;481;11;85;0,08;240,5;30,77;0;Mexico;Latin America;Instituto Nacional de Enfermedades Respiratorias;1962-1965, 2010-2025;"Pulmonary and Respiratory Medicine (Q4); Surgery (Q4)";Medicine
160;21101166980;Zeitschrift fur Pneumologie;journal;27317412;Springer Medizin;No;No;0,109;Q4;7;54;148;1477;16;125;0,08;27,35;33,11;0;Germany;Western Europe;Springer Medizin;2022-2026;Pulmonary and Respiratory Medicine (Q4);Medicine
161;19500157004;Revue des Maladies Respiratoires Actualites;journal;1877122X, 18771203;Elsevier Masson s.r.l.;No;No;0,108;Q4;5;58;264;2182;15;249;0,09;37,62;46,45;0;France;Western Europe;Elsevier Masson s.r.l.;2009-2025;Pulmonary and Respiratory Medicine (Q4);Medicine
162;18023;Atemwegs- und Lungenkrankheiten;journal;3413055;Dustri-Verlag Dr. Karl Feistle;No;No;0,107;Q4;9;78;243;1893;14;207;0,06;24,27;38,71;0;Germany;Western Europe;Dustri-Verlag Dr. Karl Feistle;1978-2026;Pulmonary and Respiratory Medicine (Q4);Medicine
163;59708;Japanese Journal of Lung Cancer;journal;3869628;Japan Lung Cancer Society;No;No;0,107;Q4;8;75;249;924;11;230;0,04;12,32;20,97;0;Japan;Asiatic Region;Japan Lung Cancer Society;1965, 1969-2025;"Oncology (Q4); Pulmonary and Respiratory Medicine (Q4)";Medicine
164;21100802701;Revista de Patologia Respiratoria;journal;15769895, 2173920X;Sociedad Madrinela de Neumologia y Cirugia Toracica;Yes;Yes;0,105;Q4;4;28;99;628;6;74;0,07;22,43;48,57;0;Spain;Western Europe;Sociedad Madrinela de Neumologia y Cirugia Toracica;2009-2025;Pulmonary and Respiratory Medicine (Q4);Medicine
165;21101259011;Diyala Journal of Medicine (discontinued);journal;22199764, 26178982;;Yes;No;;-;5;21;179;664;76;179;0,45;31,62;60,47;0;Iraq;Middle East;;2020-2025;"Anatomy; Biochemistry; Microbiology (medical); Pulmonary and Respiratory Medicine";"Biochemistry, Genetics and Molecular Biology; Medicine"
1;17700156509;Nature Reviews Cardiology;journal;17595010, 17595002;Nature Research;No;No;11,209;Q1;224;138;442;11683;8358;228;20,76;84,66;27,63;1;United Kingdom;Western Europe;Nature Research;2009-2026;Cardiology and Cardiovascular Medicine (Q1);Medicine
2;22581;Circulation;journal;00097322, 15244539;Lippincott Williams and Wilkins;No;No;8,311;Q1;712;602;1680;23955;24668;1139;13,16;39,79;38,19;0;United States;Northern America;Lippincott Williams and Wilkins;1950-2026;"Cardiology and Cardiovascular Medicine (Q1); Physiology (medical) (Q1)";Medicine
3;22401;Journal of the American College of Cardiology;journal;15583597, 07351097;Elsevier Inc.;No;No;8,275;Q1;531;771;1955;19444;20074;928;9,08;25,22;31,15;4;United States;Northern America;Elsevier Inc.;1983-2026;Cardiology and Cardiovascular Medicine (Q1);Medicine
4;11300153407;JACC: Cardiovascular Imaging;journal;1936878X, 18767591;Elsevier Inc.;No;No;6,43;Q1;180;210;819;4624;5316;305;6,27;22,02;27,82;0;United States;Northern America;Elsevier Inc.;2008-2026;"Cardiology and Cardiovascular Medicine (Q1); Radiology, Nuclear Medicine and Imaging (Q1)";Medicine
5;21100826360;JAMA Cardiology;journal;23806583, 23806591;American Medical Association;No;No;6,028;Q1;142;265;703;4772;5163;391;7,43;18,01;30,53;4;United States;Northern America;American Medical Association;2016-2026;Cardiology and Cardiovascular Medicine (Q1);Medicine
6;23063;Circulation Research;journal;00097330, 15244571;Lippincott Williams and Wilkins;No;No;5,371;Q1;420;286;726;18891;10175;622;12,32;66,05;43,72;0;United States;Northern America;Lippincott Williams and Wilkins;1953-2026;"Cardiology and Cardiovascular Medicine (Q1); Physiology (Q1)";"Biochemistry, Genetics and Molecular Biology; Medicine"
7;23183;European Heart Journal;journal;15229645, 0195668X;Oxford University Press;No;No;5,326;Q1;385;855;2570;22044;21131;1448;8,45;25,78;34,83;13;United Kingdom;Western Europe;Oxford University Press;1980-2026;Cardiology and Cardiovascular Medicine (Q1);Medicine
8;23188;European Journal of Heart Failure;journal;13889842, 18790844;John Wiley and Sons Ltd;No;No;4,965;Q1;195;445;1035;14190;7210;568;6,69;31,89;34,97;2;United Kingdom;Western Europe;John Wiley and Sons Ltd;1999-2025;Cardiology and Cardiovascular Medicine (Q1);Medicine
9;21101163245;Nature Cardiovascular Research;journal;27310590;Springer;No;No;4,767;Q1;39;174;552;7086;2895;271;4,9;40,72;37,95;1;Germany;Western Europe;Springer;2022-2026;"Biochemistry, Genetics and Molecular Biology (miscellaneous) (Q1); Cardiology and Cardiovascular Medicine (Q1); Cell Biology (Q1); Medicine (miscellaneous) (Q1)";"Biochemistry, Genetics and Molecular Biology; Medicine"
10;25441;Cardiovascular Diabetology;journal;14752840;BioMed Central Ltd;Yes;No;4,447;Q1;135;450;1066;24261;15259;1051;14,57;53,91;43,85;0;United Kingdom;Western Europe;BioMed Central Ltd;2002-2026;"Cardiology and Cardiovascular Medicine (Q1); Endocrinology, Diabetes and Metabolism (Q1); Internal Medicine (Q1)";Medicine
11;22570;Cardiovascular Research;journal;17553245, 00086363;Oxford University Press;No;No;4,399;Q1;262;299;816;16410;8847;657;9,19;54,88;38,9;0;United Kingdom;Western Europe;Oxford University Press;1967-2026;"Cardiology and Cardiovascular Medicine (Q1); Physiology (Q1); Physiology (medical) (Q1)";"Biochemistry, Genetics and Molecular Biology; Medicine"
12;21100241219;JACC: Heart Failure;journal;22131787, 22131779;Elsevier Inc.;No;No;4,036;Q1;126;369;753;6703;3790;310;4,79;18,17;30,95;0;United States;Northern America;Elsevier Inc.;2013-2026;Cardiology and Cardiovascular Medicine (Q1);Medicine
13;21101023287;JACC: CardioOncology;journal;26660873;Elsevier Inc.;Yes;No;3,836;Q1;56;124;364;3726;2373;197;6,09;30,05;41,74;0;United States;Northern America;Elsevier Inc.;2019-2026;"Cardiology and Cardiovascular Medicine (Q1); Oncology (Q1)";Medicine
14;11300153408;JACC: Cardiovascular Interventions;journal;18767605, 19368798;Elsevier Inc.;No;No;3,588;Q1;174;568;1636;6798;6954;858;4,31;11,97;17,75;1;United States;Northern America;Elsevier Inc.;2008-2026;"Cardiology and Cardiovascular Medicine (Q1); Medicine (miscellaneous) (Q1)";Medicine
15;23181;Europace;journal;10995129, 15322092;Oxford University Press;No;No;3,446;Q1;145;319;1073;11274;7245;880;7,22;35,34;26,12;1;United Kingdom;Western Europe;Oxford University Press;1999-2026;"Cardiology and Cardiovascular Medicine (Q1); Physiology (medical) (Q1)";Medicine
16;15000154802;EuroIntervention;journal;1774024X, 19696213;Europa Group;No;No;3,048;Q1;108;220;693;4472;3456;468;4,59;20,33;22,55;0;France;Western Europe;Europa Group;2008-2026;"Cardiology and Cardiovascular Medicine (Q1); Medicine (miscellaneous) (Q1)";Medicine
17;19300156817;Circulation: Arrhythmia and Electrophysiology;journal;19413084, 19413149;Lippincott Williams and Wilkins;No;No;3,005;Q1;149;130;304;3322;2107;253;6,05;25,55;26,22;0;United States;Northern America;Lippincott Williams and Wilkins;2008-2026;"Cardiology and Cardiovascular Medicine (Q1); Medicine (miscellaneous) (Q1); Physiology (medical) (Q1)";Medicine
18;21100228571;Revista Espanola de Cardiologia (English edition);journal;18855857;Ediciones Doyma, S.L.;No;No;2,986;Q1;11;0;22;0;198;19;0,5;0;0;0;Spain;Western Europe;Ediciones Doyma, S.L.;2013-2024, 2026;Cardiology and Cardiovascular Medicine (Q1);Medicine
19;19700166402;Circulation: Cardiovascular Interventions;journal;19417632, 19417640;Lippincott Williams and Wilkins;No;No;2,977;Q1;130;162;396;3311;2110;291;5,01;20,44;20,53;0;United States;Northern America;Lippincott Williams and Wilkins;2008-2026;Cardiology and Cardiovascular Medicine (Q1);Medicine
20;22488;Basic Research in Cardiology;journal;03008428, 14351803;Springer Science and Business Media Deutschland GmbH;No;No;2,891;Q1;118;69;165;5445;1464;159;9,81;78,91;40,8;0;Germany;Western Europe;Springer Science and Business Media Deutschland GmbH;1973-2026;"Cardiology and Cardiovascular Medicine (Q1); Physiology (Q1); Physiology (medical) (Q1)";"Biochemistry, Genetics and Molecular Biology; Medicine"
21;22466;Arteriosclerosis, Thrombosis, and Vascular Biology;journal;10795642, 15244636;Lippincott Williams and Wilkins;No;No;2,884;Q1;310;235;659;13594;4670;567;6,55;57,85;43,9;0;United States;Northern America;Lippincott Williams and Wilkins;1990-2026;Cardiology and Cardiovascular Medicine (Q1);Medicine
22;20618;Stroke;journal;15244628, 00392499;Wolters Kluwer Health;No;No;2,857;Q1;382;512;1503;17327;11001;1342;6,75;33,84;41,91;0;United Kingdom;Western Europe;Wolters Kluwer Health;1970-2026;"Advanced and Specialized Nursing (Q1); Cardiology and Cardiovascular Medicine (Q1); Medicine (miscellaneous) (Q1); Neurology (clinical) (Q1); Neuroscience (miscellaneous) (Q1)";"Medicine; Neuroscience; Nursing"
23;20552;Progress in Cardiovascular Diseases;journal;18731740, 00330620;W.B. Saunders;No;No;2,726;Q1;135;140;274;7425;2177;223;9,24;53,04;27,45;0;United States;Northern America;W.B. Saunders;1958-2026;Cardiology and Cardiovascular Medicine (Q1);Medicine
24;21100398887;Journal of Stroke;journal;22876391, 22876405;Korean Stroke Society;Yes;Yes;2,705;Q1;61;58;150;1756;969;100;7,44;30,28;33,04;0;South Korea;Asiatic Region;Korean Stroke Society;2015-2026;"Cardiology and Cardiovascular Medicine (Q1); Neurology (clinical) (Q1)";Medicine
25;21100211738;European Journal of Preventive Cardiology;journal;20474881, 20474873;Oxford University Press;No;No;2,6;Q1;139;324;1132;8314;4980;625;4,42;25,66;39,07;5;United Kingdom;Western Europe;Oxford University Press;1999-2000, 2003-2026;"Cardiology and Cardiovascular Medicine (Q1); Epidemiology (Q1)";Medicine
26;21100415950;JACC: Clinical Electrophysiology;journal;24055018, 2405500X;Elsevier Inc.;No;No;2,521;Q1;87;415;1019;6735;4128;578;3,9;16,23;24,34;1;United States;Northern America;Elsevier Inc.;2015-2026;"Cardiology and Cardiovascular Medicine (Q1); Physiology (medical) (Q1)";Medicine
27;19700166401;Circulation: Cardiovascular Quality and Outcomes;journal;19417705, 19417713;Lippincott Williams and Wilkins;No;No;2,493;Q1;123;126;386;3493;1831;279;4,04;27,72;46,16;0;United States;Northern America;Lippincott Williams and Wilkins;2008-2025;"Cardiology and Cardiovascular Medicine (Q1); Medicine (miscellaneous) (Q1)";Medicine
28;21100788288;JACC: Basic to Translational Science;journal;2452302X;Elsevier Inc.;Yes;No;2,483;Q1;72;225;494;8002;2069;279;4,1;35,56;39,42;0;United States;Northern America;Elsevier Inc.;2016-2026;Cardiology and Cardiovascular Medicine (Q1);Medicine
29;19400157233;Circulation: Heart Failure;journal;19413297, 19413289;Lippincott Williams and Wilkins;No;No;2,412;Q1;155;179;463;4958;2508;346;4,91;27,7;33,2;0;United States;Northern America;Lippincott Williams and Wilkins;2008-2026;"Cardiology and Cardiovascular Medicine (Q1); Medicine (miscellaneous) (Q1)";Medicine
30;21684;Journal of Heart and Lung Transplantation;journal;15573117, 10532498;Elsevier Inc.;No;No;2,336;Q1;171;344;713;7509;3721;538;5,5;21,83;36,29;1;United States;Northern America;Elsevier Inc.;1991-2026;"Cardiology and Cardiovascular Medicine (Q1); Pulmonary and Respiratory Medicine (Q1); Surgery (Q1); Transplantation (Q1)";Medicine
31;21101051864;Cardiac Failure Review;journal;20577559, 20577540;;Yes;No;2,273;Q1;28;35;68;2038;544;67;10,76;58,23;33,85;0;United Kingdom;Western Europe;;2017, 2019-2025;Cardiology and Cardiovascular Medicine (Q1);Medicine
32;21100856573;European Heart Journal - Quality of Care and Clinical Outcomes;journal;20581742, 20585225;Oxford University Press;No;No;2,232;Q1;46;173;284;5082;1364;242;4,94;29,38;37,33;4;United Kingdom;Western Europe;Oxford University Press;2015-2026;"Cardiology and Cardiovascular Medicine (Q1); Health Policy (Q1)";Medicine
33;22483;Atherosclerosis;journal;00219150, 18791484;Elsevier Ireland Ltd;No;No;2,182;Q1;207;292;727;13399;4117;599;5,83;45,89;38,84;2;Ireland;Western Europe;Elsevier Ireland Ltd;1970-2026;Cardiology and Cardiovascular Medicine (Q1);Medicine
34;21100205761;European Heart Journal Cardiovascular Imaging;journal;20472412, 20472404;Oxford University Press;No;No;2,064;Q1;133;348;1020;5711;3524;651;3,03;16,41;31,54;0;United Kingdom;Western Europe;Oxford University Press;2012-2026;"Cardiology and Cardiovascular Medicine (Q1); Medicine (miscellaneous) (Q1); Radiology, Nuclear Medicine and Imaging (Q1)";Medicine
35;20655;Trends in Cardiovascular Medicine;journal;10501738, 18732615;Elsevier Inc.;No;No;2,059;Q1;120;121;303;5067;1386;153;4,58;41,88;27,55;0;United States;Northern America;Elsevier Inc.;1991-2026;Cardiology and Cardiovascular Medicine (Q1);Medicine
36;18429;Chest;journal;00123692, 19313543;Elsevier Inc.;No;No;2,047;Q1;348;587;1768;12915;6678;1061;3,77;22;40,73;2;United States;Northern America;Elsevier Inc.;1970-2026;"Cardiology and Cardiovascular Medicine (Q1); Critical Care and Intensive Care Medicine (Q1); Pulmonary and Respiratory Medicine (Q1)";Medicine
37;21100246515;Journal of the American Heart Association;journal;20479980;American Heart Association Inc.;Yes;No;2,03;Q1;167;1363;3275;57766;17721;2910;5,25;42,38;37,53;0;United States;Northern America;American Heart Association Inc.;2012-2026;Cardiology and Cardiovascular Medicine (Q1);Medicine
38;16667;Journal of Cerebral Blood Flow and Metabolism;journal;0271678X, 15597016;SAGE Publications Inc.;No;No;2,029;Q1;229;210;526;12815;2990;495;5,52;61,02;37,91;0;United States;Northern America;SAGE Publications Inc.;1981-2026;"Cardiology and Cardiovascular Medicine (Q1); Neurology (Q1); Neurology (clinical) (Q1)";"Medicine; Neuroscience"
39;21100855908;European Heart Journal - Cardiovascular Pharmacotherapy;journal;20556837, 20556845;Oxford University Press;No;No;2,014;Q1;50;101;308;2773;1311;233;4,32;27,46;21,79;1;United Kingdom;Western Europe;Oxford University Press;2015-2026;"Cardiology and Cardiovascular Medicine (Q1); Pharmacology (medical) (Q1)";Medicine
40;21100869857;Stroke and Vascular Neurology;journal;20598696, 20598688;BMJ Publishing Group;Yes;No;1,974;Q1;53;150;215;4898;1312;202;5,61;32,65;38,4;0;United Kingdom;Western Europe;BMJ Publishing Group;2016-2026;"Cardiology and Cardiovascular Medicine (Q1); Neurology (clinical) (Q1)";Medicine
41;19400157120;Circulation: Cardiovascular Imaging;journal;19420080, 19419651;Lippincott Williams and Wilkins;No;No;1,963;Q1;146;175;479;3471;1651;320;3,56;19,83;38,97;0;United States;Northern America;Lippincott Williams and Wilkins;2008-2026;"Cardiology and Cardiovascular Medicine (Q1); Medicine (miscellaneous) (Q1); Radiology, Nuclear Medicine and Imaging (Q1)";Medicine
42;23116;Current Atherosclerosis Reports;journal;15346242, 15233804;Springer;No;No;1,952;Q1;99;93;284;7775;1964;284;6,88;83,6;42,46;0;United States;Northern America;Springer;1999-2026;Cardiology and Cardiovascular Medicine (Q1);Medicine
43;19064;Resuscitation;journal;18731570, 03009572;Elsevier Ireland Ltd;No;No;1,932;Q1;168;397;1095;16232;3659;652;3,49;40,89;35,78;5;Ireland;Western Europe;Elsevier Ireland Ltd;1972-1976, 1978-2026;"Cardiology and Cardiovascular Medicine (Q1); Emergency Medicine (Q1); Emergency Nursing (Q1)";"Medicine; Nursing"
44;21101159003;American Journal of Preventive Cardiology;journal;26666677;Elsevier B.V.;Yes;No;1,931;Q1;32;236;249;10221;1376;204;4,65;43,31;41,61;0;Netherlands;Western Europe;Elsevier B.V.;2020-2026;Cardiology and Cardiovascular Medicine (Q1);Medicine
45;21101092750;JACC: Asia;journal;27723747;Elsevier Inc.;Yes;No;1,897;Q1;24;239;407;6004;1303;219;3,11;25,12;26,41;0;United States;Northern America;Elsevier Inc.;2021-2026;Cardiology and Cardiovascular Medicine (Q1);Medicine
46;23826;Journal of Cardiac Failure;journal;10719164, 15328414;Elsevier B.V.;No;No;1,897;Q1;132;300;699;7909;2485;474;3,42;26,36;32,42;1;United States;Northern America;Elsevier B.V.;1994-2026;Cardiology and Cardiovascular Medicine (Q1);Medicine
47;22424;Journal of the American Society of Echocardiography;journal;10976795, 08947317;Elsevier Inc.;No;No;1,896;Q1;160;193;581;4035;2088;394;3,71;20,91;38,39;0;United States;Northern America;Elsevier Inc.;1988-2026;"Cardiology and Cardiovascular Medicine (Q1); Radiology, Nuclear Medicine and Imaging (Q1)";Medicine
48;21100818712;European Stroke Journal;journal;23969881, 23969873;SAGE Publications Inc.;No;No;1,886;Q1;45;206;314;6956;1565;290;4,93;33,77;34,67;3;United Kingdom;Western Europe;SAGE Publications Inc.;2016-2026;"Cardiology and Cardiovascular Medicine (Q1); Neurology (clinical) (Q1)";Medicine
49;21101032315;Journal of Lipid and Atherosclerosis;journal;22872892, 22882561;Korean Society of Lipid and Atherosclerosis;Yes;Yes;1,844;Q1;26;36;87;1606;571;76;6;44,61;40,48;0;South Korea;Asiatic Region;Korean Society of Lipid and Atherosclerosis;2019-2026;"Cardiology and Cardiovascular Medicine (Q1); Endocrinology, Diabetes and Metabolism (Q1); Internal Medicine (Q1)";Medicine
50;21100879846;Circulation: Genomic and Precision Medicine;journal;25748300;Lippincott Williams and Wilkins;No;No;1,84;Q1;107;77;239;3442;920;196;3,77;44,7;39,95;0;United States;Northern America;Lippincott Williams and Wilkins;2018-2026;"Cardiology and Cardiovascular Medicine (Q1); Genetics (Q1); Genetics (clinical) (Q1)";"Biochemistry, Genetics and Molecular Biology; Medicine"
51;21100805354;GeroScience;journal;25092715, 25092723;Springer Science and Business Media Deutschland GmbH;No;No;1,827;Q1;103;770;799;54436;5353;788;6,74;70,7;47,16;3;Switzerland;Western Europe;Springer Science and Business Media Deutschland GmbH;2017-2026;"Aging (Q1); Cardiology and Cardiovascular Medicine (Q1); Complementary and Alternative Medicine (Q1); Geriatrics and Gerontology (Q1); Veterinary (miscellaneous) (Q1)";"Biochemistry, Genetics and Molecular Biology; Medicine; Veterinary"
52;21731;Journal of Thoracic and Cardiovascular Surgery;journal;00225223, 1097685X;Elsevier Inc.;No;No;1,817;Q1;234;643;2882;12264;5201;980;2,13;19,07;28,86;0;United States;Northern America;Elsevier Inc.;1959-2026;"Cardiology and Cardiovascular Medicine (Q1); Pulmonary and Respiratory Medicine (Q1); Surgery (Q1)";Medicine
53;22414;American Heart Journal;journal;10976744, 00028703;Elsevier Inc.;No;No;1,784;Q1;218;201;599;6456;2156;548;3,55;32,12;32,09;2;United States;Northern America;Elsevier Inc.;1925-2026;Cardiology and Cardiovascular Medicine (Q1);Medicine
54;23882;Journal of Molecular and Cellular Cardiology;journal;00222828, 10958584;Academic Press;No;No;1,77;Q1;187;136;395;8572;2011;355;4,55;63,03;43,19;0;United States;Northern America;Academic Press;1970-2026;"Cardiology and Cardiovascular Medicine (Q1); Molecular Biology (Q1)";"Biochemistry, Genetics and Molecular Biology; Medicine"
55;23198;European Journal of Vascular and Endovascular Surgery;journal;15322165, 10785884;W.B. Saunders Ltd;No;No;1,75;Q1;150;586;1166;8814;3413;641;3,14;15,04;27,6;2;United Kingdom;Western Europe;W.B. Saunders Ltd;1995-2026;"Cardiology and Cardiovascular Medicine (Q1); Surgery (Q1)";Medicine
56;21732;Journal of Vascular Surgery;journal;10976809, 07415214;Elsevier Inc.;No;No;1,728;Q1;234;548;1490;13544;4869;1177;3,07;24,72;31,92;4;United States;Northern America;Elsevier Inc.;1984-2026;"Cardiology and Cardiovascular Medicine (Q1); Surgery (Q1)";Medicine
57;5700191208;Journal of Clinical Lipidology;journal;18764789, 19332874;Elsevier Ltd;No;No;1,719;Q1;85;206;332;6699;1555;289;4,97;32,52;44,67;3;United Kingdom;Western Europe;Elsevier Ltd;1970, 2007-2026;"Cardiology and Cardiovascular Medicine (Q1); Endocrinology, Diabetes and Metabolism (Q1); Internal Medicine (Q1); Nutrition and Dietetics (Q1)";"Medicine; Nursing"
58;21101189327;JACC: Advances;journal;2772963X;Elsevier B.V.;Yes;No;1,717;Q1;26;773;1035;22407;3026;599;2,92;28,99;34,55;3;Netherlands;Western Europe;Elsevier B.V.;2022-2026;Cardiology and Cardiovascular Medicine (Q1);Medicine
59;7700153237;Journal of Cardiovascular Computed Tomography;journal;1876861X, 19345925;Elsevier Inc.;No;No;1,708;Q1;75;155;301;3211;1009;196;2,88;20,72;29,61;1;United States;Northern America;Elsevier Inc.;2007-2026;"Cardiology and Cardiovascular Medicine (Q1); Radiology, Nuclear Medicine and Imaging (Q1)";Medicine
60;23845;Journal of Cardiovascular Magnetic Resonance;journal;1532429X, 10976647;Elsevier B.V.;Yes;No;1,672;Q1;124;152;271;6250;1416;261;4,65;41,12;34,88;0;United Kingdom;Western Europe;Elsevier B.V.;1999-2026;"Cardiology and Cardiovascular Medicine (Q1); Family Practice (Q1); Radiological and Ultrasound Technology (Q1); Radiology, Nuclear Medicine and Imaging (Q1)";"Health Professions; Medicine"
61;23234;Heart Failure Reviews;journal;15737322, 13824147;Springer;No;No;1,654;Q1;110;127;375;8924;2209;367;5,75;70,27;32,33;0;United States;Northern America;Springer;1996-2026;Cardiology and Cardiovascular Medicine (Q1);Medicine
62;23246;Heart Rhythm;journal;15475271, 15563871;Elsevier B.V.;No;No;1,643;Q1;173;792;1183;18904;4129;923;3,51;23,87;26,1;1;Netherlands;Western Europe;Elsevier B.V.;2004-2026;"Cardiology and Cardiovascular Medicine (Q1); Physiology (medical) (Q1)";Medicine
63;21100316063;European Heart Journal: Acute Cardiovascular Care;journal;20488734, 20488726;Oxford University Press;No;No;1,6;Q1;64;122;471;2678;1262;303;2,76;21,95;24,92;3;United Kingdom;Western Europe;Oxford University Press;2012-2026;"Cardiology and Cardiovascular Medicine (Q1); Critical Care and Intensive Care Medicine (Q1); Medicine (miscellaneous) (Q1)";Medicine
64;23217;Heart;journal;1468201X, 13556037;BMJ Publishing Group;No;No;1,559;Q1;221;304;987;8132;3052;677;2,76;26,75;31,53;3;United Kingdom;Western Europe;BMJ Publishing Group;1942, 1971-1978, 1983-1984, 1986-1990, 1992-2026;Cardiology and Cardiovascular Medicine (Q1);Medicine
65;21101186987;International Journal of Heart Failure;journal;2636154X, 26361558;Korean Society of Heart Failure;Yes;Yes;1,545;Q1;19;35;79;965;273;45;4,11;27,57;32,58;0;South Korea;Asiatic Region;Korean Society of Heart Failure;2019-2026;Cardiology and Cardiovascular Medicine (Q1);Medicine
66;21101148006;European Heart Journal - Digital Health;journal;26343916;Oxford University Press;Yes;No;1,538;Q1;26;135;229;4625;1044;194;4,5;34,26;30,61;0;United Kingdom;Western Europe;Oxford University Press;2020-2026;Cardiology and Cardiovascular Medicine (Q1);Medicine
67;21101055808;Clinical Hypertension;journal;20565909;;Yes;Yes;1,439;Q1;30;41;110;1556;547;107;6,32;37,95;37,82;0;South Korea;Asiatic Region;;2017-2026;"Cardiology and Cardiovascular Medicine (Q1); Internal Medicine (Q1)";Medicine
68;20489;Annals of Thoracic Surgery;journal;15526259, 00034975;Elsevier Inc.;No;No;1,412;Q1;236;538;2393;8938;5194;1366;2,53;16,61;28,81;0;United States;Northern America;Elsevier Inc.;1965-2026;"Cardiology and Cardiovascular Medicine (Q1); Pulmonary and Respiratory Medicine (Q1); Surgery (Q1)";Medicine
69;21101144895;European Heart Journal Open;journal;27524191;Oxford University Press;Yes;No;1,41;Q1;24;163;320;5552;1188;271;3,38;34,06;28,81;0;United Kingdom;Western Europe;Oxford University Press;2021-2026;"Cardiology and Cardiovascular Medicine (Q1); Surgery (Q1)";Medicine
70;19400158804;Translational Stroke Research;journal;1868601X, 18684483;Springer;No;No;1,388;Q1;83;183;277;9711;1279;248;4,62;53,07;33,35;1;United States;Northern America;Springer;2010-2026;"Cardiology and Cardiovascular Medicine (Q1); Neurology (clinical) (Q1); Neuroscience (miscellaneous) (Q1)";"Medicine; Neuroscience"
71;23311;American Journal of Physiology - Heart and Circulatory Physiology;journal;03636135, 15221539;American Physiological Society;No;No;1,383;Q1;235;305;675;16291;2522;579;3,27;53,41;41,17;0;United States;Northern America;American Physiological Society;1977-2026;"Cardiology and Cardiovascular Medicine (Q1); Physiology (Q1); Physiology (medical) (Q1)";"Biochemistry, Genetics and Molecular Biology; Medicine"
72;3100147501;Clinical Research in Cardiology;journal;18610692, 18610684;Springer Science and Business Media Deutschland GmbH;No;No;1,366;Q1;92;307;532;9279;1787;459;3,45;30,22;27,27;0;Germany;Western Europe;Springer Science and Business Media Deutschland GmbH;2005-2026;"Cardiology and Cardiovascular Medicine (Q1); Medicine (miscellaneous) (Q1)";Medicine
73;23752;Hypertension Research;journal;13484214, 09169636;Springer Nature;No;No;1,355;Q1;113;486;1125;12616;3625;674;3,34;25,96;33,43;3;United Kingdom;Western Europe;Springer Nature;1992-2026;"Cardiology and Cardiovascular Medicine (Q1); Internal Medicine (Q1); Physiology (Q1)";"Biochemistry, Genetics and Molecular Biology; Medicine"
74;23140;Current Opinion in Lipidology;journal;14736535, 09579672;Lippincott Williams and Wilkins;No;No;1,348;Q1;142;49;145;2205;622;133;4,13;45;33,98;0;United States;Northern America;Lippincott Williams and Wilkins;1990-2026;"Cardiology and Cardiovascular Medicine (Q1); Endocrinology, Diabetes and Metabolism (Q1); Genetics (Q1); Nutrition and Dietetics (Q1); Cell Biology (Q2); Molecular Biology (Q2)";"Biochemistry, Genetics and Molecular Biology; Medicine; Nursing"
75;21101176723;Journal of Cardiovascular Aging;journal;27685993;OAE Publishing Inc.;No;No;1,335;Q1;13;17;115;2496;288;69;2,81;146,82;47,14;0;United States;Northern America;OAE Publishing Inc.;2021-2025;Cardiology and Cardiovascular Medicine (Q1);Medicine
76;21100212900;Global Heart;journal;22118179, 22118160;Ubiquity Press;Yes;No;1,325;Q1;60;113;254;4557;1237;248;4,87;40,33;37,88;1;United Kingdom;Western Europe;Ubiquity Press;2011-2026;"Cardiology and Cardiovascular Medicine (Q1); Community and Home Care (Q1); Epidemiology (Q1)";"Medicine; Nursing"
77;21101150317;Journal of the Society for Cardiovascular Angiography and Interventions;journal;27729303;Elsevier B.V.;Yes;No;1,279;Q1;21;291;569;5742;1637;449;2,78;19,73;21,89;0;Netherlands;Western Europe;Elsevier B.V.;2022-2026;Cardiology and Cardiovascular Medicine (Q1);Medicine
78;23062;Circulation Journal;journal;13474820, 13469843;Japanese Circulation Society;Yes;No;1,278;Q1;132;196;827;5444;2087;544;2,61;27,78;17,92;0;Japan;Asiatic Region;Japanese Circulation Society;1996, 1999-2000, 2002-2026;"Cardiology and Cardiovascular Medicine (Q1); Medicine (miscellaneous) (Q1)";Medicine
79;23118;Current Cardiology Reports;journal;15233782, 15343170;Springer;No;No;1,266;Q1;77;172;517;12781;2286;517;4,33;74,31;38,61;0;United States;Northern America;Springer;1999-2026;Cardiology and Cardiovascular Medicine (Q1);Medicine
80;19700201452;European Cardiology Review;journal;17583764, 17583756;;Yes;No;1,19;Q1;35;38;91;1624;360;77;3,79;42,74;28,78;0;United Kingdom;Western Europe;;2007, 2011-2012, 2014-2025;Cardiology and Cardiovascular Medicine (Q1);Medicine
81;22504;Canadian Journal of Cardiology;journal;19167075, 0828282X;Elsevier Inc.;No;No;1,174;Q1;124;452;982;13461;2940;686;2,76;29,78;32,56;4;Canada;Northern America;Elsevier Inc.;1985-2026;Cardiology and Cardiovascular Medicine (Q1);Medicine
82;4000148301;Current Heart Failure Reports;journal;15469530, 15469549;Springer;No;No;1,161;Q1;59;44;146;3608;629;146;4,24;82;39,92;0;United States;Northern America;Springer;2004-2026;"Cardiology and Cardiovascular Medicine (Q1); Emergency Medicine (Q1); Physiology (medical) (Q1)";Medicine
83;23774;International Journal of Cardiology;journal;18741754, 01675273;Elsevier Ireland Ltd;No;No;1,152;Q1;164;917;2251;19054;5566;1532;2,46;20,78;33,63;3;Ireland;Western Europe;Elsevier Ireland Ltd;1981-2026;Cardiology and Cardiovascular Medicine (Q1);Medicine
84;21100780480;Arrhythmia and Electrophysiology Review;journal;20503377, 20503369;;Yes;No;1,123;Q1;37;26;73;1095;297;69;4,4;42,12;19;0;United Kingdom;Western Europe;;2015-2025;"Cardiology and Cardiovascular Medicine (Q1); Physiology (medical) (Q2)";Medicine
85;13241;Nutrition, Metabolism and Cardiovascular Diseases;journal;15903729, 09394753;Elsevier B.V.;No;No;1,099;Q1;129;323;908;14810;3597;863;3,77;45,85;49,03;0;Netherlands;Western Europe;Elsevier B.V.;1996-2026;"Cardiology and Cardiovascular Medicine (Q1); Medicine (miscellaneous) (Q1); Nutrition and Dietetics (Q1); Endocrinology, Diabetes and Metabolism (Q2)";"Medicine; Nursing"
86;21100464778;Open Heart;journal;20533624, 2398595X;BMJ Publishing Group;Yes;No;1,099;Q1;59;243;469;7515;1468;454;3,11;30,93;30,19;0;United Kingdom;Western Europe;BMJ Publishing Group;2014-2026;Cardiology and Cardiovascular Medicine (Q1);Medicine
87;26072;Seminars in Thrombosis and Hemostasis;journal;10989064, 00946176;Thieme Medical Publishers, Inc.;No;No;1,095;Q1;119;94;384;6858;1265;294;3,44;72,96;47,69;0;United States;Northern America;Thieme Medical Publishers, Inc.;1974-2026;"Cardiology and Cardiovascular Medicine (Q1); Hematology (Q1)";Medicine
88;21100817408;Annals of Cardiothoracic Surgery;journal;23041021, 2225319X;AME Publishing Company;No;No;1,084;Q1;54;74;263;1524;793;219;2,89;20,59;22,56;0;Hong Kong;Asiatic Region;AME Publishing Company;2016-2026;"Cardiology and Cardiovascular Medicine (Q1); Surgery (Q1)";Medicine
89;23828;Journal of Cardiology;journal;18764738, 09145087;Japanese College of Cardiology (Nippon-Sinzobyo-Gakkai);No;No;1,084;Q1;70;220;484;7542;1593;436;3,37;34,28;23,14;0;Japan;Asiatic Region;Japanese College of Cardiology (Nippon-Sinzobyo-Gakkai);1987-2026;Cardiology and Cardiovascular Medicine (Q1);Medicine
90;27682;European Journal of Cardiovascular Nursing;journal;14745151, 18731953;Oxford University Press;No;No;1,074;Q1;71;243;438;6697;1439;315;3,23;27,56;59,55;2;United Kingdom;Western Europe;Oxford University Press;2002-2025;"Advanced and Specialized Nursing (Q1); Cardiology and Cardiovascular Medicine (Q1); Medical and Surgical Nursing (Q1); Medicine (miscellaneous) (Q1)";"Medicine; Nursing"
91;23877;Journal of Hypertension;journal;14735598, 02636352;Lippincott Williams and Wilkins;No;No;1,069;Q1;201;320;854;11228;2359;685;2,8;35,09;39,53;0;United States;Northern America;Lippincott Williams and Wilkins;1983-2026;"Cardiology and Cardiovascular Medicine (Q1); Internal Medicine (Q2); Physiology (Q2)";"Biochemistry, Genetics and Molecular Biology; Medicine"
92;21101039766;Structural Heart;journal;24748706, 24748714;Cardiovascular Research Foundation;Yes;No;1,054;Q1;15;131;189;3179;406;156;2,36;24,27;22,65;0;United States;Northern America;Cardiovascular Research Foundation;2017-2026;Cardiology and Cardiovascular Medicine (Q1);Medicine
93;23825;Journal of Atherosclerosis and Thrombosis;journal;18803873, 13403478;Japan Atherosclerosis Society;Yes;No;1,049;Q1;95;133;494;4743;1407;385;3,19;35,66;30,23;0;Japan;Asiatic Region;Japan Atherosclerosis Society;1994-1998, 2000-2026;"Biochemistry (medical) (Q1); Cardiology and Cardiovascular Medicine (Q1); Internal Medicine (Q2)";Medicine
94;21101077113;Resuscitation Plus;journal;26665204;Elsevier B.V.;Yes;No;1,032;Q1;25;314;614;9111;1681;540;2,75;29,02;30,97;0;Netherlands;Western Europe;Elsevier B.V.;2020-2026;"Cardiology and Cardiovascular Medicine (Q1); Emergency Medicine (Q1); Emergency Nursing (Q1)";"Medicine; Nursing"
95;21101140114;American Journal of Medicine Open;journal;26670364;Elsevier Inc.;Yes;No;1,028;Q1;9;37;67;1153;261;59;4,61;31,16;49,8;0;United States;Northern America;Elsevier Inc.;2021-2026;"Cardiology and Cardiovascular Medicine (Q1); Endocrinology, Diabetes and Metabolism (Q2); Geriatrics and Gerontology (Q2); Internal Medicine (Q2)";Medicine
96;22552;Cardiovascular Drugs and Therapy;journal;15737241, 09203206;Springer;No;No;1,016;Q1;85;255;377;10978;1225;313;3,27;43,05;35,94;0;United States;Northern America;Springer;1987-2026;"Cardiology and Cardiovascular Medicine (Q1); Medicine (miscellaneous) (Q1); Pharmacology (Q1); Pharmacology (medical) (Q1)";"Medicine; Pharmacology, Toxicology and Pharmaceutics"
97;21101039767;Cardiology and Therapy;journal;21936544, 21938261;;Yes;No;1,011;Q1;31;48;141;1728;473;132;3,32;36;37,83;0;United Kingdom;Western Europe;;2012-2026;Cardiology and Cardiovascular Medicine (Q1);Medicine
98;21101077112;Cardiovascular Digital Health Journal;journal;26666936;Elsevier Inc.;Yes;No;0,977;Q1;20;0;91;0;331;86;4,07;0;0;0;United States;Northern America;Elsevier Inc.;2020-2024;"Biomedical Engineering (Q1); Cardiology and Cardiovascular Medicine (Q1); Critical Care and Intensive Care Medicine (Q1)";"Engineering; Medicine"
99;21100944558;Frontiers in Cardiovascular Medicine;journal;2297055X;Frontiers Media SA;Yes;No;0,968;Q1;97;1664;7624;73593;25041;7207;2,87;44,23;39,01;1;Switzerland;Western Europe;Frontiers Media SA;2014-2026;Cardiology and Cardiovascular Medicine (Q1);Medicine
100;23832;Journal of Cardiovascular Electrophysiology;journal;15408167, 10453873;John Wiley and Sons Inc;No;No;0,953;Q1;157;475;1127;9719;2155;803;2,09;20,46;21,86;0;United States;Northern America;John Wiley and Sons Inc;1990-2026;"Cardiology and Cardiovascular Medicine (Q1); Physiology (medical) (Q2)";Medicine
101;22416;American Journal of Cardiovascular Drugs;journal;11753277, 1179187X;;No;No;0,952;Q1;66;87;188;3879;604;174;3,39;44,59;35,81;0;Switzerland;Western Europe;;2001-2026;"Cardiology and Cardiovascular Medicine (Q1); Medicine (miscellaneous) (Q1); Pharmacology (medical) (Q1)";Medicine
102;22415;American Journal of Cardiology;journal;00029149, 18791913;Elsevier Inc.;No;No;0,95;Q1;248;437;2251;10152;4370;1749;1,89;23,23;25,77;1;United States;Northern America;Elsevier Inc.;1958-2026;Cardiology and Cardiovascular Medicine (Q1);Medicine
103;21100248023;CPT: Pharmacometrics and Systems Pharmacology;journal;21638306;American Society for Clinical Pharmacology and Therapeutics;Yes;No;0,948;Q1;66;194;480;6906;1503;454;2,94;35,6;40,29;0;United States;Northern America;American Society for Clinical Pharmacology and Therapeutics;2012-2026;"Cardiology and Cardiovascular Medicine (Q1); Modeling and Simulation (Q1); Pharmacology (medical) (Q1)";"Mathematics; Medicine"
104;22579;Catheterization and Cardiovascular Interventions;journal;1522726X, 15221946;John Wiley and Sons Inc;No;No;0,939;Q1;140;736;1252;16476;2381;1010;1,94;22,39;22,06;1;United States;Northern America;John Wiley and Sons Inc;1999-2026;"Cardiology and Cardiovascular Medicine (Q1); Medicine (miscellaneous) (Q1); Radiology, Nuclear Medicine and Imaging (Q1)";Medicine
105;21101079403;Heart Rhythm O2;journal;26665018;Elsevier B.V.;Yes;No;0,933;Q2;25;270;392;6716;925;340;2,29;24,87;25,16;2;Netherlands;Western Europe;Elsevier B.V.;2020-2026;Cardiology and Cardiovascular Medicine (Q2);Medicine
106;23185;European Journal of Cardio-thoracic Surgery;journal;1873734X, 10107940;European Association for Cardio-Thoracic Surgery;No;No;0,928;Q2;163;461;1685;11526;3225;1099;1,97;25;28,07;1;United Kingdom;Western Europe;European Association for Cardio-Thoracic Surgery;1987-2026;"Medicine (miscellaneous) (Q1); Pulmonary and Respiratory Medicine (Q1); Surgery (Q1); Cardiology and Cardiovascular Medicine (Q2)";Medicine
107;4100151702;Vascular Health and Risk Management;journal;11782048, 11766344;Dove Medical Press Ltd;Yes;No;0,913;Q2;90;89;226;3564;780;212;3,24;40,04;43,41;0;New Zealand;Pacific Region;Dove Medical Press Ltd;2005-2026;"Medicine (miscellaneous) (Q1); Public Health, Environmental and Occupational Health (Q1); Cardiology and Cardiovascular Medicine (Q2); Endocrinology, Diabetes and Metabolism (Q2); Hematology (Q2); Pharmacology (medical) (Q2)";Medicine
108;130160;Diabetes and Vascular Disease Research;journal;14791641, 17528984;SAGE Publications Ltd;Yes;No;0,907;Q2;68;24;93;873;309;88;2,91;36,38;40,68;0;United Kingdom;Western Europe;SAGE Publications Ltd;2004-2026;"Cardiology and Cardiovascular Medicine (Q2); Endocrinology, Diabetes and Metabolism (Q2); Internal Medicine (Q2)";Medicine
109;22575;Cardiovascular Toxicology;journal;15307905, 15590259;Springer;No;No;0,903;Q2;70;134;225;8460;922;225;3,53;63,13;46,01;1;United States;Northern America;Springer;2001-2026;"Cardiology and Cardiovascular Medicine (Q2); Molecular Biology (Q2); Toxicology (Q2)";"Biochemistry, Genetics and Molecular Biology; Medicine; Pharmacology, Toxicology and Pharmaceutics"
110;17243;Journal of Vascular and Interventional Radiology;journal;10510443, 15357732;Elsevier Inc.;No;No;0,885;Q2;154;346;1048;6403;1945;687;1,93;18,51;24,78;1;United States;Northern America;Elsevier Inc.;1990-2026;"Radiology, Nuclear Medicine and Imaging (Q1); Cardiology and Cardiovascular Medicine (Q2); Medicine (miscellaneous) (Q2)";Medicine
111;16597;CardioVascular and Interventional Radiology;journal;1432086X, 01741551;Springer;No;No;0,882;Q2;104;352;866;6319;1792;506;1,93;17,95;26,32;0;United States;Northern America;Springer;1978-2026;"Radiology, Nuclear Medicine and Imaging (Q1); Cardiology and Cardiovascular Medicine (Q2)";Medicine
112;23072;Clinical Cardiology;journal;19328737, 01609289;John Wiley and Sons Inc;Yes;No;0,878;Q2;92;165;595;4304;1566;520;2,62;26,08;33,48;1;United States;Northern America;John Wiley and Sons Inc;1978-2026;"Cardiology and Cardiovascular Medicine (Q2); Medicine (miscellaneous) (Q2)";Medicine
113;15000154803;Therapeutic Advances in Cardiovascular Disease;journal;17539455, 17539447;SAGE Publications Ltd;Yes;No;0,862;Q2;44;13;57;306;171;55;3,39;23,54;25,88;0;United Kingdom;Western Europe;SAGE Publications Ltd;2007-2026;"Cardiology and Cardiovascular Medicine (Q2); Pharmacology (medical) (Q2)";Medicine
114;19700173224;Clinical Medicine Insights: Cardiology;journal;11795468;SAGE Publications Ltd;Yes;No;0,859;Q2;39;23;42;1025;159;40;2,09;44,57;31,06;0;United Kingdom;Western Europe;SAGE Publications Ltd;2007-2026;Cardiology and Cardiovascular Medicine (Q2);Medicine
115;11900154314;Cardiovascular Therapeutics;journal;17555914, 17555922;John Wiley and Sons Inc;Yes;No;0,857;Q2;62;64;136;2698;533;136;2,83;42,16;39,39;0;China;Asiatic Region;John Wiley and Sons Inc;2008-2026;"Cardiology and Cardiovascular Medicine (Q2); Medicine (miscellaneous) (Q2); Pharmacology (Q2); Pharmacology (medical) (Q2)";"Medicine; Pharmacology, Toxicology and Pharmaceutics"
116;21100265662;CardioRenal Medicine;journal;16645502, 16643828;S. Karger AG;Yes;No;0,856;Q2;35;50;125;2557;409;122;2,96;51,14;38,44;0;Switzerland;Western Europe;S. Karger AG;2011-2026;"Urology (Q1); Cardiology and Cardiovascular Medicine (Q2); Nephrology (Q2)";Medicine
117;21101059717;Cardio-Oncology;journal;20573804;BioMed Central Ltd;Yes;No;0,85;Q2;29;115;158;4880;564;148;3,52;42,43;40,52;0;United Kingdom;Western Europe;BioMed Central Ltd;2015-2026;"Cardiology and Cardiovascular Medicine (Q2); Oncology (Q2)";Medicine
118;21101028595;JMIR Cardio;journal;25611011;JMIR Publications Inc.;Yes;No;0,85;Q2;24;44;103;1963;349;101;3,28;44,61;50,84;0;Canada;Northern America;JMIR Publications Inc.;2017-2026;"Cardiology and Cardiovascular Medicine (Q2); Health Informatics (Q2)";Medicine
119;21101277814;Innovation Medicine;journal;29598745;Innovation Press;Yes;No;0,848;Q2;11;63;97;3457;345;54;3,56;54,87;39,34;0;China;Asiatic Region;Innovation Press;2023-2026;"Cardiology and Cardiovascular Medicine (Q2); Epidemiology (Q2); Oncology (Q2); Public Health, Environmental and Occupational Health (Q2)";Medicine
120;22284;Seminars in Thoracic and Cardiovascular Surgery;journal;15329488, 10430679;W.B. Saunders;No;No;0,842;Q2;69;112;506;3389;648;235;1,26;30,26;23,72;0;United States;Northern America;W.B. Saunders;1989-2026;"Surgery (Q1); Cardiology and Cardiovascular Medicine (Q2); Medicine (miscellaneous) (Q2); Pulmonary and Respiratory Medicine (Q2)";Medicine
121;21100868211;ESC Heart Failure;journal;20555822;John Wiley and Sons Inc;Yes;No;0,835;Q2;67;456;1293;16384;5032;1231;3,82;35,93;33,58;4;United States;Northern America;John Wiley and Sons Inc;2014-2026;Cardiology and Cardiovascular Medicine (Q2);Medicine
122;22982;Journal of Cardiovascular Pharmacology and Therapeutics;journal;10742484, 19404034;SAGE Publications Ltd;Yes;No;0,829;Q2;63;19;77;964;249;77;3,09;50,74;43;0;United Kingdom;Western Europe;SAGE Publications Ltd;1996-2025;"Cardiology and Cardiovascular Medicine (Q2); Pharmacology (Q2); Pharmacology (medical) (Q2)";"Medicine; Pharmacology, Toxicology and Pharmaceutics"
123;21100204115;Interventional Cardiology: Reviews, Research, Resources;journal;17561485, 17561477;;Yes;No;0,827;Q2;31;29;74;1030;194;69;2,31;35,52;22,08;0;United Kingdom;Western Europe;;2010-2025;Cardiology and Cardiovascular Medicine (Q2);Medicine
124;23853;Journal of Clinical Hypertension;journal;15246175, 17517176;Wiley-Blackwell Publishing Ltd;Yes;No;0,827;Q2;90;238;491;8095;1318;436;2,82;34,01;43,57;0;United States;Northern America;Wiley-Blackwell Publishing Ltd;2001-2026;"Cardiology and Cardiovascular Medicine (Q2); Endocrinology, Diabetes and Metabolism (Q2); Internal Medicine (Q2)";Medicine
125;144798;High Blood Pressure and Cardiovascular Prevention;journal;11791985, 11209879;;No;No;0,824;Q2;40;78;187;3224;545;174;2,89;41,33;40,67;0;Switzerland;Western Europe;;2004-2026;"Cardiology and Cardiovascular Medicine (Q2); Internal Medicine (Q2)";Medicine
126;19700175133;Heart International;journal;20362579, 18261868;Touch Medical Media;Yes;No;0,817;Q2;16;14;52;726;119;40;1,88;51,86;51,47;0;Italy;Western Europe;Touch Medical Media;2010-2017, 2019-2025;Cardiology and Cardiovascular Medicine (Q2);Medicine
127;23879;Journal of Interventional Cardiac Electrophysiology;journal;15728595, 1383875X;Springer;No;No;0,814;Q2;68;324;853;6550;1616;657;2,05;20,22;23,04;1;United States;Northern America;Springer;1997-2026;"Cardiology and Cardiovascular Medicine (Q2); Medicine (miscellaneous) (Q2); Physiology (medical) (Q2)";Medicine
128;21100241646;Journal of Vascular Surgery: Venous and Lymphatic Disorders;journal;2213333X, 22133348;Elsevier Inc.;Yes;No;0,811;Q2;59;129;559;2901;1241;474;1,98;22,49;34,8;0;United States;Northern America;Elsevier Inc.;2013-2026;"Surgery (Q1); Cardiology and Cardiovascular Medicine (Q2)";Medicine
129;5700165203;Journal of Cardiopulmonary Rehabilitation and Prevention;journal;1932751X, 19327501;Lippincott Williams and Wilkins;Yes;No;0,81;Q2;83;75;264;2564;543;229;1,87;34,19;48,51;0;United States;Northern America;Lippincott Williams and Wilkins;2007-2026;"Rehabilitation (Q1); Cardiology and Cardiovascular Medicine (Q2); Pulmonary and Respiratory Medicine (Q2)";Medicine
130;22487;BMC Cardiovascular Disorders;journal;14712261;BioMed Central Ltd;Yes;No;0,802;Q2;81;895;1918;32826;5846;1913;3,1;36,68;38,14;0;United Kingdom;Western Europe;BioMed Central Ltd;2001-2026;Cardiology and Cardiovascular Medicine (Q2);Medicine
131;38664;European Heart Journal, Supplement;journal;1520765X, 15542815;Oxford University Press;No;No;0,802;Q2;46;116;325;2717;775;318;2,63;23,42;39,78;0;United Kingdom;Western Europe;Oxford University Press;1999-2012, 2014-2026;Cardiology and Cardiovascular Medicine (Q2);Medicine
132;14500154702;Journal of Cardiovascular Translational Research;journal;19375395, 19375387;Springer;No;No;0,802;Q2;68;163;400;9633;1110;369;2,7;59,1;39,29;0;United States;Northern America;Springer;2008-2026;"Pharmaceutical Science (Q1); Cardiology and Cardiovascular Medicine (Q2); Genetics (Q2); Genetics (clinical) (Q2); Molecular Medicine (Q2)";"Biochemistry, Genetics and Molecular Biology; Medicine; Pharmacology, Toxicology and Pharmaceutics"
133;22285;Seminars in Vascular Surgery;journal;15584518, 08957967;W.B. Saunders;No;No;0,8;Q2;61;54;170;2252;481;158;2,59;41,7;41,67;0;United States;Northern America;W.B. Saunders;1990-2026;"Surgery (Q1); Cardiology and Cardiovascular Medicine (Q2)";Medicine
134;21101079131;JTCVS Open;journal;26662736;Elsevier B.V.;Yes;No;0,797;Q2;19;294;791;6330;1214;505;1,67;21,53;29,63;0;Netherlands;Western Europe;Elsevier B.V.;2020-2026;"Surgery (Q1); Cardiology and Cardiovascular Medicine (Q2); Pulmonary and Respiratory Medicine (Q2)";Medicine
135;27707;Heart and Lung;journal;01479563, 15273288;Elsevier Inc.;No;No;0,794;Q2;86;177;536;6586;1290;447;2,33;37,21;47,75;0;United States;Northern America;Elsevier Inc.;1973-2026;"Cardiology and Cardiovascular Medicine (Q2); Critical Care and Intensive Care Medicine (Q2); Pulmonary and Respiratory Medicine (Q2)";Medicine
136;22520;Netherlands Heart Journal;journal;18766250, 15685888;Bohn Stafleu van Loghum;No;No;0,79;Q2;53;82;280;1178;402;175;1,46;14,37;36,32;1;Netherlands;Western Europe;Bohn Stafleu van Loghum;2005-2026;Cardiology and Cardiovascular Medicine (Q2);Medicine
137;3900148406;Korean Circulation Journal;journal;17385555, 17385520;Korean Society of Cardiology;Yes;No;0,788;Q2;48;134;303;2729;461;192;1,54;20,37;32,16;0;South Korea;Asiatic Region;Korean Society of Cardiology;2006-2026;"Cardiology and Cardiovascular Medicine (Q2); Internal Medicine (Q2)";Medicine
138;22558;Cardiovascular Pathology;journal;10548807, 18791336;Elsevier Inc.;No;No;0,774;Q2;86;46;174;1662;356;148;2,23;36,13;41,37;0;United States;Northern America;Elsevier Inc.;1992-2026;"Pathology and Forensic Medicine (Q1); Cardiology and Cardiovascular Medicine (Q2); Medicine (miscellaneous) (Q2)";Medicine
139;23948;Microvascular Research;journal;10959319, 00262862;Academic Press Inc.;No;No;0,772;Q2;105;84;336;3767;987;328;3,13;44,85;39,96;0;United States;Northern America;Academic Press Inc.;1968-2026;"Biochemistry (Q2); Cardiology and Cardiovascular Medicine (Q2); Cell Biology (Q3)";"Biochemistry, Genetics and Molecular Biology; Medicine"
140;11300153709;Archives of Cardiovascular Diseases;journal;18752136, 18752128;Elsevier Masson s.r.l.;No;No;0,768;Q2;66;130;273;3309;593;226;2,23;25,45;29,28;0;France;Western Europe;Elsevier Masson s.r.l.;2008-2026;"Cardiology and Cardiovascular Medicine (Q2); Medicine (miscellaneous) (Q2)";Medicine
141;17229;Journal of Nuclear Cardiology;journal;15326551, 10713581;American Society of Nuclear Cardiology;No;No;0,768;Q2;97;161;1057;3056;1375;611;1,37;18,98;34,88;0;United States;Northern America;American Society of Nuclear Cardiology;1994-2026;"Cardiology and Cardiovascular Medicine (Q2); Radiology, Nuclear Medicine and Imaging (Q2)";Medicine
142;20674;Vascular Medicine;journal;1358863X, 14770377;SAGE Publications Ltd;No;No;0,764;Q2;89;109;309;2875;567;208;1,74;26,38;33,89;0;United Kingdom;Western Europe;SAGE Publications Ltd;1992-2026;"Cardiology and Cardiovascular Medicine (Q2); Medicine (miscellaneous) (Q2)";Medicine
143;21100394792;IJC Heart and Vasculature;journal;23529067;Elsevier Ireland Ltd;Yes;No;0,759;Q2;42;269;611;9243;1539;534;2,76;34,36;30,95;0;Ireland;Western Europe;Elsevier Ireland Ltd;2014-2026;Cardiology and Cardiovascular Medicine (Q2);Medicine
144;21101248684;Journal of Molecular and Cellular Cardiology Plus;journal;27729761;Elsevier B.V.;Yes;No;0,758;Q2;8;72;86;4340;144;64;1,77;60,28;39,93;0;Netherlands;Western Europe;Elsevier B.V.;2022-2026;"Dentistry (miscellaneous) (Q1); Cardiology and Cardiovascular Medicine (Q2)";"Dentistry; Medicine"
145;21675;Journal of Endovascular Therapy;journal;15451550, 15266028;SAGE Publications Inc.;Yes;No;0,757;Q2;113;422;442;11376;942;431;1,92;26,96;21,88;4;United States;Northern America;SAGE Publications Inc.;2000-2026;"Surgery (Q1); Cardiology and Cardiovascular Medicine (Q2); Medicine (miscellaneous) (Q2); Radiology, Nuclear Medicine and Imaging (Q2)";Medicine
146;21101147415;American Heart Journal Plus: Cardiology Research and Practice;journal;26666022;Elsevier Inc.;Yes;No;0,75;Q2;19;177;384;6833;887;339;2,18;38,6;34,15;1;United States;Northern America;Elsevier Inc.;2021-2026;Cardiology and Cardiovascular Medicine (Q2);Medicine
147;17309;Neuroradiology;journal;14321920, 00283940;Springer Science and Business Media Deutschland GmbH;No;No;0,75;Q2;112;347;641;12048;1772;604;2,86;34,72;29,54;0;Germany;Western Europe;Springer Science and Business Media Deutschland GmbH;1970-2026;"Cardiology and Cardiovascular Medicine (Q2); Neurology (clinical) (Q2); Radiology, Nuclear Medicine and Imaging (Q2)";Medicine
148;21101132310;Lifestyle Medicine;journal;26883740;John Wiley and Sons Inc;Yes;No;0,748;Q2;11;32;52;1743;116;37;2,27;54,47;58,49;0;United Kingdom;Western Europe;John Wiley and Sons Inc;2020-2026;"Cardiology and Cardiovascular Medicine (Q2); Endocrinology, Diabetes and Metabolism (Q2); Geriatrics and Gerontology (Q2); Health (social science) (Q2); Medicine (miscellaneous) (Q2); Public Health, Environmental and Occupational Health (Q2); Pulmonary and Respiratory Medicine (Q2)";"Medicine; Social Sciences"
149;21101060488;International Journal of Cardiology: Cardiovascular Risk and Prevention;journal;27724875;Elsevier B.V.;Yes;No;0,741;Q2;18;193;213;6228;582;199;2,79;32,27;39,16;0;Netherlands;Western Europe;Elsevier B.V.;2021-2026;"Cardiology and Cardiovascular Medicine (Q2); Internal Medicine (Q2)";Medicine
150;21101051834;Atherosclerosis Plus;journal;26670895, 26670909;Elsevier Ireland Ltd;Yes;No;0,723;Q2;57;34;76;1520;200;76;3,22;44,71;32,33;0;Ireland;Western Europe;Elsevier Ireland Ltd;2021-2026;"Cardiology and Cardiovascular Medicine (Q2); Internal Medicine (Q2)";Medicine
151;4700153514;Journal of Geriatric Cardiology;journal;16715411;Tsinghua University Press;No;No;0,721;Q2;54;100;320;3664;668;242;2,57;36,64;41,97;0;China;Asiatic Region;Tsinghua University Press;2006-2025;"Cardiology and Cardiovascular Medicine (Q2); Geriatrics and Gerontology (Q2)";Medicine
152;22441;Angiology;journal;00033197, 19401574;SAGE Publications Inc.;No;No;0,715;Q2;82;268;417;7876;921;300;2,24;29,39;28,57;1;United States;Northern America;SAGE Publications Inc.;1950-2026;Cardiology and Cardiovascular Medicine (Q2);Medicine
153;4700153005;Annals of Thoracic Medicine;journal;18171737, 19983557;Wolters Kluwer Medknow Publications;Yes;No;0,698;Q2;50;34;98;1256;251;93;2,38;36,94;36,57;1;India;Asiatic Region;Wolters Kluwer Medknow Publications;2006-2026;"Surgery (Q1); Cardiology and Cardiovascular Medicine (Q2); Pulmonary and Respiratory Medicine (Q2)";Medicine
154;22490;Blood Pressure;journal;16511999, 08037051;Taylor and Francis Ltd.;Yes;No;0,694;Q2;59;59;140;1881;332;110;2,44;31,88;44;0;United Kingdom;Western Europe;Taylor and Francis Ltd.;1992-2026;"Cardiology and Cardiovascular Medicine (Q2); Internal Medicine (Q2); Medicine (miscellaneous) (Q2)";Medicine
155;20518;Seminars in Thoracic and Cardiovascular Surgery: Pediatric Cardiac Surgery Annual;journal;10929126, 18764665;W.B. Saunders;No;No;0,692;Q2;50;20;35;674;75;32;2,36;33,7;28,57;0;United States;Northern America;W.B. Saunders;2001-2025;"Surgery (Q1); Cardiology and Cardiovascular Medicine (Q2); Pediatrics, Perinatology and Child Health (Q2)";Medicine
156;23884;Journal of Stroke and Cerebrovascular Diseases;journal;10523057, 15328511;W.B. Saunders;Yes;No;0,69;Q2;89;394;1440;13388;3166;1382;2,14;33,98;38,66;0;United States;Northern America;W.B. Saunders;1991-2026;"Rehabilitation (Q1); Surgery (Q1); Cardiology and Cardiovascular Medicine (Q2); Neurology (clinical) (Q2)";Medicine
157;144938;Diagnostic and Interventional Radiology;journal;13053825, 13053612;Galenos Publishing House;Yes;No;0,686;Q2;61;81;266;2365;651;252;2,55;29,2;34,68;0;Turkey;Middle East;Galenos Publishing House;2005-2026;"Cardiology and Cardiovascular Medicine (Q2); Radiology, Nuclear Medicine and Imaging (Q2)";Medicine
158;9500154000;Current Cardiology Reviews;journal;1573403X, 18756557;Bentham Science Publishers;No;No;0,681;Q2;68;65;177;5559;488;165;2,69;85,52;29,47;0;United Arab Emirates;Middle East;Bentham Science Publishers;2006-2026;"Cardiology and Cardiovascular Medicine (Q2); Medicine (miscellaneous) (Q2)";Medicine
159;145617;Cardiovascular Revascularization Medicine;journal;18780938, 15538389;Elsevier Inc.;No;No;0,679;Q2;50;338;996;8062;1263;648;1,24;23,85;18,82;2;United States;Northern America;Elsevier Inc.;2005-2026;"Cardiology and Cardiovascular Medicine (Q2); Medicine (miscellaneous) (Q2)";Medicine
160;3900148210;Evidence and Policy;journal;17442648, 17442656;Policy Press;No;No;0,677;Q2;51;29;113;1489;347;109;2,94;51,34;54,78;0;United Kingdom;Western Europe;Policy Press;2006-2025;"Social Sciences (miscellaneous) (Q1); Cardiology and Cardiovascular Medicine (Q2); Orthopedics and Sports Medicine (Q2); Physiology (Q3)";"Biochemistry, Genetics and Molecular Biology; Medicine; Social Sciences"
161;7200153154;Cardiology Journal;journal;1898018X, 18975593;Via Medica;Yes;No;0,676;Q2;50;99;418;2529;715;284;1,67;25,55;31,15;0;Poland;Eastern Europe;Via Medica;2006-2026;"Cardiology and Cardiovascular Medicine (Q2); Medicine (miscellaneous) (Q2)";Medicine
162;22981;Journal of Cardiovascular Pharmacology;journal;15334023, 01602446;Lippincott Williams and Wilkins;No;No;0,676;Q2;113;140;471;5102;977;412;2,09;36,44;41,96;0;United States;Northern America;Lippincott Williams and Wilkins;1979-2026;"Cardiology and Cardiovascular Medicine (Q2); Medicine (miscellaneous) (Q2); Pharmacology (Q2)";"Medicine; Pharmacology, Toxicology and Pharmaceutics"
163;21100870833;Journal of Cardiovascular Imaging;journal;25867210, 25867296;BioMed Central Ltd;Yes;No;0,669;Q2;29;16;133;768;137;64;1,04;48;30,85;0;United Kingdom;Western Europe;BioMed Central Ltd;2018-2026;"Cardiology and Cardiovascular Medicine (Q2); Radiology, Nuclear Medicine and Imaging (Q2)";Medicine
164;20492;Annals of Vascular Surgery;journal;16155947, 08905096;Elsevier Inc.;No;No;0,668;Q2;90;519;1422;14221;2572;1370;1,82;27,4;29,61;0;United States;Northern America;Elsevier Inc.;1986-2026;"Cardiology and Cardiovascular Medicine (Q2); Medicine (miscellaneous) (Q2); Surgery (Q2)";Medicine
165;23138;Current Opinion in Cardiology;journal;02684705, 15317080;Lippincott Williams and Wilkins;No;No;0,661;Q2;90;76;236;3292;455;221;2,01;43,32;31,67;0;United States;Northern America;Lippincott Williams and Wilkins;1987-2026;Cardiology and Cardiovascular Medicine (Q2);Medicine
166;17193;Interventional Neuroradiology;journal;15910199, 23852011;SAGE Publications Inc.;No;No;0,661;Q2;48;402;681;9740;1358;650;1,96;24,23;21,4;4;Italy;Western Europe;SAGE Publications Inc.;1996-2026;"Cardiology and Cardiovascular Medicine (Q2); Neurology (clinical) (Q2); Radiology, Nuclear Medicine and Imaging (Q2)";Medicine
167;25913;Clinical Hemorheology and Microcirculation;journal;18758622, 13860291;SAGE Publications Ltd;No;No;0,66;Q2;65;55;362;175;596;357;1,6;3,18;43,54;0;United Kingdom;Western Europe;SAGE Publications Ltd;1991-2025;"Cardiology and Cardiovascular Medicine (Q2); Hematology (Q2); Physiology (Q3); Physiology (medical) (Q3)";"Biochemistry, Genetics and Molecular Biology; Medicine"
168;20579;Revista Espanola de Cardiologia;journal;15792242, 03008932;Ediciones Doyma, S.L.;No;Yes;0,66;Q2;85;221;667;3737;1036;617;1,58;16,91;38,13;0;Spain;Western Europe;Ediciones Doyma, S.L.;1961-2026;Cardiology and Cardiovascular Medicine (Q2);Medicine
169;23205;Expert Review of Cardiovascular Therapy;journal;17448344, 14779072;Taylor and Francis Ltd.;No;No;0,655;Q2;68;90;245;5273;547;210;2,36;58,59;23,71;0;United Kingdom;Western Europe;Taylor and Francis Ltd.;2003-2026;"Cardiology and Cardiovascular Medicine (Q2); Internal Medicine (Q2); Medicine (miscellaneous) (Q2)";Medicine
170;19400158822;Cardiovascular Intervention and Therapeutics;journal;18684297, 18684300;Springer;Yes;No;0,654;Q2;33;167;277;2945;530;206;2,33;17,63;11,8;0;Japan;Asiatic Region;Springer;2010-2026;"Cardiology and Cardiovascular Medicine (Q2); Medicine (miscellaneous) (Q2); Radiology, Nuclear Medicine and Imaging (Q2)";Medicine
171;14857;Cerebrovascular Diseases;journal;14219786, 10159770;S. Karger AG;No;No;0,653;Q2;126;194;264;5785;596;255;2,28;29,82;37,6;1;Switzerland;Western Europe;S. Karger AG;1987-1988, 1991-2026;"Cardiology and Cardiovascular Medicine (Q2); Medicine (miscellaneous) (Q2); Neurology (clinical) (Q2); Neurology (Q3)";"Medicine; Neuroscience"
172;5000154607;Hellenic Journal of Cardiology;journal;22415955, 11099666;Hellenic Cardiological Society;Yes;Yes;0,651;Q2;40;145;283;4410;535;203;1,91;30,41;30,94;0;Greece;Western Europe;Hellenic Cardiological Society;1993, 2005-2006, 2008, 2012-2026;Cardiology and Cardiovascular Medicine (Q2);Medicine
173;23899;Journal of Thrombosis and Thrombolysis;journal;1573742X, 09295305;Springer;No;No;0,65;Q2;86;168;513;6958;1062;476;2,09;41,42;38,61;0;United States;Northern America;Springer;1994-2026;"Cardiology and Cardiovascular Medicine (Q2); Hematology (Q2)";Medicine
174;23235;Heart Lung and Circulation;journal;14442892, 14439506;Elsevier Ltd;No;No;0,649;Q2;67;208;681;5752;1185;545;1,79;27,65;32,71;3;United Kingdom;Western Europe;Elsevier Ltd;2000-2026;"Cardiology and Cardiovascular Medicine (Q2); Pulmonary and Respiratory Medicine (Q2)";Medicine
175;19991;Kidney and Blood Pressure Research;journal;14230143, 14204096;S. Karger AG;Yes;No;0,646;Q2;67;64;254;3252;592;253;2,03;50,81;48,76;0;Switzerland;Western Europe;S. Karger AG;1978-2026;"Cardiology and Cardiovascular Medicine (Q2); Nephrology (Q2)";Medicine
176;19038;Microcirculation;journal;10739688, 15498719;Wiley-Blackwell;No;No;0,646;Q2;99;39;119;2099;267;117;2,44;53,82;39;0;United States;Northern America;Wiley-Blackwell;1981-1982, 1994-2026;"Cardiology and Cardiovascular Medicine (Q2); Molecular Biology (Q3); Physiology (Q3); Physiology (medical) (Q3)";"Biochemistry, Genetics and Molecular Biology; Medicine"
177;23849;Journal of Cardiovascular Nursing;journal;08894655, 15505049;Lippincott Williams and Wilkins Ltd.;No;No;0,639;Q2;76;170;274;7128;622;250;2,05;41,93;66,28;0;United States;Northern America;Lippincott Williams and Wilkins Ltd.;1986-2026;"Advanced and Specialized Nursing (Q1); Cardiology and Cardiovascular Medicine (Q2)";"Medicine; Nursing"
178;20560;Reviews in Cardiovascular Medicine;journal;15306550, 21538174;IMR Press Limited;Yes;No;0,635;Q2;51;478;1252;30375;3000;1233;2,3;63,55;37,75;0;United States;Northern America;IMR Press Limited;2000-2026;"Cardiology and Cardiovascular Medicine (Q2); Medicine (miscellaneous) (Q2)";Medicine
179;20668;Vasa - European Journal of Vascular Medicine;journal;16642872, 03011526;Hogrefe Publishing;Yes;No;0,634;Q2;49;76;177;3100;438;137;2,97;40,79;31,13;0;Switzerland;Western Europe;Hogrefe Publishing;1972-2026;Cardiology and Cardiovascular Medicine (Q2);Medicine
180;21100984844;World Journal of Cardiology;journal;19498462;Baishideng Publishing Group Inc;Yes;No;0,628;Q2;23;146;217;8098;561;211;2,25;55,47;33,56;0;United States;Northern America;Baishideng Publishing Group Inc;2010, 2015-2018, 2020-2026;Cardiology and Cardiovascular Medicine (Q2);Medicine
181;21101090593;JVS-Vascular Science;journal;26663503;Elsevier Inc.;Yes;No;0,614;Q2;16;25;105;1087;195;86;1,82;43,48;32,96;0;United States;Northern America;Elsevier Inc.;2020-2026;Cardiology and Cardiovascular Medicine (Q2);Medicine
182;21100784723;Cardiovascular Diagnosis and Therapy;journal;22233660, 22233652;AME Publishing Company;No;No;0,611;Q2;54;104;290;4172;643;267;2,02;40,12;37,96;0;Hong Kong;Asiatic Region;AME Publishing Company;2016-2026;Cardiology and Cardiovascular Medicine (Q2);Medicine
183;21100904986;CJC Open;journal;2589790X;Elsevier Inc.;Yes;No;0,611;Q2;27;226;486;5979;850;471;1,63;26,46;33,47;0;United States;Northern America;Elsevier Inc.;2019-2026;Cardiology and Cardiovascular Medicine (Q2);Medicine
184;4000148704;Heart Failure Clinics;journal;15517136;Elsevier Inc.;No;No;0,608;Q2;57;59;173;3332;329;148;1,35;56,47;34,38;0;United States;Northern America;Elsevier Inc.;2005-2026;"Cardiology and Cardiovascular Medicine (Q2); Medicine (miscellaneous) (Q2)";Medicine
185;12392;Lymphatic Research and Biology;journal;15578585, 15396851;Mary Ann Liebert Inc.;No;No;0,607;Q2;60;66;204;1718;382;179;1,78;26,03;57,55;0;United States;Northern America;Mary Ann Liebert Inc.;2003-2026;Cardiology and Cardiovascular Medicine (Q2);Medicine
186;19700166405;Methodist DeBakey Cardiovascular Journal;journal;19476108, 19476094;Houston Methodist Debakey Heart and Vascular Center;Yes;Yes;0,604;Q2;43;87;236;2504;439;219;1,52;28,78;31,4;0;United States;Northern America;Houston Methodist Debakey Heart and Vascular Center;2009-2026;"Cardiology and Cardiovascular Medicine (Q2); Medicine (miscellaneous) (Q2); Surgery (Q2)";Medicine
187;23155;Current Vascular Pharmacology;journal;15701611, 18756212;Bentham Science Publishers;No;No;0,601;Q2;76;66;154;4720;273;120;2,06;71,52;27,18;0;United Arab Emirates;Middle East;Bentham Science Publishers;2003-2025;"Cardiology and Cardiovascular Medicine (Q2); Pharmacology (Q3)";"Medicine; Pharmacology, Toxicology and Pharmaceutics"
188;21101052761;Mediastinum;journal;25226711;AME Publishing Company;No;No;0,594;Q2;15;44;100;1384;227;83;2,61;31,45;30,39;0;China;Asiatic Region;AME Publishing Company;2019-2025;"Cardiology and Cardiovascular Medicine (Q2); Medicine (miscellaneous) (Q2); Pulmonary and Respiratory Medicine (Q2); Radiology, Nuclear Medicine and Imaging (Q2); Endocrinology, Diabetes and Metabolism (Q3); Oncology (Q3)";Medicine
189;23831;Journal of Cardiothoracic and Vascular Anesthesia;journal;10530770, 15328422;W.B. Saunders;No;No;0,587;Q2;103;552;1698;17141;2851;1138;1,6;31,05;34,25;1;United States;Northern America;W.B. Saunders;1991-2026;"Anesthesiology and Pain Medicine (Q2); Cardiology and Cardiovascular Medicine (Q2)";Medicine
190;20526;Pediatric Cardiology;journal;01720643, 14321971;Springer;No;No;0,586;Q2;90;521;706;12817;1268;668;1,8;24,6;45,31;0;United States;Northern America;Springer;1979-1980, 1982-2026;"Cardiology and Cardiovascular Medicine (Q2); Pediatrics, Perinatology and Child Health (Q2)";Medicine
191;23880;Journal of Interventional Cardiology;journal;08964327, 15408183;John Wiley and Sons Inc;Yes;No;0,585;Q2;62;39;143;1098;291;143;1,43;28,15;26,91;0;China;Asiatic Region;John Wiley and Sons Inc;1988-2026;"Cardiology and Cardiovascular Medicine (Q2); Radiology, Nuclear Medicine and Imaging (Q2)";Medicine
192;22522;Cardiology (Switzerland);journal;00086312, 14219751;S. Karger AG;No;No;0,576;Q2;78;150;235;4930;376;186;1,55;32,87;37,29;0;Switzerland;Western Europe;S. Karger AG;1937-2026;"Cardiology and Cardiovascular Medicine (Q2); Pharmacology (medical) (Q3)";Medicine
193;19700175065;Integrated Blood Pressure Control;journal;11787104;Dove Medical Press Ltd;Yes;No;0,575;Q2;32;0;30;0;64;25;1,8;0;0;0;New Zealand;Pacific Region;Dove Medical Press Ltd;2009-2024;"Cardiology and Cardiovascular Medicine (Q2); Internal Medicine (Q2)";Medicine
194;4400151609;Journal of Cardiovascular Medicine;journal;15582027, 15582035;Lippincott Williams and Wilkins;No;No;0,571;Q2;62;123;447;3181;785;367;2,17;25,86;37,82;0;United States;Northern America;Lippincott Williams and Wilkins;2006-2026;"Cardiology and Cardiovascular Medicine (Q2); Medicine (miscellaneous) (Q2)";Medicine
195;23901;Journal of Vascular Research;journal;10181172, 14230135;S. Karger AG;No;No;0,549;Q2;85;38;87;1800;167;86;1,27;47,37;41,54;0;Switzerland;Western Europe;S. Karger AG;1964-2026;"Cardiology and Cardiovascular Medicine (Q2); Physiology (Q3)";"Biochemistry, Genetics and Molecular Biology; Medicine"
196;23221;Heart and Vessels;journal;16152573, 09108327;Springer;No;No;0,546;Q2;57;173;527;3941;808;499;1,57;22,78;17,45;1;Japan;Asiatic Region;Springer;1985-2026;Cardiology and Cardiovascular Medicine (Q2);Medicine
197;23754;Indian Heart Journal;journal;22133763, 00194832;Elsevier B.V.;Yes;Yes;0,54;Q2;56;94;283;2833;570;267;2,08;30,14;23,34;0;Netherlands;Western Europe;Elsevier B.V.;1961, 1964-2026;Cardiology and Cardiovascular Medicine (Q2);Medicine
198;33067;Arquivos Brasileiros de Cardiologia;journal;0066782X, 16784170;Sociedade Brasileira de Cardiologia;Yes;Yes;0,537;Q2;69;277;908;5516;964;469;1,01;19,91;35,67;0;Brazil;Latin America;Sociedade Brasileira de Cardiologia;1950-2026;Cardiology and Cardiovascular Medicine (Q2);Medicine
199;21101080185;Thrombosis Update;journal;26665727;Elsevier B.V.;Yes;No;0,53;Q2;11;31;93;1071;123;81;1,29;34,55;43,9;0;Netherlands;Western Europe;Elsevier B.V.;2020-2026;"Cardiology and Cardiovascular Medicine (Q2); Hematology (Q3)";Medicine
200;37971;International Journal of Cardiovascular Imaging;journal;18758312, 15695794;Springer Science and Business Media B.V.;No;No;0,529;Q2;73;296;871;7819;1406;768;1,7;26,42;31;1;Netherlands;Western Europe;Springer Science and Business Media B.V.;1988, 1994, 1996, 1998, 2000-2026;"Cardiology and Cardiovascular Medicine (Q2); Radiology, Nuclear Medicine and Imaging (Q2)";Medicine
201;21101209858;Cardiovascular Innovations and Applications;journal;20098782, 20098618;Compuscript Ltd;Yes;Yes;0,526;Q2;10;46;178;2017;336;167;1,95;43,85;45,74;0;Ireland;Western Europe;Compuscript Ltd;2016-2017, 2020-2025;Cardiology and Cardiovascular Medicine (Q2);Medicine
202;21100222301;Journal of Arrhythmia;journal;18832148, 18804276;"John Wiley &amp; Sons Inc.";Yes;No;0,526;Q2;40;291;494;5371;690;362;1,35;18,46;17,8;0;Netherlands;Western Europe;"John Wiley &amp; Sons Inc.";2005-2026;Cardiology and Cardiovascular Medicine (Q2);Medicine
203;21101304520;Blood Vessels, Thrombosis and Hemostasis;journal;29503272;Elsevier B.V.;Yes;No;0,518;Q2;3;77;29;2897;37;29;1,28;37,62;44,26;0;Netherlands;Western Europe;Elsevier B.V.;2024-2026;"Cardiology and Cardiovascular Medicine (Q2); Surgery (Q2); Hematology (Q3); Oncology (Q3)";Medicine
204;21101195979;Interdisciplinary Cardiovascular and Thoracic Surgery;journal;2753670X;Oxford University Press;Yes;No;0,516;Q2;79;313;853;7549;1401;770;1,47;24,12;22,76;0;United Kingdom;Western Europe;Oxford University Press;2023-2026;"Cardiology and Cardiovascular Medicine (Q2); Surgery (Q2); Pulmonary and Respiratory Medicine (Q3)";Medicine
205;21100873333;Cardiovascular Endocrinology and Metabolism;journal;25740954;Lippincott Williams and Wilkins;Yes;No;0,512;Q2;22;21;58;746;66;49;1,33;35,52;31,25;0;United States;Northern America;Lippincott Williams and Wilkins;2018-2025;"Cardiology and Cardiovascular Medicine (Q2); Endocrinology, Diabetes and Metabolism (Q3)";Medicine
206;19600166325;Cardiovascular Engineering and Technology;journal;1869408X, 18694098;Springer;No;No;0,498;Q2;43;54;196;2044;516;195;2,56;37,85;31;0;United States;Northern America;Springer;2010-2026;"Cardiology and Cardiovascular Medicine (Q2); Biomedical Engineering (Q3)";"Engineering; Medicine"
207;20701;Acta Cardiologica Sinica;journal;10116842;Republic of China Society of Cardiology;No;No;0,496;Q2;32;89;281;2430;422;171;1,55;27,3;33,52;0;Taiwan;Asiatic Region;Republic of China Society of Cardiology;1988-2026;Cardiology and Cardiovascular Medicine (Q2);Medicine
208;20528;Perfusion (United Kingdom);journal;1477111X, 02676591;SAGE Publications Ltd;No;No;0,493;Q3;58;345;630;8789;1084;582;1,73;25,48;31,99;3;United Kingdom;Western Europe;SAGE Publications Ltd;1986-2026;"Advanced and Specialized Nursing (Q1); Radiology, Nuclear Medicine and Imaging (Q2); Safety Research (Q2); Cardiology and Cardiovascular Medicine (Q3); Medicine (miscellaneous) (Q3)";"Medicine; Nursing; Social Sciences"
209;21101023028;CVIR Endovascular;journal;25208934;Springer Science and Business Media Deutschland GmbH;Yes;No;0,489;Q3;20;122;219;2374;404;210;1,99;19,46;24,45;0;Switzerland;Western Europe;Springer Science and Business Media Deutschland GmbH;2018-2026;"Radiology, Nuclear Medicine and Imaging (Q2); Cardiology and Cardiovascular Medicine (Q3)";Medicine
210;20516;PACE - Pacing and Clinical Electrophysiology;journal;01478389, 15408159;John Wiley and Sons Inc;No;No;0,489;Q3;115;199;674;4482;900;646;1,26;22,52;26,49;0;United States;Northern America;John Wiley and Sons Inc;1978-2026;"Cardiology and Cardiovascular Medicine (Q3); Medicine (miscellaneous) (Q3)";Medicine
211;19900192104;Cardiology Research and Practice;journal;20900597, 20908016;John Wiley and Sons Ltd;Yes;No;0,488;Q3;52;44;118;1777;264;118;2,02;40,39;38,93;0;United Kingdom;Western Europe;John Wiley and Sons Ltd;2010-2026;Cardiology and Cardiovascular Medicine (Q3);Medicine
212;23850;Journal of Cardiovascular Surgery;journal;1827191X, 00219509;Edizioni Minerva Medica;No;No;0,483;Q3;61;74;259;2502;339;229;1,24;33,81;25;0;Italy;Western Europe;Edizioni Minerva Medica;1960-2025;"Surgery (Q2); Cardiology and Cardiovascular Medicine (Q3); Medicine (miscellaneous) (Q3)";Medicine
213;21101140334;Heart and Mind;journal;24686476, 24686484;Wolters Kluwer Medknow Publications;Yes;Yes;0,481;Q3;12;67;136;3817;237;106;1,9;56,97;38,32;0;India;Asiatic Region;Wolters Kluwer Medknow Publications;2017-2026;"Clinical Psychology (Q2); Cardiology and Cardiovascular Medicine (Q3); Neurology (clinical) (Q3); Psychiatry and Mental Health (Q3)";"Medicine; Psychology"
214;22265;Scandinavian Cardiovascular Journal;journal;16512006, 14017431;Taylor and Francis Ltd.;No;No;0,481;Q3;52;28;139;847;208;130;1,51;30,25;34,19;0;United Kingdom;Western Europe;Taylor and Francis Ltd.;1967-2026;"Cardiology and Cardiovascular Medicine (Q3); Medicine (miscellaneous) (Q3)";Medicine
215;22530;Cardiology in Review;journal;10615377, 15384683;Lippincott Williams and Wilkins;No;No;0,474;Q3;70;320;271;15846;444;258;1,52;49,52;32,06;0;United States;Northern America;Lippincott Williams and Wilkins;1995-2026;"Cardiology and Cardiovascular Medicine (Q3); Medicine (miscellaneous) (Q3)";Medicine
216;21100403271;Anatolian Journal of Cardiology;journal;21492271, 21492263;Turkish Society of Cardiology;Yes;Yes;0,471;Q3;42;157;475;2659;544;316;1,2;16,94;35,87;0;Turkey;Middle East;Turkish Society of Cardiology;2015-2026;Cardiology and Cardiovascular Medicine (Q3);Medicine
217;22529;Cardiology Clinics;journal;07338651, 15582264;W.B. Saunders;No;No;0,465;Q3;68;63;164;3751;256;139;1,24;59,54;43,27;0;United States;Northern America;W.B. Saunders;1983-2026;"Cardiology and Cardiovascular Medicine (Q3); Medicine (miscellaneous) (Q3)";Medicine
218;23903;Kardiologia Polska;journal;00229032, 18974279;Via Medica;Yes;No;0,465;Q3;50;306;875;5232;1146;701;1,5;17,1;32,59;0;Poland;Eastern Europe;Via Medica;1954-1955, 1961-1994, 1996-2026;Cardiology and Cardiovascular Medicine (Q3);Medicine
219;21101131038;Cardiology Plus;journal;2470752X, 24707511;Lippincott Williams and Wilkins;Yes;Yes;0,464;Q3;9;28;101;1324;202;89;2,3;47,29;44,44;0;United States;Northern America;Lippincott Williams and Wilkins;2016, 2022-2026;Cardiology and Cardiovascular Medicine (Q3);Medicine
220;17891;Seminars in Interventional Radiology;journal;10988963, 07399529;Thieme Medical Publishers, Inc.;No;No;0,461;Q3;67;84;225;3167;361;214;1,11;37,7;27,65;0;United States;Northern America;Thieme Medical Publishers, Inc.;1984-2026;"Cardiology and Cardiovascular Medicine (Q3); Radiology, Nuclear Medicine and Imaging (Q3)";Medicine
221;15900;Journal of Extra-Corporeal Technology;journal;00221058, 29698960;EDP Sciences;Yes;No;0,457;Q3;45;56;117;949;172;94;1,29;16,95;34,09;0;France;Western Europe;EDP Sciences;1966, 1974-2025;"Health Professions (miscellaneous) (Q2); Cardiology and Cardiovascular Medicine (Q3); Medicine (miscellaneous) (Q3)";"Health Professions; Medicine"
222;21100396116;Cerebrovascular Diseases Extra;journal;16645456;S. Karger AG;Yes;No;0,455;Q3;25;25;61;722;147;59;1,91;28,88;34,81;0;Switzerland;Western Europe;S. Karger AG;2015-2026;"Cardiology and Cardiovascular Medicine (Q3); Neurology (Q3); Neurology (clinical) (Q3)";"Medicine; Neuroscience"
223;23097;Coronary Artery Disease;journal;09546928, 14735830;Lippincott Williams and Wilkins;No;No;0,455;Q3;71;167;367;3174;530;301;1,75;19,01;24,86;0;United States;Northern America;Lippincott Williams and Wilkins;1990-2026;"Cardiology and Cardiovascular Medicine (Q3); Medicine (miscellaneous) (Q3)";Medicine
224;23758;International Angiology;journal;03929590, 18271839;Edizioni Minerva Medica S.p.A.;No;No;0,455;Q3;67;55;185;2272;290;177;1,56;41,31;30,3;0;Italy;Western Europe;Edizioni Minerva Medica S.p.A.;1984-2026;Cardiology and Cardiovascular Medicine (Q3);Medicine
225;5300152705;General Thoracic and Cardiovascular Surgery;journal;18636705, 18636713;Springer;No;No;0,452;Q3;53;133;361;3027;530;345;1,62;22,76;16,24;0;Japan;Asiatic Region;Springer;2007-2026;"Surgery (Q2); Cardiology and Cardiovascular Medicine (Q3); Medicine (miscellaneous) (Q3); Pulmonary and Respiratory Medicine (Q3)";Medicine
226;20531;Phlebology;journal;17581125, 02683555;SAGE Publications Ltd;No;No;0,452;Q3;64;136;272;3517;385;238;1,37;25,86;34,8;0;United Kingdom;Western Europe;SAGE Publications Ltd;1986-2026;"Cardiology and Cardiovascular Medicine (Q3); Medicine (miscellaneous) (Q3)";Medicine
227;19900191621;US Cardiology Review;journal;17583896, 1758390X;;Yes;No;0,45;Q3;10;21;67;626;114;66;1,98;29,81;39,19;0;United Kingdom;Western Europe;;2011-2012, 2016-2026;Cardiology and Cardiovascular Medicine (Q3);Medicine
228;21100852983;Cardiology Research;journal;19232837, 19232829;Elmer Press;No;No;0,449;Q3;16;62;155;2007;243;152;1,38;32,37;32,15;0;Canada;Northern America;Elmer Press;2013-2016, 2018-2025;Cardiology and Cardiovascular Medicine (Q3);Medicine
229;5800179605;Journal of Cardiothoracic Surgery;journal;17498090;BioMed Central Ltd;Yes;No;0,449;Q3;65;478;1378;12781;2314;1362;1,62;26,74;35,16;1;United Kingdom;Western Europe;BioMed Central Ltd;2006-2026;"Surgery (Q2); Cardiology and Cardiovascular Medicine (Q3); Medicine (miscellaneous) (Q3); Pulmonary and Respiratory Medicine (Q3)";Medicine
230;7200153133;Clinica e Investigacion en Arteriosclerosis;journal;02149168, 15781879;Sociedad Espanola de Arteriosclerosis;No;No;0,444;Q3;26;55;126;2384;214;126;1,71;43,35;46,2;0;Spain;Western Europe;Sociedad Espanola de Arteriosclerosis;2007-2026;"Cardiology and Cardiovascular Medicine (Q3); Pharmacology (medical) (Q3)";Medicine
231;21100197949;Interventional Cardiology Clinics;journal;22117458, 22117466;Elsevier Inc.;No;No;0,443;Q3;25;61;174;2531;176;141;1,02;41,49;34,71;0;United States;Northern America;Elsevier Inc.;2012-2026;Cardiology and Cardiovascular Medicine (Q3);Medicine
232;22396;Acta Myologica;journal;25321900, 11282460;Pacini Editore Srl;Yes;No;0,441;Q3;41;27;65;608;94;62;1,19;22,52;57,63;0;Italy;Western Europe;Pacini Editore Srl;1997-2025;"Cardiology and Cardiovascular Medicine (Q3); Medicine (miscellaneous) (Q3)";Medicine
233;22146;Operative Techniques in Thoracic and Cardiovascular Surgery;journal;15328627, 15222942;W.B. Saunders;No;No;0,431;Q3;22;42;118;459;66;79;0,58;10,93;22,76;0;United States;Northern America;W.B. Saunders;1998-2026;"Surgery (Q2); Cardiology and Cardiovascular Medicine (Q3); Pulmonary and Respiratory Medicine (Q3)";Medicine
234;16598;Cardiovascular Ultrasound;journal;14767120;BioMed Central Ltd;Yes;No;0,43;Q3;62;24;63;835;130;63;1,81;34,79;35,15;0;United Kingdom;Western Europe;BioMed Central Ltd;2003-2026;"Cardiology and Cardiovascular Medicine (Q3); Medicine (miscellaneous) (Q3); Radiology, Nuclear Medicine and Imaging (Q3)";Medicine
235;19248;Thoracic and Cardiovascular Surgeon;journal;14391902, 01716425;Georg Thieme Verlag;No;No;0,428;Q3;61;96;319;2051;432;279;1,28;21,36;25,05;0;Germany;Western Europe;Georg Thieme Verlag;1973-2026;"Surgery (Q2); Cardiology and Cardiovascular Medicine (Q3); Pulmonary and Respiratory Medicine (Q3)";Medicine
236;7100153108;Innovations: Technology and Techniques in Cardiothoracic and Vascular Surgery;journal;15569845, 15590879;SAGE Publications Ltd;No;No;0,426;Q3;37;121;327;2032;350;251;0,99;16,79;23,03;0;United Kingdom;Western Europe;SAGE Publications Ltd;2005-2026;"Surgery (Q2); Cardiology and Cardiovascular Medicine (Q3); Medicine (miscellaneous) (Q3); Pulmonary and Respiratory Medicine (Q3)";Medicine
237;23881;Journal of Invasive Cardiology;journal;15572501, 10423931;Cliggott Publishing Co.;No;No;0,423;Q3;67;85;390;807;369;336;0,84;9,49;21,27;0;United States;Northern America;Cliggott Publishing Co.;1990-2025;"Cardiology and Cardiovascular Medicine (Q3); Medicine (miscellaneous) (Q3); Radiology, Nuclear Medicine and Imaging (Q3)";Medicine
238;21101128172;AsiaIntervention;journal;24263958, 24910929;Europa Group;No;No;0,422;Q3;9;38;109;499;91;74;0,7;13,13;13,07;0;France;Western Europe;Europa Group;2019-2025;Cardiology and Cardiovascular Medicine (Q3);Medicine
239;23251;Herz;journal;16156692, 03409937;Springer Medizin;No;No;0,422;Q3;58;70;208;2265;290;189;1,41;32,36;29,06;0;Germany;Western Europe;Springer Medizin;1978-2026;Cardiology and Cardiovascular Medicine (Q3);Medicine
240;21101178239;International Journal of Cardiology Congenital Heart Disease;journal;26666685;Elsevier B.V.;Yes;No;0,416;Q3;12;90;202;3006;274;184;1,38;33,4;42,86;0;Netherlands;Western Europe;Elsevier B.V.;2020-2026;Cardiology and Cardiovascular Medicine (Q3);Medicine
241;19500157005;Cardiac Electrophysiology Clinics;journal;18779182, 18779190;W.B. Saunders;No;No;0,413;Q3;30;66;198;3010;209;162;0,94;45,61;28,39;0;United States;Northern America;W.B. Saunders;2009-2026;"Cardiology and Cardiovascular Medicine (Q3); Physiology (medical) (Q3)";Medicine
242;23827;Journal of Cardiac Surgery;journal;08860440, 15408191;John Wiley and Sons Inc;No;No;0,413;Q3;71;60;1226;1538;1091;839;0,41;25,63;23,39;0;United States;Northern America;John Wiley and Sons Inc;1986-2026;"Surgery (Q2); Cardiology and Cardiovascular Medicine (Q3); Pulmonary and Respiratory Medicine (Q3)";Medicine
243;21101306239;JHLT Open;journal;29501334;Elsevier B.V.;Yes;No;0,412;Q3;6;232;144;7653;190;137;1,32;32,99;36,98;2;Netherlands;Western Europe;Elsevier B.V.;2023-2026;"Cardiology and Cardiovascular Medicine (Q3); Medicine (miscellaneous) (Q3); Pulmonary and Respiratory Medicine (Q3)";Medicine
244;21100215168;International Journal of Vascular Medicine;journal;20902824, 20902832;John Wiley and Sons Ltd;Yes;No;0,411;Q3;38;11;13;394;25;13;0,71;35,82;26,53;0;United Kingdom;Western Europe;John Wiley and Sons Ltd;2010-2026;Cardiology and Cardiovascular Medicine (Q3);Medicine
245;21100199758;Egyptian Heart Journal;journal;2090911X, 11102608;Springer Science and Business Media Deutschland GmbH;Yes;Yes;0,406;Q3;23;112;344;3462;537;335;1,53;30,91;28,79;0;Germany;Western Europe;Springer Science and Business Media Deutschland GmbH;2011-2026;Cardiology and Cardiovascular Medicine (Q3);Medicine
246;21101047190;Journal of Chest Surgery;journal;27651614, 27651606;Korean Society for Thoracic and Cardiovascular Surgery;Yes;Yes;0,402;Q3;11;46;238;710;310;227;1,25;15,43;26,98;0;South Korea;Asiatic Region;Korean Society for Thoracic and Cardiovascular Surgery;2021-2026;"Surgery (Q2); Cardiology and Cardiovascular Medicine (Q3); Pulmonary and Respiratory Medicine (Q3)";Medicine
247;21977;Acta Cardiologica;journal;00015385, 03737934;Taylor and Francis Ltd.;Yes;No;0,398;Q3;46;221;543;4727;758;407;1,39;21,39;31,81;0;Belgium;Western Europe;Taylor and Francis Ltd.;1946-2026;"Cardiology and Cardiovascular Medicine (Q3); Medicine (miscellaneous) (Q3)";Medicine
248;21101044878;Minerva Cardiology and Angiology;journal;27245683, 27245772;Edizioni Minerva Medica S.p.A.;No;No;0,394;Q3;31;86;249;3468;281;207;1,24;40,33;37,63;0;Italy;Western Europe;Edizioni Minerva Medica S.p.A.;2021-2025;Cardiology and Cardiovascular Medicine (Q3);Medicine
249;21100853503;Journal of Cardiovascular and Thoracic Research;journal;20086830, 20085117;Tabriz University of Medical Sciences;Yes;Yes;0,393;Q3;19;43;130;1225;178;124;1,44;28,49;36,67;0;Iran;Middle East;Tabriz University of Medical Sciences;2016, 2018-2025;Cardiology and Cardiovascular Medicine (Q3);Medicine
250;20671;Vascular;journal;1708539X, 17085381;SAGE Publications Ltd;No;No;0,393;Q3;62;234;539;5770;629;519;0,99;24,66;26,81;0;United Kingdom;Western Europe;SAGE Publications Ltd;1993-2026;"Surgery (Q2); Cardiology and Cardiovascular Medicine (Q3); Medicine (miscellaneous) (Q3); Radiology, Nuclear Medicine and Imaging (Q3)";Medicine
251;27215;Journal of Artificial Organs;journal;14347229, 16190904;Springer;No;No;0,392;Q3;47;77;163;2575;232;161;1,44;33,44;22,77;0;Japan;Asiatic Region;Springer;1998-2026;"Biomaterials (Q3); Biomedical Engineering (Q3); Cardiology and Cardiovascular Medicine (Q3); Medicine (miscellaneous) (Q3)";"Engineering; Materials Science; Medicine"
252;21101290579;Frontiers in Stroke;journal;28133056;Frontiers Media SA;Yes;No;0,386;Q3;5;43;100;1565;115;89;1,19;36,4;37,76;0;Switzerland;Western Europe;Frontiers Media SA;2022-2026;"Cardiology and Cardiovascular Medicine (Q3); Neurology (Q3); Neurology (clinical) (Q3); Rehabilitation (Q3)";"Medicine; Neuroscience"
253;3900148506;International Heart Journal;journal;13492365, 13493299;International Heart Journal Association;No;No;0,386;Q3;58;135;487;3873;636;455;1,26;28,69;21,5;0;Japan;Asiatic Region;International Heart Journal Association;2005-2026;"Cardiology and Cardiovascular Medicine (Q3); Medicine (miscellaneous) (Q3)";Medicine
254;4900152701;Brazilian Journal of Cardiovascular Surgery;journal;01027638, 16789741;Sociedade Brasileira de Cirurgia Cardiovascular;Yes;Yes;0,385;Q3;39;121;395;2450;484;335;1,15;20,25;22,3;0;Brazil;Latin America;Sociedade Brasileira de Cirurgia Cardiovascular;2006-2026;"Surgery (Q2); Cardiology and Cardiovascular Medicine (Q3); Medicine (miscellaneous) (Q3)";Medicine
255;23855;Journal of Electrocardiology;journal;00220736, 15328430;Elsevier B.V.;No;No;0,384;Q3;75;201;447;3938;669;415;1,61;19,59;29,16;0;United States;Northern America;Elsevier B.V.;1968-2026;Cardiology and Cardiovascular Medicine (Q3);Medicine
256;22445;Annals of Noninvasive Electrocardiology;journal;1082720X, 1542474X;Wiley-Blackwell Publishing Ltd;Yes;No;0,383;Q3;61;90;245;1575;288;235;0,95;17,5;36,12;0;United Kingdom;Western Europe;Wiley-Blackwell Publishing Ltd;1996-2026;"Cardiology and Cardiovascular Medicine (Q3); Medicine (miscellaneous) (Q3); Physiology (medical) (Q3)";Medicine
257;20605;Revista Portuguesa de Cardiologia;journal;08702551, 21742030;Sociedade Portuguesa de Cardiologia;Yes;Yes;0,383;Q3;34;127;517;3053;441;279;0,92;24,04;43,98;1;Portugal;Western Europe;Sociedade Portuguesa de Cardiologia;1970, 1982-2026;Cardiology and Cardiovascular Medicine (Q3);Medicine
258;17913;Techniques in Vascular and Interventional Radiology;journal;15579808, 10892516;W.B. Saunders;No;No;0,382;Q3;55;45;125;1645;186;115;1,57;36,56;25;0;United States;Northern America;W.B. Saunders;1998-2025;"Cardiology and Cardiovascular Medicine (Q3); Radiology, Nuclear Medicine and Imaging (Q3)";Medicine
259;95292;Annals of Thoracic and Cardiovascular Surgery;journal;21861005, 13411098;Japanese Association for Coronary Artery Surgery;Yes;No;0,381;Q3;51;55;175;1048;244;172;1,3;19,05;16,3;0;Japan;Asiatic Region;Japanese Association for Coronary Artery Surgery;1998-2026;"Cardiology and Cardiovascular Medicine (Q3); Gastroenterology (Q3); Medicine (miscellaneous) (Q3); Pulmonary and Respiratory Medicine (Q3); Surgery (Q3)";Medicine
260;6400153108;Artery Research;journal;18764401, 18729312;BioMed Central Ltd;Yes;No;0,38;Q3;26;29;44;1403;74;43;1,48;48,38;41,71;0;United Kingdom;Western Europe;BioMed Central Ltd;2006-2026;"Anatomy (Q2); Cardiology and Cardiovascular Medicine (Q3); Physiology (medical) (Q3)";Medicine
261;7200153146;Annals of Cardiac Anaesthesia;journal;09745181, 09719784;Wolters Kluwer Medknow Publications;Yes;Yes;0,378;Q3;43;116;321;1866;375;237;0,96;16,09;32,14;0;India;Asiatic Region;Wolters Kluwer Medknow Publications;2007-2026;"Anesthesiology and Pain Medicine (Q3); Cardiology and Cardiovascular Medicine (Q3); Medicine (miscellaneous) (Q3)";Medicine
262;21101361110;Therapeutic Advances in Pulmonary and Critical Care Medicine;journal;29768675;SAGE Publications Ltd;No;No;0,375;Q3;25;10;32;466;66;30;3,11;46,6;25;0;United Kingdom;Western Europe;SAGE Publications Ltd;2023-2025;"Cardiology and Cardiovascular Medicine (Q3); Pulmonary and Respiratory Medicine (Q3)";Medicine
263;21100332435;World Journal for Pediatric and Congenital Heart Surgery;journal;2150136X, 21501351;SAGE Publications Inc.;No;No;0,373;Q3;39;169;429;2905;392;376;0,82;17,19;31,14;0;United States;Northern America;SAGE Publications Inc.;2010-2026;"Cardiology and Cardiovascular Medicine (Q3); Medicine (miscellaneous) (Q3); Pediatrics, Perinatology and Child Health (Q3); Surgery (Q3)";Medicine
264;23159;Echocardiography;journal;07422822, 15408175;John Wiley and Sons Inc;No;No;0,364;Q3;77;313;693;8585;810;618;1,17;27,43;39,51;0;United States;Northern America;John Wiley and Sons Inc;1984-2026;"Cardiology and Cardiovascular Medicine (Q3); Medicine (miscellaneous) (Q3); Radiology, Nuclear Medicine and Imaging (Q3)";Medicine
265;21101304357;CJC Pediatric and Congenital Heart Disease;journal;27728129;Elsevier B.V.;Yes;No;0,36;Q3;6;67;42;1791;64;34;1,52;26,73;43,47;0;Netherlands;Western Europe;Elsevier B.V.;2024-2026;"Dentistry (miscellaneous) (Q2); Cardiology and Cardiovascular Medicine (Q3)";"Dentistry; Medicine"
266;21100977384;Vascular Specialist International;journal;22887989, 22887970;Korean Society for Vascular Surgery;Yes;Yes;0,358;Q3;12;39;131;845;133;119;1,15;21,67;21,09;0;South Korea;Asiatic Region;Korean Society for Vascular Surgery;2019-2026;"Cardiology and Cardiovascular Medicine (Q3); Surgery (Q3)";Medicine
267;21101330186;Cardiothoracic Surgeon;journal;26622203;Springer Science and Business Media Deutschland GmbH;Yes;No;0,355;Q3;8;37;79;1007;86;73;1,26;27,22;25,3;0;Germany;Western Europe;Springer Science and Business Media Deutschland GmbH;2019-2026;"Cardiology and Cardiovascular Medicine (Q3); Surgery (Q3)";Medicine
268;21100831012;JMV-Journal de Medecine Vasculaire;journal;25424513;Elsevier Masson s.r.l.;No;No;0,354;Q3;13;0;103;0;104;57;1,18;0;0;0;France;Western Europe;Elsevier Masson s.r.l.;2017-2024;Cardiology and Cardiovascular Medicine (Q3);Medicine
269;21101089567;Journal of Cerebrovascular and Endovascular Neurosurgery;journal;22873139, 22348565;Korean Society of Cerebrovascular Surgeons (KSCVS);No;No;0,352;Q3;11;37;146;792;162;144;0,95;21,41;15,2;0;South Korea;Asiatic Region;Korean Society of Cerebrovascular Surgeons (KSCVS);2019-2025;"Cardiology and Cardiovascular Medicine (Q3); Neurology (clinical) (Q3); Surgery (Q3)";Medicine
270;21101131496;Cardiology Discovery;journal;26938499, 2096952X;Wolters Kluwer Health;Yes;Yes;0,351;Q3;8;40;103;2130;109;99;0,92;53,25;37,7;0;United Kingdom;Western Europe;Wolters Kluwer Health;2021-2026;Cardiology and Cardiovascular Medicine (Q3);Medicine
271;23154;Current Treatment Options in Cardiovascular Medicine;journal;15343189, 10928464;Springer;No;No;0,347;Q3;44;76;96;5272;126;96;1,3;69,37;37,85;0;United States;Northern America;Springer;1999-2026;Cardiology and Cardiovascular Medicine (Q3);Medicine
272;4900152404;Electrolyte and Blood Pressure;journal;17385997, 20929935;Korean Society of Electrolyte and Blood Pressure Research;Yes;No;0,347;Q3;29;6;24;143;31;24;1,06;23,83;37,5;0;South Korea;Asiatic Region;Korean Society of Electrolyte and Blood Pressure Research;2006-2025;"Cardiology and Cardiovascular Medicine (Q3); Internal Medicine (Q3); Physiology (Q4)";"Biochemistry, Genetics and Molecular Biology; Medicine"
273;21100828127;Journal of Vascular Surgery Cases, Innovations and Techniques;journal;24684287;Society for Vascular Surgery;Yes;No;0,344;Q3;17;320;745;4360;652;701;0,93;13,63;26,51;0;United States;Northern America;Society for Vascular Surgery;2016-2026;"Cardiology and Cardiovascular Medicine (Q3); Surgery (Q3)";Medicine
274;20638;Texas Heart Institute Journal;journal;07302347, 15266702;Texas Heart Institute;Yes;No;0,34;Q3;69;32;320;434;281;223;0,83;13,56;26,04;0;United States;Northern America;Texas Heart Institute;1982-2025;"Cardiology and Cardiovascular Medicine (Q3); Medicine (miscellaneous) (Q3)";Medicine
275;4400151731;Future Cardiology;journal;17448298, 14796678;Taylor and Francis Ltd.;No;No;0,336;Q3;46;139;284;5288;347;259;1,02;38,04;31,42;0;United Kingdom;Western Europe;Taylor and Francis Ltd.;2005-2026;"Cardiology and Cardiovascular Medicine (Q3); Molecular Medicine (Q4)";"Biochemistry, Genetics and Molecular Biology; Medicine"
276;22531;Cardiology in the Young;journal;10479511, 14671107;Cambridge University Press;No;No;0,331;Q3;70;462;1350;9682;1208;1328;0,83;20,96;47,21;0;United Kingdom;Western Europe;Cambridge University Press;1991-2026;"Cardiology and Cardiovascular Medicine (Q3); Medicine (miscellaneous) (Q3); Pediatrics, Perinatology and Child Health (Q3)";Medicine
277;21101038724;AORTA;journal;23254637;Thieme Medical Publishers, Inc.;No;No;0,325;Q3;22;32;97;633;83;94;0,61;19,78;28;0;United States;Northern America;Thieme Medical Publishers, Inc.;2013-2025;"Cardiology and Cardiovascular Medicine (Q3); Radiology, Nuclear Medicine and Imaging (Q3); Surgery (Q3)";Medicine
278;4400151415;Current Medicinal Chemistry: Cardiovascular and Hematological Agents;journal;18756174, 18715257;Bentham Science Publishers;No;No;0,321;Q3;45;27;99;1821;141;93;1,47;67,44;42,98;0;United Arab Emirates;Middle East;Bentham Science Publishers;2006-2026;"Cardiology and Cardiovascular Medicine (Q3); Hematology (Q3); Medicine (miscellaneous) (Q3); Pharmacology (Q3); Clinical Biochemistry (Q4)";"Biochemistry, Genetics and Molecular Biology; Medicine; Pharmacology, Toxicology and Pharmaceutics"
279;145494;Jornal Vascular Brasileiro;journal;16775449, 16777301;Sociedade Brasileira de Angiologia e Cirurgia Vascular;Yes;Yes;0,321;Q3;25;83;184;1881;167;166;0,82;22,66;31,38;0;Brazil;Latin America;Sociedade Brasileira de Angiologia e Cirurgia Vascular;2005-2025;Cardiology and Cardiovascular Medicine (Q3);Medicine
280;23114;Critical Pathways in Cardiology;journal;15352811, 1535282X;Lippincott Williams and Wilkins;No;No;0,319;Q3;30;35;97;916;93;96;0,92;26,17;26,39;0;United States;Northern America;Lippincott Williams and Wilkins;2002-2026;Cardiology and Cardiovascular Medicine (Q3);Medicine
281;21101304251;JVS-Vascular Insights;journal;29499127;Elsevier B.V.;Yes;No;0,319;Q3;6;150;142;4563;138;133;0,97;30,42;34,38;0;Netherlands;Western Europe;Elsevier B.V.;2023-2026;"Cardiology and Cardiovascular Medicine (Q3); Internal Medicine (Q3); Surgery (Q3)";Medicine
282;21101021577;JACC: Case Reports;journal;26660849;Elsevier Inc.;Yes;No;0,318;Q3;18;1626;1299;12954;951;1153;0,68;7,97;28,78;0;United States;Northern America;Elsevier Inc.;2019-2026;Cardiology and Cardiovascular Medicine (Q3);Medicine
283;22492;Blood Pressure Monitoring;journal;14735725, 13595237;Lippincott Williams and Wilkins;No;No;0,316;Q3;70;54;197;1060;194;194;1,06;19,63;33,2;0;United States;Northern America;Lippincott Williams and Wilkins;1996-2026;"Advanced and Specialized Nursing (Q2); Assessment and Diagnosis (Q3); Cardiology and Cardiovascular Medicine (Q3); Internal Medicine (Q3); Medicine (miscellaneous) (Q3)";"Medicine; Nursing"
284;23761;International Journal of Angiology;journal;10611711, 16155939;Thieme Medical Publishers, Inc.;No;No;0,316;Q3;39;70;175;2064;193;169;0,87;29,49;26,55;0;United States;Northern America;Thieme Medical Publishers, Inc.;1992-2026;Cardiology and Cardiovascular Medicine (Q3);Medicine
285;19500157307;Journal of the Saudi Heart Association;journal;22125043, 10167315;Saudi Heart Association;Yes;Yes;0,316;Q3;28;52;116;1802;137;108;1,29;34,65;26,36;0;Saudi Arabia;Middle East;Saudi Heart Association;2009-2025;Cardiology and Cardiovascular Medicine (Q3);Medicine
286;12700154733;Postepy w Kardiologii Interwencyjnej;journal;18974295, 17349338;Termedia Publishing House Ltd.;Yes;No;0,311;Q3;23;116;241;2052;274;211;1,13;17,69;31,13;0;Poland;Eastern Europe;Termedia Publishing House Ltd.;2008-2025;Cardiology and Cardiovascular Medicine (Q3);Medicine
287;21101023099;Journal of Innovations in Cardiac Rhythm Management;journal;21563977, 21563993;MediaSphere Medical LLC;No;No;0,31;Q3;12;60;246;1095;181;190;0,72;18,25;21,4;0;United States;Northern America;MediaSphere Medical LLC;2016, 2019-2026;"Cardiology and Cardiovascular Medicine (Q3); Physiology (medical) (Q3)";Medicine
288;21101279760;Cardiogenetics;journal;20358148, 20358253;Multidisciplinary Digital Publishing Institute (MDPI);Yes;No;0,307;Q3;7;32;58;1663;52;55;1,03;51,97;50,16;0;Switzerland;Western Europe;Multidisciplinary Digital Publishing Institute (MDPI);2021-2025;"Cardiology and Cardiovascular Medicine (Q3); Genetics (Q4); Genetics (clinical) (Q4)";"Biochemistry, Genetics and Molecular Biology; Medicine"
289;21100403168;HeartRhythm Case Reports;journal;22140271;Elsevier Inc.;Yes;No;0,306;Q3;23;314;709;3136;457;623;0,61;9,99;19,52;0;United States;Northern America;Elsevier Inc.;2015-2026;Cardiology and Cardiovascular Medicine (Q3);Medicine
290;17700156514;Hipertension y Riesgo Vascular;journal;18891837, 19894805;Ediciones Doyma, S.L.;No;No;0,305;Q3;17;41;101;1401;103;92;1,01;34,17;39,16;0;Spain;Western Europe;Ediciones Doyma, S.L.;2009-2025;"Cardiology and Cardiovascular Medicine (Q3); Internal Medicine (Q3)";Medicine
291;19700175088;Annals of Pediatric Cardiology;journal;09742069, 09745149;Wolters Kluwer Medknow Publications;Yes;Yes;0,303;Q3;32;105;310;1604;255;272;0,67;15,28;31,68;0;India;Asiatic Region;Wolters Kluwer Medknow Publications;2009-2025;"Cardiology and Cardiovascular Medicine (Q3); Pediatrics, Perinatology and Child Health (Q3)";Medicine
292;21100802910;Arterial Hypertension (Poland);journal;24496170, 24496162;Via Medica;Yes;Yes;0,302;Q3;14;16;65;551;64;63;0,74;34,44;62,5;0;Poland;Eastern Europe;Via Medica;2015-2025;"Cardiology and Cardiovascular Medicine (Q3); Internal Medicine (Q3); Endocrinology, Diabetes and Metabolism (Q4)";Medicine
293;21100834771;Flebologiya;journal;19976976, 23095601;Media Sphera Publishing Group;No;No;0,296;Q3;11;34;93;1202;101;89;1,11;35,35;38,84;0;Russian Federation;Eastern Europe;Media Sphera Publishing Group;2017-2025;"Cardiology and Cardiovascular Medicine (Q3); Hematology (Q3); Surgery (Q3)";Medicine
294;56053;Thoracic and Cardiovascular Surgeon, Supplement;journal;9464778;Georg Thieme Verlag;No;No;0,294;Q3;14;10;9;440;13;9;1,75;44;21,43;0;Germany;Western Europe;Georg Thieme Verlag;1990, 1999, 2007, 2010, 2012, 2015, 2017, 2019-2026;"Cardiology and Cardiovascular Medicine (Q3); Pulmonary and Respiratory Medicine (Q3); Surgery (Q3)";Medicine
295;21100199106;ARYA Atherosclerosis;journal;22516638, 17353955;Isfahan University of Medical Sciences(IUMS);Yes;No;0,292;Q3;33;44;146;1496;150;140;0,74;34;40;0;Iran;Middle East;Isfahan University of Medical Sciences(IUMS);2007, 2011-2025;Cardiology and Cardiovascular Medicine (Q3);Medicine
296;21100981275;EJVES Vascular Forum;journal;2666688X;Elsevier Ltd;Yes;No;0,29;Q3;14;59;159;895;174;113;1,13;15,17;32,72;0;United Kingdom;Western Europe;Elsevier Ltd;2020-2026;"Cardiology and Cardiovascular Medicine (Q3); Surgery (Q3)";Medicine
297;21101056009;REC: Interventional Cardiology;journal;26047322, 26047306;Sociedad Espanola de Cardiologia;Yes;Yes;0,29;Q3;9;66;231;917;112;123;0,55;13,89;28,87;0;Spain;Western Europe;Sociedad Espanola de Cardiologia;2019-2026;Cardiology and Cardiovascular Medicine (Q3);Medicine
298;21101061700;Global Cardiology Science and Practice;journal;23057823;HBKU Press;Yes;Yes;0,289;Q3;30;56;99;1762;98;94;1,04;31,46;35,35;0;Qatar;Middle East;HBKU Press;2013-2025;Cardiology and Cardiovascular Medicine (Q3);Medicine
299;21101064905;Vessel Plus;journal;25741209;OAE Publishing Inc.;No;No;0,289;Q3;17;25;141;2367;139;137;1,28;94,68;33,8;0;United States;Northern America;OAE Publishing Inc.;2017-2025;Cardiology and Cardiovascular Medicine (Q3);Medicine
300;52092;Seminars in Cardiothoracic and Vascular Anesthesia;journal;10892532, 19405596;SAGE Publications Inc.;No;No;0,286;Q3;43;31;95;1198;85;85;1;38,65;22,69;0;United States;Northern America;SAGE Publications Inc.;1997-2026;"Anesthesiology and Pain Medicine (Q3); Cardiology and Cardiovascular Medicine (Q3)";Medicine
301;19284;Vascular and Endovascular Surgery;journal;19389116, 15385744;SAGE Publications Inc.;No;No;0,286;Q3;59;136;419;3062;341;414;0,9;22,51;25,28;1;United States;Northern America;SAGE Publications Inc.;1967-1973, 1975-2026;"Cardiology and Cardiovascular Medicine (Q3); Medicine (miscellaneous) (Q3); Surgery (Q3)";Medicine
302;21101254626;Journal of Vascular Diseases;journal;28132475;Multidisciplinary Digital Publishing Institute (MDPI);Yes;No;0,283;Q3;6;52;84;2635;96;82;1,21;50,67;33,43;1;Switzerland;Western Europe;Multidisciplinary Digital Publishing Institute (MDPI);2022-2025;Cardiology and Cardiovascular Medicine (Q3);Medicine
303;21101302105;Annals of Thoracic Surgery Short Reports;journal;27729931;Elsevier B.V.;Yes;No;0,282;Q3;5;296;215;2327;139;208;0,65;7,86;24,7;0;Netherlands;Western Europe;Elsevier B.V.;2022-2026;"Cardiology and Cardiovascular Medicine (Q3); Hematology (Q3); Surgery (Q3); Biochemistry (Q4)";"Biochemistry, Genetics and Molecular Biology; Medicine"
304;19700174888;Journal of Tehran University Heart Center;journal;20082371, 17358620;Teheran University of Medical Sciences;Yes;Yes;0,281;Q3;23;39;152;973;130;130;0,71;24,95;44,79;0;Iran;Middle East;Teheran University of Medical Sciences;2007-2025;Cardiology and Cardiovascular Medicine (Q3);Medicine
305;23253;Herzschrittmachertherapie und Elektrophysiologie;journal;14351544, 09387412;Springer Medizin;No;No;0,276;Q3;21;58;207;1108;176;169;0,66;19,1;23,61;0;Germany;Western Europe;Springer Medizin;1997-2026;"Cardiology and Cardiovascular Medicine (Q3); Medicine (miscellaneous) (Q3); Physiology (medical) (Q3)";Medicine
306;4000148901;Congenital Heart Disease;journal;17470803, 1747079X;Tech Science Press;No;No;0,268;Q3;64;60;165;2047;260;157;2,15;34,12;39,25;0;United Kingdom;Western Europe;Tech Science Press;2006-2026;"Cardiology and Cardiovascular Medicine (Q3); Medicine (miscellaneous) (Q3); Pediatrics, Perinatology and Child Health (Q3); Radiology, Nuclear Medicine and Imaging (Q3); Surgery (Q3)";Medicine
307;23441;Indian Pacing and Electrophysiology Journal;journal;09726292, 25901753;Indian Pacing and Electrophysiology Group;Yes;Yes;0,267;Q3;34;113;194;1613;118;165;0,56;14,27;20;0;India;Asiatic Region;Indian Pacing and Electrophysiology Group;2001-2026;"Cardiology and Cardiovascular Medicine (Q3); Physiology (medical) (Q3)";Medicine
308;19900193966;Journal of Cardiovascular Echography;journal;2347193X, 22114122;Wolters Kluwer Medknow Publications;No;No;0,266;Q3;20;73;128;1675;131;115;0,97;22,95;46,94;0;India;Asiatic Region;Wolters Kluwer Medknow Publications;2011-2025;"Cardiology and Cardiovascular Medicine (Q3); Radiology, Nuclear Medicine and Imaging (Q3)";Medicine
309;21100912210;European Heart Journal - Case Reports;journal;25142119;Oxford University Press;Yes;No;0,265;Q3;20;670;1803;6395;1117;1576;0,61;9,54;26,35;0;United Kingdom;Western Europe;Oxford University Press;2017-2026;Cardiology and Cardiovascular Medicine (Q3);Medicine
310;18558;Monaldi Archives for Chest Disease;journal;11220643, 25325264;Page Press Publications;Yes;Yes;0,265;Q3;46;116;334;3267;261;322;0,69;28,16;39,96;0;Italy;Western Europe;Page Press Publications;1993-2014, 2016-2025;"Cardiology and Cardiovascular Medicine (Q3); Pulmonary and Respiratory Medicine (Q3)";Medicine
311;21101259093;Journal of Cardiac Critical Care;journal;24569224;Scientific Scholar LLC;No;No;0,257;Q3;6;43;157;869;100;134;0,85;20,21;28,72;0;United States;Northern America;Scientific Scholar LLC;2020-2026;"Cardiology and Cardiovascular Medicine (Q3); Critical Care and Intensive Care Medicine (Q3)";Medicine
312;10300153344;Cardiovascular Journal of Africa;journal;19963467, 19951892;Clinics Cardive Publishing (PTY)Ltd;No;No;0,257;Q4;45;95;190;1773;121;174;0,51;18,66;31,32;0;South Africa;Africa;Clinics Cardive Publishing (PTY)Ltd;2007-2025;"Medicine (miscellaneous) (Q3); Cardiology and Cardiovascular Medicine (Q4)";Medicine
313;22470;Asian Cardiovascular and Thoracic Annals;journal;02184923, 18165370;SAGE Publications Inc.;No;No;0,247;Q4;33;41;326;634;250;308;0,85;15,46;21,36;0;United States;Northern America;SAGE Publications Inc.;1994-2026;"Medicine (miscellaneous) (Q3); Surgery (Q3); Cardiology and Cardiovascular Medicine (Q4); Pulmonary and Respiratory Medicine (Q4)";Medicine
314;12100155625;Indian Journal of Thoracic and Cardiovascular Surgery;journal;09709134, 09737723;Springer India;No;No;0,247;Q4;20;307;539;4496;372;443;0,59;14,64;24,64;1;India;Asiatic Region;Springer India;1982-1985, 1987, 1989, 1991-1996, 2000-2026;"Surgery (Q3); Cardiology and Cardiovascular Medicine (Q4); Pulmonary and Respiratory Medicine (Q4)";Medicine
315;20703;Chinese Journal of Cardiology;journal;2533758;Chinese Medical Journals Publishing House Co.Ltd;No;No;0,241;Q4;30;215;640;6533;481;627;0,89;30,39;42,7;0;China;Asiatic Region;Chinese Medical Journals Publishing House Co.Ltd;1979-1999, 2005-2026;Cardiology and Cardiovascular Medicine (Q4);Medicine
316;23248;Heart Surgery Forum;journal;15226662, 10983511;Forum Multimedia Publishing LLC;No;No;0,238;Q4;43;75;450;2453;314;441;0,69;32,71;32,73;0;United States;Northern America;Forum Multimedia Publishing LLC;1998-2025;"Surgery (Q3); Cardiology and Cardiovascular Medicine (Q4)";Medicine
317;4600151526;Cardiovascular and Hematological Disorders - Drug Targets;journal;22124063, 1871529X;Bentham Science Publishers;No;No;0,236;Q4;48;45;85;2793;100;82;1,18;62,07;38,65;0;United Arab Emirates;Middle East;Bentham Science Publishers;2006-2026;"Cardiology and Cardiovascular Medicine (Q4); Hematology (Q4); Medicine (miscellaneous) (Q4); Molecular Medicine (Q4); Pharmacology (Q4)";"Biochemistry, Genetics and Molecular Biology; Medicine; Pharmacology, Toxicology and Pharmaceutics"
318;21100326272;Russian Journal of Cardiology;journal;26187620, 15604071;Silicea-Poligraf;Yes;Yes;0,232;Q4;33;200;620;7635;659;611;1,13;38,18;58,4;0;Russian Federation;Eastern Europe;Silicea-Poligraf;2008-2025;Cardiology and Cardiovascular Medicine (Q4);Medicine
319;21101184586;Veins and Lymphatics;journal;22797483;Page Press Publications;Yes;Yes;0,23;Q4;3;15;34;290;19;27;0,56;19,33;32,5;0;Italy;Western Europe;Page Press Publications;2023-2024;"Cardiology and Cardiovascular Medicine (Q4); Hematology (Q4)";Medicine
320;34097;Archivos de Cardiologia de Mexico;journal;14059940, 16651731;Instituto Nacional de Cardiologia Ignazio Chavez;Yes;Yes;0,229;Q4;23;83;313;2376;202;201;0,53;28,63;39,3;0;Mexico;Latin America;Instituto Nacional de Cardiologia Ignazio Chavez;2001-2025;Cardiology and Cardiovascular Medicine (Q4);Medicine
321;93511;Turk Kardiyoloji Dernegi Arsivi;journal;10165169, 13084488;Turkish Society of Cardiology;Yes;Yes;0,22;Q4;31;125;361;1631;191;292;0,47;13,05;31,83;0;Turkey;Middle East;Turkish Society of Cardiology;1990-2026;Cardiology and Cardiovascular Medicine (Q4);Medicine
322;19700188108;Kardiochirurgia i Torakochirurgia Polska;journal;18974252, 17315530;Termedia Publishing House Ltd.;Yes;Yes;0,218;Q4;20;60;170;1319;102;104;0,57;21,98;26,2;0;Poland;Eastern Europe;Termedia Publishing House Ltd.;2008-2025;"Surgery (Q3); Cardiology and Cardiovascular Medicine (Q4)";Medicine
323;21100203318;Cardiovascular Therapy and Prevention (Russian Federation);journal;17288800, 26190125;Silicea-Poligraf;Yes;Yes;0,217;Q4;29;197;661;5400;579;630;0,88;27,41;70,78;0;Russian Federation;Eastern Europe;Silicea-Poligraf;2011-2025;"Education (Q3); Cardiology and Cardiovascular Medicine (Q4)";"Medicine; Social Sciences"
324;21101255600;Chinese Circulation Journal;journal;10003614;;No;No;0,21;Q4;16;167;489;5676;417;489;1,02;33,99;43,28;0;China;Asiatic Region;;2020-2025;Cardiology and Cardiovascular Medicine (Q4);Medicine
325;19900191817;Turkish Journal of Thoracic and Cardiovascular Surgery;journal;21498156, 13015680;Baycinar Medical Publishing;Yes;No;0,206;Q4;15;83;369;1498;207;362;0,5;18,05;21,24;1;Turkey;Middle East;Baycinar Medical Publishing;2010-2026;"Surgery (Q3); Cardiology and Cardiovascular Medicine (Q4); Pulmonary and Respiratory Medicine (Q4)";Medicine
326;21101308671;CASE;journal;24686441;Elsevier B.V.;No;No;0,205;Q4;10;86;323;957;141;278;0,44;11,13;32,21;0;Netherlands;Western Europe;Elsevier B.V.;2017-2026;"Cardiology and Cardiovascular Medicine (Q4); Radiology, Nuclear Medicine and Imaging (Q4)";Medicine
327;19600156852;Journal of Cardiology Cases;journal;18785409;Elsevier Ltd;No;No;0,205;Q4;15;109;496;985;265;483;0,5;9,04;18,45;0;United Kingdom;Western Europe;Elsevier Ltd;2010-2026;Cardiology and Cardiovascular Medicine (Q4);Medicine
328;21101091059;Ambulatornaya Khirurgiya;journal;27128741, 27822591;Remedium Group Ltd;Yes;Yes;0,204;Q4;4;60;138;1618;60;131;0,38;26,97;36,28;0;Russian Federation;Eastern Europe;Remedium Group Ltd;2021-2025;"Anesthesiology and Pain Medicine (Q3); Surgery (Q3); Urology (Q3); Cardiology and Cardiovascular Medicine (Q4); Gastroenterology (Q4)";Medicine
329;23904;Kardiologiya;journal;24125660, 00229040;Limited Liability Company KlinMed Consulting;No;No;0,203;Q4;26;114;384;2716;318;381;0,8;23,82;60,87;0;Russian Federation;Eastern Europe;Limited Liability Company KlinMed Consulting;1961-2026;Cardiology and Cardiovascular Medicine (Q4);Medicine
330;21101141749;Kardiologie;journal;27317129, 27317137;Springer Medizin;No;No;0,202;Q4;21;57;180;1541;98;136;0,58;27,04;19,75;0;Germany;Western Europe;Springer Medizin;2022-2026;Cardiology and Cardiovascular Medicine (Q4);Medicine
331;21101085509;Creative Cardiology;journal;24109169, 19973187;Bakoulev National Medical Research Center for Cardiovascular Surgery;No;No;0,195;Q4;6;46;154;1471;54;151;0,4;31,98;54,94;0;Russian Federation;Eastern Europe;Bakoulev National Medical Research Center for Cardiovascular Surgery;2019-2025;"Internal Medicine (Q3); Surgery (Q3); Cardiology and Cardiovascular Medicine (Q4); Radiology, Nuclear Medicine and Imaging (Q4)";Medicine
332;21101076081;International Journal of Cardiovascular Sciences;journal;23594802, 23595647;Sociedade Brasileira de Cardiologia;Yes;Yes;0,195;Q4;10;63;306;1621;141;219;0,51;25,73;44,13;0;Brazil;Latin America;Sociedade Brasileira de Cardiologia;2019-2025;Cardiology and Cardiovascular Medicine (Q4);Medicine
333;21100236007;Computing in Cardiology;conference and proceedings;2325887X, 23258861;;No;No;0,194;-;69;291;957;3376;403;951;0,31;11,6;31,76;0;France;Western Europe;;2008, 2010-2025;"Cardiology and Cardiovascular Medicine; Computer Science (miscellaneous)";"Computer Science; Medicine"
334;21100473251;Grudnaya i Serdechno-Sosudistaya Khirurgiya;journal;02362791, 24108685;Bakoulev National Medical Research Center for Cardiovascular Surgery;No;No;0,189;Q4;6;47;251;1196;119;250;0,55;25,45;29,23;0;Russian Federation;Eastern Europe;Bakoulev National Medical Research Center for Cardiovascular Surgery;1990-1993, 2019-2025;"Surgery (Q3); Cardiology and Cardiovascular Medicine (Q4); Pulmonary and Respiratory Medicine (Q4)";Medicine
335;4000151501;Giornale Italiano di Cardiologia;journal;19726481, 18276806;Il Pensiero Scientifico Editore s.r.l.;No;No;0,188;Q4;25;160;531;5849;355;403;0,73;36,56;43,15;1;Italy;Western Europe;Il Pensiero Scientifico Editore s.r.l.;1996, 2006-2026;Cardiology and Cardiovascular Medicine (Q4);Medicine
336;3200147816;Chinese Journal of Cerebrovascular Diseases;journal;16725921;Society of China University Journals in Natural Sciences;No;No;0,186;Q4;11;61;337;2478;197;337;0,55;40,62;33,08;0;China;Asiatic Region;Society of China University Journals in Natural Sciences;2006-2025;"Cardiology and Cardiovascular Medicine (Q4); Neurology (clinical) (Q4); Radiology, Nuclear Medicine and Imaging (Q4)";Medicine
337;21100304895;Archives of Clinical Infectious Diseases;journal;23452641;Brieflands;Yes;No;0,185;Q4;25;59;149;1514;84;127;0,65;25,66;49,2;0;Netherlands;Western Europe;Brieflands;2012-2025;"Critical Care and Intensive Care Medicine (Q3); Cardiology and Cardiovascular Medicine (Q4); Immunology and Microbiology (miscellaneous)  (Q4); Infectious Diseases (Q4); Microbiology (Q4); Public Health, Environmental and Occupational Health (Q4); Toxicology (Q4)";"Immunology and Microbiology; Medicine; Pharmacology, Toxicology and Pharmaceutics"
338;20559;Progress in Pediatric Cardiology;journal;10589813, 15581519;Elsevier Ireland Ltd;No;No;0,173;Q4;39;103;209;3056;82;203;0,29;29,67;47,53;0;Ireland;Western Europe;Elsevier Ireland Ltd;1992-2026;"Pediatrics, Perinatology and Child Health (Q3); Cardiology and Cardiovascular Medicine (Q4)";Medicine
339;22442;Annales de Cardiologie et d'Angeiologie;journal;17683181, 00033928;Elsevier Masson s.r.l.;No;No;0,172;Q4;22;67;237;1252;83;229;0,35;18,69;40,18;0;France;Western Europe;Elsevier Masson s.r.l.;1968-2026;"Cardiology and Cardiovascular Medicine (Q4); Medicine (miscellaneous) (Q4)";Medicine
340;21100818743;International Journal of the Cardiovascular Academy;journal;2405819X;Galenos Publishing House;Yes;Yes;0,172;Q4;3;28;59;566;30;56;0,65;20,21;27,12;0;Turkey;Middle East;Galenos Publishing House;2015-2016, 2020-2025;Cardiology and Cardiovascular Medicine (Q4);Medicine
341;21100815316;Rational Pharmacotherapy in Cardiology;journal;18196446, 22253653;Stolichnaya Izdatelskaya Kompaniya;Yes;Yes;0,169;Q4;16;66;240;1707;131;240;0,53;25,86;64,96;0;Russian Federation;Eastern Europe;Stolichnaya Izdatelskaya Kompaniya;2008, 2012-2025;"Cardiology and Cardiovascular Medicine (Q4); Pharmacology (medical) (Q4)";Medicine
342;5100155075;Journal for Vascular Ultrasound;journal;15443175, 15443167;Society of Vascular Ultrasound;No;No;0,165;Q4;14;34;100;385;18;65;0,18;11,32;41,05;0;United States;Northern America;Society of Vascular Ultrasound;2005-2026;"Cardiology and Cardiovascular Medicine (Q4); Radiology, Nuclear Medicine and Imaging (Q4)";Medicine
343;17036;Phlebologie;journal;25675826, 0939978X;Georg Thieme Verlag;No;No;0,154;Q4;29;60;74;754;9;35;0,12;12,57;53,57;0;Germany;Western Europe;Georg Thieme Verlag;1991-2026;Cardiology and Cardiovascular Medicine (Q4);Medicine
344;21101186890;Turkish Journal of Vascular Surgery;journal;26675080;Turkish National Vascular and Endovascular Surgery Society;Yes;Yes;0,154;Q4;4;39;105;926;27;101;0,32;23,74;18,4;0;Turkey;Middle East;Turkish National Vascular and Endovascular Surgery Society;2022-2025;"Cardiology and Cardiovascular Medicine (Q4); Surgery (Q4)";Medicine
345;144841;Acta Angiologica;journal;1234950X, 16443276;Via Medica;Yes;Yes;0,153;Q4;9;20;58;548;18;57;0,35;27,4;38,78;0;Poland;Eastern Europe;Via Medica;2005-2026;Cardiology and Cardiovascular Medicine (Q4);Medicine
346;21101134739;Annals of Vascular Surgery - Brief Reports and Innovations;journal;27726878;Elsevier Inc.;Yes;No;0,153;Q4;5;65;316;1026;88;308;0,27;15,78;31,54;0;United States;Northern America;Elsevier Inc.;2021-2025;"Cardiology and Cardiovascular Medicine (Q4); Surgery (Q4)";Medicine
347;21101052703;Shanghai Chest;journal;25213768;AME Publishing Company;No;No;0,151;Q4;9;5;95;165;47;80;0,59;33;16,67;0;Hong Kong;Asiatic Region;AME Publishing Company;2017-2025;"Cardiology and Cardiovascular Medicine (Q4); Pulmonary and Respiratory Medicine (Q4); Surgery (Q4)";Medicine
348;21100814515;Arterial Hypertension (Russian Federation);journal;1607419X, 24118524;All-Russian Public Organization Antihypertensive League;Yes;No;0,149;Q4;11;39;166;1333;66;166;0,46;34,18;65,71;0;Russian Federation;Eastern Europe;All-Russian Public Organization Antihypertensive League;2017-2025;"Cardiology and Cardiovascular Medicine (Q4); Internal Medicine (Q4)";Medicine
349;21101044913;Cardiovascular Medicine;journal;16642031, 1664204X;Multidisciplinary Digital Publishing Institute (MDPI);No;No;0,148;Q4;5;6;61;134;9;48;0,15;22,33;46,15;0;Switzerland;Western Europe;Multidisciplinary Digital Publishing Institute (MDPI);2019-2025;Cardiology and Cardiovascular Medicine (Q4);Medicine
350;21101339664;General Thoracic and Cardiovascular Surgery Cases;journal;27316203;BioMed Central Ltd;No;No;0,148;Q4;3;50;175;606;62;173;0,36;12,12;10,65;0;United Kingdom;Western Europe;BioMed Central Ltd;2022-2026;"Cardiology and Cardiovascular Medicine (Q4); Surgery (Q4)";Medicine
351;20824;Vnitrni Lekarstvi;journal;0042773X, 18017592;SOLEN s.r.o.;No;No;0,147;Q4;21;104;359;2444;99;322;0,19;23,5;42,24;0;Czech Republic;Eastern Europe;SOLEN s.r.o.;1955, 1961-2026;"Cardiology and Cardiovascular Medicine (Q4); Internal Medicine (Q4)";Medicine
352;21101200234;Cardiologia Hungarica;journal;01335596, 15880230;Promenade Publishing House Kft;Yes;Yes;0,146;Q4;5;57;203;1478;61;187;0,38;25,93;30,95;0;Hungary;Eastern Europe;Promenade Publishing House Kft;2020-2025;Cardiology and Cardiovascular Medicine (Q4);Medicine
353;21101047723;Journal of Arrhythmology;journal;15618641, 26587327;NJSC Institute of Cardiological Technology (INCART);Yes;Yes;0,146;Q4;5;31;134;901;50;126;0,38;29,06;38,74;0;Russian Federation;Eastern Europe;NJSC Institute of Cardiological Technology (INCART);2019-2026;"Cardiology and Cardiovascular Medicine (Q4); Emergency Medicine (Q4); Pharmacology (medical) (Q4)";Medicine
354;21101133217;Russian Cardiology Bulletin;journal;2712889X, 20776764;Media Sphera Publishing Group;No;No;0,146;Q4;5;52;137;1295;61;137;0,47;24,9;52,82;0;Russian Federation;Eastern Europe;Media Sphera Publishing Group;2019-2025;"Family Practice (Q3); Cardiology and Cardiovascular Medicine (Q4); Internal Medicine (Q4); Surgery (Q4)";Medicine
355;23096;Cor et Vasa;journal;00108650, 18037712;Czech Society of Cardiology Z.S;No;No;0,145;Q4;19;90;266;2147;74;248;0,26;23,86;37,75;0;Czech Republic;Eastern Europe;Czech Society of Cardiology Z.S;1961-1994, 2006-2025;Cardiology and Cardiovascular Medicine (Q4);Medicine
356;21100903047;Patologiya Krovoobrashcheniya i Kardiokhirurgiya;journal;16813472, 25003119;Meshalkin National Medical Research Center;Yes;Yes;0,145;Q4;9;8;99;234;24;99;0,26;29,25;36,67;0;Russian Federation;Eastern Europe;Meshalkin National Medical Research Center;2018-2025;Cardiology and Cardiovascular Medicine (Q4);Medicine
357;21101080116;Siberian Journal of Clinical and Experimental Medicine;journal;27132927, 2713265X;Tomsk State University;No;No;0,145;Q4;7;98;298;2159;116;292;0,42;22,03;54,37;0;Russian Federation;Eastern Europe;Tomsk State University;2020-2025;"Cardiology and Cardiovascular Medicine (Q4); Internal Medicine (Q4); Medicine (miscellaneous) (Q4); Public Health, Environmental and Occupational Health (Q4); Radiology, Nuclear Medicine and Imaging (Q4)";Medicine
358;21100317201;Cirugia Cardiovascular;journal;11340096;Sociedad Espanola de Cirugia Cardiovascular y Endovascular (SECCE);Yes;No;0,144;Q4;12;106;226;2372;57;225;0,23;22,38;35,53;0;Spain;Western Europe;Sociedad Espanola de Cirugia Cardiovascular y Endovascular (SECCE);2012-2026;"Cardiology and Cardiovascular Medicine (Q4); Surgery (Q4)";Medicine
359;21101254072;Indian Journal of Cardiovascular Disease in Women - WINCARS;journal;24557854, 28354982;Scientific Scholar LLC;No;No;0,144;Q4;4;54;142;1646;57;112;0,57;30,48;54,95;0;United States;Northern America;Scientific Scholar LLC;2020-2025;Cardiology and Cardiovascular Medicine (Q4);Medicine
360;6400153169;Medecine des Maladies Metaboliques;journal;22148477, 19572557;Elsevier Masson s.r.l.;No;No;0,142;Q4;14;122;312;2249;67;259;0,25;18,43;48,84;0;France;Western Europe;Elsevier Masson s.r.l.;2007-2026;"Cardiology and Cardiovascular Medicine (Q4); Endocrinology, Diabetes and Metabolism (Q4); Internal Medicine (Q4); Nutrition and Dietetics (Q4)";"Medicine; Nursing"
361;20694;Zeitschrift fur Herz-, Thorax- und Gefasschirurgie;journal;09309225, 14351277;D. Steinkopff-Verlag;No;No;0,142;Q4;8;64;173;1334;33;124;0,24;20,84;17,82;0;Germany;Western Europe;D. Steinkopff-Verlag;1997-2026;"Cardiology and Cardiovascular Medicine (Q4); Pulmonary and Respiratory Medicine (Q4); Surgery (Q4)";Medicine
362;20464;Angiologiya i Sosudistaya Khirurgiya;journal;10276661;Geotar Media Publishing Group;No;No;0,141;Q4;13;66;203;2256;49;201;0,24;34,18;22,92;0;Russian Federation;Eastern Europe;Geotar Media Publishing Group;2003-2025;Cardiology and Cardiovascular Medicine (Q4);Medicine
363;78240;Revista Argentina de Cardiologia;journal;00347000, 18503748;Sociedad Argentina de Cardiologia;Yes;Yes;0,141;Q4;14;74;289;1158;48;146;0,18;15,65;35,67;1;Argentina;Latin America;Sociedad Argentina de Cardiologia;1945, 1947, 1957, 1960, 1973-1982, 2008-2025;Cardiology and Cardiovascular Medicine (Q4);Medicine
364;21101124746;CardioSomatics;journal;22217185, 26585707;Eco-Vector LLC;Yes;Yes;0,14;Q4;4;25;84;1018;24;84;0,28;40,72;50,37;0;Russian Federation;Eastern Europe;Eco-Vector LLC;2019-2025;"Cardiology and Cardiovascular Medicine (Q4); Internal Medicine (Q4); Rehabilitation (Q4)";Medicine
365;21101041556;Complex Issues of Cardiovascular Diseases;journal;23061278, 25879537;NII KPSSZ;No;No;0,14;Q4;9;124;317;3804;113;316;0,3;30,68;52,41;0;Russian Federation;Eastern Europe;NII KPSSZ;2019-2025;"Cardiology and Cardiovascular Medicine (Q4); Critical Care and Intensive Care Medicine (Q4); Emergency Medicine (Q4); Rehabilitation (Q4); Surgery (Q4)";Medicine
366;21100913651;REC: CardioClinics;journal;26051532, 26051575;Elsevier Espana S.L.U;No;No;0,14;Q4;8;74;218;1313;58;215;0,31;17,74;45,97;0;Spain;Western Europe;Elsevier Espana S.L.U;2019-2026;Cardiology and Cardiovascular Medicine (Q4);Medicine
367;21101199902;Heart Science Journal;journal;27219984, 27219976;Brawijaya University;No;No;0,139;Q4;3;84;121;2222;41;108;0,37;26,45;35,42;0;Indonesia;Asiatic Region;Brawijaya University;2020-2026;Cardiology and Cardiovascular Medicine (Q4);Medicine
368;21101201500;Archivos Peruanos de Cardiologia y Cirugia Cardiovascular;journal;27087212;National Cardiovascular Institute - INCOR;Yes;Yes;0,138;Q4;5;44;108;913;38;103;0,36;20,75;30,82;0;Peru;Latin America;National Cardiovascular Institute - INCOR;2020-2026;Cardiology and Cardiovascular Medicine (Q4);Medicine
369;19700175003;Open Cardiovascular Medicine Journal;journal;18741924;Bentham Science Publishers;Yes;No;0,138;Q4;34;8;17;257;8;17;0,2;32,13;38,71;0;United Arab Emirates;Middle East;Bentham Science Publishers;2009-2025;Cardiology and Cardiovascular Medicine (Q4);Medicine
370;21100939599;Kardiologiya i Serdechno-Sosudistaya Khirurgiya;journal;23094737, 19966385;Media Sphera Publishing Group;No;No;0,136;Q4;11;99;281;2420;66;281;0,24;24,44;41,08;0;Russian Federation;Eastern Europe;Media Sphera Publishing Group;2012-2025;"Cardiology and Cardiovascular Medicine (Q4); Emergency Medicine (Q4); Surgery (Q4)";Medicine
371;21101122724;Heart, Vessels and Transplantation;journal;16947894, 16947886;Bishkek: Center for Scientific Research and Development of Education;Yes;No;0,135;Q4;4;59;186;1263;31;134;0,16;21,41;41,24;0;Kyrgyzstan;Asiatic Region;Bishkek: Center for Scientific Research and Development of Education;2018-2025;"Cardiology and Cardiovascular Medicine (Q4); Surgery (Q4); Transplantation (Q4)";Medicine
372;62568;Italian Journal of Vascular and Endovascular Surgery;journal;18244777, 18271847;Edizioni Minerva Medica S.p.A.;No;No;0,134;Q4;8;19;75;401;12;73;0,22;21,11;38,41;0;Italy;Western Europe;Edizioni Minerva Medica S.p.A.;2004-2025;"Cardiology and Cardiovascular Medicine (Q4); Surgery (Q4)";Medicine
373;19700166616;Archives of Cardiovascular Diseases Supplements;journal;18786480, 18786502;Elsevier Masson s.r.l.;No;No;0,133;Q4;4;0;12;0;0;1;0;0;0;0;France;Western Europe;Elsevier Masson s.r.l.;2009-2023;Cardiology and Cardiovascular Medicine (Q4);Medicine
374;21101389659;Chinese Journal of Stroke;journal;16735765;Editorial Office of Chinese Journal of Stroke;No;No;0,133;Q4;8;192;628;6122;183;581;0,31;31,89;46,43;0;China;Asiatic Region;Editorial Office of Chinese Journal of Stroke;2022-2025;"Cardiology and Cardiovascular Medicine (Q4); Epidemiology (Q4); Neurology (Q4); Neurology (clinical) (Q4); Psychiatry and Mental Health (Q4)";"Medicine; Neuroscience"
375;21147;Gefasschirurgie;journal;09487034, 14343932;Springer Medizin;No;No;0,133;Q4;20;100;276;2123;66;200;0,23;21,23;29,17;0;Germany;Western Europe;Springer Medizin;1996-2026;"Cardiology and Cardiovascular Medicine (Q4); Surgery (Q4)";Medicine
376;21101044977;Pakistan Heart Journal;journal;22279199, 00482706;Pakistan Cardiac Society;Yes;No;0,133;Q4;5;150;210;2924;52;201;0,21;19,49;34,32;0;Pakistan;Asiatic Region;Pakistan Cardiac Society;2019-2025;Cardiology and Cardiovascular Medicine (Q4);Medicine
377;21101221555;Journal of the Indian Academy of Echocardiography and Cardiovascular Imaging;journal;25431471, 25431463;Wolters Kluwer Medknow Publications;Yes;Yes;0,132;Q4;5;27;139;405;16;123;0,13;15;14,81;0;India;Asiatic Region;Wolters Kluwer Medknow Publications;2017-2025;"Cardiology and Cardiovascular Medicine (Q4); Radiology, Nuclear Medicine and Imaging (Q4)";Medicine
378;21100255391;Acta Phlebologica;journal;1593232X, 18271766;Edizioni Minerva Medica;No;No;0,131;Q4;11;19;90;362;16;66;0,15;19,05;31,03;0;Italy;Western Europe;Edizioni Minerva Medica;2013-2025;Cardiology and Cardiovascular Medicine (Q4);Medicine
379;21101291262;Chinese Journal of Clinical Thoracic and Cardiovascular Surgery;journal;10074848;West China Medical Publishers;No;No;0,129;Q4;6;248;786;8377;225;786;0,33;33,78;35,26;0;China;Asiatic Region;West China Medical Publishers;2021-2026;"Cardiology and Cardiovascular Medicine (Q4); Pulmonary and Respiratory Medicine (Q4); Surgery (Q4)";Medicine
380;21101212771;Annals of Internal Medicine Clinical Cases;journal;27677664;American College of Physicians;Yes;No;0,128;Q4;5;257;555;2773;93;537;0,16;10,79;40,74;0;United States;Northern America;American College of Physicians;2022-2026;"Cardiology and Cardiovascular Medicine (Q4); Clinical Biochemistry (Q4); Internal Medicine (Q4)";"Biochemistry, Genetics and Molecular Biology; Medicine"
381;12100155503;Revista Latinoamericana de Hipertension;journal;18564550;Venezuelan Society of Pharmacology and Clinical and Therapeutic Pharmacology;Yes;Yes;0,128;Q4;13;111;235;3017;82;235;0,35;27,18;64,05;0;Venezuela;Latin America;Venezuelan Society of Pharmacology and Clinical and Therapeutic Pharmacology;2008-2025;"Cardiology and Cardiovascular Medicine (Q4); Internal Medicine (Q4)";Medicine
382;8500153130;Revista Espanola de Cardiologia Suplementos;journal;15792250, 11313587;Ediciones Doyma, S.L.;No;No;0,126;Q4;14;0;20;0;8;20;0,5;0;0;0;Spain;Western Europe;Ediciones Doyma, S.L.;2004-2017, 2019-2023;Cardiology and Cardiovascular Medicine (Q4);Medicine
383;21101168847;Bulgarian Cardiology;journal;13107488, 26831015;Bulgarian Society of Cardiology;Yes;Yes;0,125;Q4;3;37;149;1072;18;135;0,13;28,97;49,51;0;Bulgaria;Eastern Europe;Bulgarian Society of Cardiology;2020-2025;"Cardiology and Cardiovascular Medicine (Q4); Medicine (miscellaneous) (Q4)";Medicine
384;21101152504;Zhongguo Dongmai Yinghua Zazhi;journal;10073949;Editorial Office of Chinese Journal of Arteriosclerosis;Yes;No;0,124;Q4;8;129;462;4895;187;462;0,47;37,95;50,64;0;China;Asiatic Region;Editorial Office of Chinese Journal of Arteriosclerosis;2019-2025;Cardiology and Cardiovascular Medicine (Q4);Medicine
385;91409;Revista Mexicana de Angiologia;journal;2696130X, 03774740;Permanyer Publications;Yes;Yes;0,123;Q4;5;26;69;410;12;63;0,16;15,77;40,71;0;Spain;Western Europe;Permanyer Publications;1976-1978, 2008-2025;Cardiology and Cardiovascular Medicine (Q4);Medicine
386;21101158890;Cardiovascular and Metabolic Science;journal;29543835, 26832828;Asociacion Nacional de Cardiologos de Mexico;No;Yes;0,122;Q4;3;27;92;713;19;77;0,25;26,41;23,6;0;Mexico;Latin America;Asociacion Nacional de Cardiologos de Mexico;2019-2025;Cardiology and Cardiovascular Medicine (Q4);Medicine
387;21100861113;Kardiologija v Belarusi;journal;24142131, 2072912X;Professionalnye Izdaniya;No;No;0,122;Q4;4;74;212;1897;27;211;0,14;25,64;54,19;0;Belarus;Eastern Europe;Professionalnye Izdaniya;2018-2025;Cardiology and Cardiovascular Medicine (Q4);Medicine
388;21100203945;Journal of the Hong Kong College of Cardiology;journal;10277811;Medcom Limited;No;No;0,121;Q4;3;21;67;546;10;62;0,1;26;27,27;0;Hong Kong;Asiatic Region;Medcom Limited;2012-2020, 2022-2025;Cardiology and Cardiovascular Medicine (Q4);Medicine
389;21100227428;International Cardiovascular Research Journal;journal;22519149, 22519130;;Yes;No;0,12;Q4;18;28;48;850;13;48;0,39;30,36;37,61;0;Netherlands;Western Europe;;2011-2025;Cardiology and Cardiovascular Medicine (Q4);Medicine
390;21100853515;Revista Romana de Cardiologie;journal;1220658X, 27346382;Sciendo;Yes;Yes;0,12;Q4;4;38;93;1087;21;88;0,27;28,61;42,86;0;Romania;Eastern Europe;Sciendo;2012-2026;Cardiology and Cardiovascular Medicine (Q4);Medicine
391;21101329155;Klinicist;journal;24128775, 18188338;ABV-press Publishing House;Yes;No;0,119;Q4;4;21;76;697;21;74;0,25;33,19;70,18;0;Russian Federation;Eastern Europe;ABV-press Publishing House;2021-2025;"Cardiology and Cardiovascular Medicine (Q4); Endocrinology (Q4); Neurology (Q4); Rheumatology (Q4)";"Biochemistry, Genetics and Molecular Biology; Medicine; Neuroscience"
392;19700175095;Turkiye Klinikleri Cardiovascular Sciences;journal;13067656, 21469032;Ortadogu Reklam Tanitim Yayincilik Turizm Egitim Insaat Sanayi ve Ticaret A.S.;Yes;No;0,119;Q4;5;0;38;0;10;36;0,17;0;0;0;Turkey;Middle East;Ortadogu Reklam Tanitim Yayincilik Turizm Egitim Insaat Sanayi ve Ticaret A.S.;2010-2024;Cardiology and Cardiovascular Medicine (Q4);Medicine
393;21101341414;Chinese Journal of Interventional Cardiology;journal;10048812;Chinese Journal of Interventional Cardiology Publishing House Company Limited;No;No;0,118;Q4;4;100;419;3020;86;419;0,29;30,2;33,33;0;China;Asiatic Region;Chinese Journal of Interventional Cardiology Publishing House Company Limited;2021-2026;Cardiology and Cardiovascular Medicine (Q4);Medicine
394;12100154912;Revista Colombiana de Cardiologia;journal;23573260, 01205633;Permanyer Publications;Yes;Yes;0,118;Q4;15;59;262;1265;36;214;0,15;21,44;31,31;0;Colombia;Latin America;Permanyer Publications;2008-2025;Cardiology and Cardiovascular Medicine (Q4);Medicine
395;74991;Angiologia;journal;00033170, 16952987;ARAN Ediciones S.L;No;No;0,117;Q4;13;62;215;918;31;160;0,14;14,81;37,67;0;Spain;Western Europe;ARAN Ediciones S.L;1949-1993, 1996-2025;Cardiology and Cardiovascular Medicine (Q4);Medicine
396;19900191843;Cardiology Letters;journal;13383655, 13383760;Slovak Society of Cardiology;No;No;0,117;Q4;8;32;119;640;4;92;0,05;20;44,09;0;Slovakia;Eastern Europe;Slovak Society of Cardiology;2011-2025;Cardiology and Cardiovascular Medicine (Q4);Medicine
397;21100218035;Revista de la Federacion Argentina de Cardiologia;journal;16665694, 0326646X;Federacion Argentina de Cardiologia;No;No;0,117;Q4;6;55;153;1752;31;118;0,18;31,85;34,7;0;Argentina;Latin America;Federacion Argentina de Cardiologia;2012-2025;Cardiology and Cardiovascular Medicine (Q4);Medicine
398;21101254819;Althea Medical Journal;journal;23374330;;Yes;Yes;0,114;Q4;4;40;119;1062;21;119;0,16;26,55;66;0;Indonesia;Asiatic Region;;2020-2025;"Aging (Q4); Cardiology and Cardiovascular Medicine (Q4)";"Biochemistry, Genetics and Molecular Biology; Medicine"
399;21101129621;Heart India;journal;23216638, 2321449X;Wolters Kluwer Medknow Publications;Yes;No;0,114;Q4;4;45;103;891;8;93;0,08;19,8;19,01;0;India;Asiatic Region;Wolters Kluwer Medknow Publications;2019-2025;Cardiology and Cardiovascular Medicine (Q4);Medicine
400;21100218039;Iranian Heart Journal;journal;17357306;Iranian Heart Association;No;No;0,114;Q4;8;41;186;914;21;186;0,13;22,29;37,28;0;Iran;Middle East;Iranian Heart Association;2011-2026;Cardiology and Cardiovascular Medicine (Q4);Medicine
401;21101195782;Ukrainian Journal of Cardiology;journal;1608635X, 26644479;National Scientific Center Academician M D Strazhesko Institute of Cardiology of the National Academy of Medical Sciences of Ukraine;No;No;0,114;Q4;4;39;83;1044;22;83;0,33;26,77;57,61;0;Ukraine;Eastern Europe;National Scientific Center Academician M D Strazhesko Institute of Cardiology of the National Academy of Medical Sciences of Ukraine;2019-2025;"Cardiology and Cardiovascular Medicine (Q4); Education (Q4); Emergency Medical Services (Q4); Internal Medicine (Q4)";"Health Professions; Medicine; Social Sciences"
402;19700170905;Journal of Atrial Fibrillation;journal;19416911;CardioFront LLC;No;No;0,113;Q4;28;0;27;0;2;25;0;0;0;0;United States;Northern America;CardioFront LLC;2009-2022;Cardiology and Cardiovascular Medicine (Q4);Medicine
403;21101210510;Journal of Clinical Cardiology;journal;10011439;;No;No;0,112;Q4;4;163;571;4467;74;570;0,14;27,4;43,15;0;China;Asiatic Region;;2020-2025;"Cardiology and Cardiovascular Medicine (Q4); Medicine (miscellaneous) (Q4)";Medicine
404;21101037299;Revista Cubana de Cardiologia y Cirugia Cardiovascular;journal;15612937;Cuban Society of Cardiology, Cuban Institute of Cardiology and Cardiovascular Surgery;Yes;Yes;0,112;Q4;4;27;99;838;10;93;0,14;31,04;41,67;0;Cuba;Latin America;Cuban Society of Cardiology, Cuban Institute of Cardiology and Cardiovascular Surgery;2019-2025;Cardiology and Cardiovascular Medicine (Q4);Medicine
405;21101210380;Ukrainian Therapeutical Journal;journal;16057295, 25221175;;No;No;0,11;Q4;3;45;96;1697;17;95;0,2;37,71;78,48;0;Ukraine;Eastern Europe;;2020-2025;"Cardiology and Cardiovascular Medicine (Q4); Family Practice (Q4); Health Policy (Q4); Internal Medicine (Q4)";Medicine
406;21101065469;Ukrainskyi Zhurnal Sertsevo-sudynnoi Khirurhii;journal;26645971, 26645963;National Amosov Institute of Cardiovascular Surgery of the National Academy of Medical Sciences of Ukraine;Yes;Yes;0,11;Q4;4;72;188;1313;31;186;0,17;18,24;33,7;0;Ukraine;Eastern Europe;National Amosov Institute of Cardiovascular Surgery of the National Academy of Medical Sciences of Ukraine;2019-2025;"Cardiology and Cardiovascular Medicine (Q4); Surgery (Q4)";Medicine
407;144769;Zeitschrift fur Gefassmedizin;journal;1812951X, 18129501;Krause und Pachernegg GmbH;Yes;No;0,106;Q4;6;5;32;120;3;20;0,17;24;20;0;Austria;Western Europe;Krause und Pachernegg GmbH;2005-2025;Cardiology and Cardiovascular Medicine (Q4);Medicine
408;26084;European Journal of Lymphology and Related Problems;journal;7785569;;No;No;0,105;Q4;8;6;6;138;0;6;0;23;61,9;0;Belgium;Western Europe;;1992-1993, 1995, 1997, 1999-2000, 2002-2006, 2008-2012, 2014-2015, 2017, 2019-2020, 2023, 2025;Cardiology and Cardiovascular Medicine (Q4);Medicine
409;19700188315;Insuficiencia Cardiaca;journal;18523862, 18501044;Silver Horse SRL;Yes;No;0,103;Q4;6;0;16;0;0;11;0;0;0;0;Argentina;Latin America;Silver Horse SRL;2010-2023;Cardiology and Cardiovascular Medicine (Q4);Medicine
410;19700174986;Revista Mexicana de Enfermeria Cardiologica;journal;14050315;Sociedad Mexicana de Cardiologia;No;No;0,103;Q4;4;1;35;31;0;11;0;31;60;0;Mexico;Latin America;Sociedad Mexicana de Cardiologia;2008-2017, 2023, 2025;"Advanced and Specialized Nursing (Q4); Cardiology and Cardiovascular Medicine (Q4)";"Medicine; Nursing"
411;20675;Vasomed;journal;9421181;WPV Wirtschafts- und Praxisverlag GmbH;No;No;0,103;Q4;10;61;183;349;6;87;0,05;5,72;40;0;Germany;Western Europe;WPV Wirtschafts- und Praxisverlag GmbH;1997-2025;Cardiology and Cardiovascular Medicine (Q4);Medicine
412;26190;Lymphologie in Forschung und Praxis;journal;14335255;WPV Wirtschafts- und Praxisverlag GmbH;No;No;0,102;Q4;10;0;20;0;4;14;0;0;0;0;Germany;Western Europe;WPV Wirtschafts- und Praxisverlag GmbH;1999-2022;Cardiology and Cardiovascular Medicine (Q4);Medicine
413;21100855845;Perfusion (Germany);journal;9350020;Verlag Perfusion GmbH;No;No;0,102;Q4;7;0;128;0;0;14;0;0;0;0;Germany;Western Europe;Verlag Perfusion GmbH;2001, 2004-2019, 2021-2024;"Cardiology and Cardiovascular Medicine (Q4); Health Professions (miscellaneous) (Q4); Medicine (miscellaneous) (Q4)";"Health Professions; Medicine"
414;22458;Archives des Maladies du Coeur et des Vaisseaux - Pratique;journal;1261694X;Elsevier Masson s.r.l.;No;No;0,101;Q4;3;64;198;1019;2;165;0;15,92;28,57;0;France;Western Europe;Elsevier Masson s.r.l.;1995-2026;Cardiology and Cardiovascular Medicine (Q4);Medicine
415;19700180508;Intervencni a Akutni Kardiologie;journal;18035302, 1213807X;SOLEN s.r.o.;Yes;No;0,101;Q4;4;0;89;0;2;81;0,04;0;0;0;Czech Republic;Eastern Europe;SOLEN s.r.o.;2010-2024;"Cardiology and Cardiovascular Medicine (Q4); Critical Care and Intensive Care Medicine (Q4)";Medicine
416;21100847439;Journal of Rare Cardiovascular Diseases (discontinued);journal;22993711, 23005505;SoftQ sp. z o.o.;Yes;No;;-;3;1;0;10;0;0;0;10;75;0;Poland;Eastern Europe;SoftQ sp. z o.o.;2017-2020, 2025;Cardiology and Cardiovascular Medicine;Medicine
417;21101337327;Vascular Diseases (France);journal;30506581, 3050659X;Elsevier Masson s.r.l.;No;No;;-;1;24;0;507;0;0;0;21,13;43,21;0;France;Western Europe;Elsevier Masson s.r.l.;2025-2026;Cardiology and Cardiovascular Medicine;Medicine
1;21101039773;Burns and Trauma;journal;23213868, 23213876;Oxford University Press;Yes;No;2,22;Q1;55;93;186;11479;2300;179;10,64;123,43;39,91;0;United Kingdom;Western Europe;Oxford University Press;2013-2026;"Biomedical Engineering (Q1); Critical Care and Intensive Care Medicine (Q1); Dermatology (Q1); Emergency Medicine (Q1); Immunology and Allergy (Q1); Surgery (Q1)";"Engineering; Medicine"
2;19064;Resuscitation;journal;18731570, 03009572;Elsevier Ireland Ltd;No;No;1,932;Q1;168;397;1095;16232;3659;652;3,49;40,89;35,78;5;Ireland;Western Europe;Elsevier Ireland Ltd;1972-1976, 1978-2026;"Cardiology and Cardiovascular Medicine (Q1); Emergency Medicine (Q1); Emergency Nursing (Q1)";"Medicine; Nursing"
3;5700191211;World Journal of Emergency Surgery;journal;17497922;BioMed Central Ltd;Yes;No;1,744;Q1;78;88;154;3746;1121;152;7,48;42,57;30,29;0;United Kingdom;Western Europe;BioMed Central Ltd;2006-2026;"Emergency Medicine (Q1); Surgery (Q1)";Medicine
4;21100463103;Advances in Wound Care;journal;21621934, 21621918;Mary Ann Liebert Inc.;No;No;1,615;Q1;56;94;158;6871;1239;157;7,42;73,1;44,67;0;United States;Northern America;Mary Ann Liebert Inc.;2012, 2015-2026;"Critical Care and Intensive Care Medicine (Q1); Emergency Medicine (Q1)";Medicine
5;21100875599;Turkish Journal of Emergency Medicine;journal;24522473;Wolters Kluwer Medknow Publications;Yes;Yes;1,241;Q1;25;46;119;1346;649;118;6,75;29,26;36,6;0;Turkey;Middle East;Wolters Kluwer Medknow Publications;2009, 2015-2026;"Critical Care and Intensive Care Medicine (Q1); Emergency Medicine (Q1)";Medicine
6;15185;Academic Emergency Medicine;journal;15532712, 10696563;Wiley-Blackwell;No;No;1,172;Q1;154;228;603;4679;1273;372;1,97;20,52;45,76;0;United States;Northern America;Wiley-Blackwell;1994-2026;"Emergency Medicine (Q1); Medicine (miscellaneous) (Q1)";Medicine
7;4000148301;Current Heart Failure Reports;journal;15469530, 15469549;Springer;No;No;1,161;Q1;59;44;146;3608;629;146;4,24;82;39,92;0;United States;Northern America;Springer;2004-2026;"Cardiology and Cardiovascular Medicine (Q1); Emergency Medicine (Q1); Physiology (medical) (Q1)";Medicine
8;19700166521;Scandinavian Journal of Trauma, Resuscitation and Emergency Medicine;journal;17577241;BioMed Central Ltd;Yes;No;1,065;Q1;80;201;316;6946;1105;281;3,08;34,56;30,39;0;United Kingdom;Western Europe;BioMed Central Ltd;2008-2026;"Critical Care and Intensive Care Medicine (Q1); Emergency Medicine (Q1)";Medicine
9;21101077113;Resuscitation Plus;journal;26665204;Elsevier B.V.;Yes;No;1,032;Q1;25;314;614;9111;1681;540;2,75;29,02;30,97;0;Netherlands;Western Europe;Elsevier B.V.;2020-2026;"Cardiology and Cardiovascular Medicine (Q1); Emergency Medicine (Q1); Emergency Nursing (Q1)";"Medicine; Nursing"
10;5000154606;Internal and Emergency Medicine;journal;18280447, 19709366;Springer Science and Business Media Deutschland GmbH;No;No;1,013;Q1;72;460;908;11258;2711;668;3,51;24,47;47,82;0;Germany;Western Europe;Springer Science and Business Media Deutschland GmbH;2006-2026;"Emergency Medicine (Q1); Internal Medicine (Q2)";Medicine
11;12978;Prehospital Emergency Care;journal;15450066, 10903127;Taylor and Francis Ltd.;No;No;1,005;Q1;80;242;416;7715;1114;394;2,7;31,88;38,83;7;United Kingdom;Western Europe;Taylor and Francis Ltd.;1997-2026;"Emergency Medicine (Q1); Emergency Nursing (Q1)";"Medicine; Nursing"
12;19700187806;Journal of Child and Adolescent Trauma;journal;19361521, 1936153X;Springer Science and Business Media Deutschland GmbH;No;No;0,997;Q1;39;143;289;8479;979;287;2,81;59,29;70,19;0;Switzerland;Western Europe;Springer Science and Business Media Deutschland GmbH;2009-2026;"Critical Care and Intensive Care Medicine (Q1); Emergency Medicine (Q1)";Medicine
13;15220;Annals of Emergency Medicine;journal;01960644, 10976760;Elsevier Inc.;No;No;0,986;Q1;184;284;943;5096;1738;665;2,07;17,94;40,6;2;United States;Northern America;Elsevier Inc.;1980-2026;Emergency Medicine (Q1);Medicine
14;4100151514;Critical Care and Resuscitation;journal;26529335, 14412772;Elsevier B.V.;No;No;0,952;Q1;47;57;140;1523;291;114;2,28;26,72;33,97;0;Australia;Pacific Region;Elsevier B.V.;1999, 2002, 2004-2026;"Anesthesiology and Pain Medicine (Q1); Critical Care and Intensive Care Medicine (Q1); Emergency Medicine (Q1)";Medicine
15;21101041516;Intensive Care Medicine Experimental;journal;2197425X;Springer Nature;Yes;No;0,888;Q1;44;133;266;4885;714;238;2,63;36,73;45,23;0;Switzerland;Western Europe;Springer Nature;2013-2026;"Critical Care and Intensive Care Medicine (Q1); Emergency Medicine (Q1); Physiology (medical) (Q2)";Medicine
16;17641;Prehospital and Disaster Medicine;journal;1049023X, 19451938;Cambridge University Press;No;No;0,851;Q1;67;49;370;1164;924;314;2,88;23,76;33,62;0;United Kingdom;Western Europe;Cambridge University Press;1985-1987, 1989-2026;"Emergency Medicine (Q1); Emergency Nursing (Q1)";"Medicine; Nursing"
17;15237;BMC Emergency Medicine;journal;1471227X;BioMed Central Ltd;Yes;No;0,845;Q1;56;261;577;9416;1775;570;3,02;36,08;35,87;0;United Kingdom;Western Europe;BioMed Central Ltd;2001-2026;Emergency Medicine (Q1);Medicine
18;18944;Shock;journal;10732322, 15400514;Lippincott Williams and Wilkins;No;No;0,827;Q1;140;239;610;8870;1715;590;2,56;37,11;36,84;0;United States;Northern America;Lippincott Williams and Wilkins;1994-2026;"Emergency Medicine (Q1); Critical Care and Intensive Care Medicine (Q2)";Medicine
19;5300152611;European Journal of Trauma and Emergency Surgery;journal;18639933, 18639941;Springer International Publishing AG;No;No;0,788;Q1;58;366;1147;12479;3028;1108;2,5;34,1;27,31;0;Germany;Western Europe;Springer International Publishing AG;2006-2026;"Emergency Medicine (Q1); Surgery (Q1); Critical Care and Intensive Care Medicine (Q2); Orthopedics and Sports Medicine (Q2)";Medicine
20;29689;Emergency Medicine Journal;journal;14720213, 14720205;BMJ Publishing Group;No;No;0,784;Q1;105;226;590;3401;1074;411;1,49;15,05;53,87;0;United Kingdom;Western Europe;BMJ Publishing Group;1996-2026;"Emergency Medicine (Q1); Critical Care and Intensive Care Medicine (Q2); Medicine (miscellaneous) (Q2)";Medicine
21;15207;American Journal of Emergency Medicine;journal;15328171, 07356757;W.B. Saunders;No;No;0,773;Q1;120;769;2043;16531;4128;1405;2,15;21,5;35,86;2;United States;Northern America;W.B. Saunders;1983-2026;"Emergency Medicine (Q1); Medicine (miscellaneous) (Q2)";Medicine
22;29801;Injury;journal;00201383, 18790267;Elsevier Ltd;No;No;0,773;Q1;157;628;1999;19054;4821;1764;2,34;30,34;29,68;3;United Kingdom;Western Europe;Elsevier Ltd;1969-2026;"Emergency Medicine (Q1); Surgery (Q1); Orthopedics and Sports Medicine (Q2)";Medicine
23;19900193277;Western Journal of Emergency Medicine;journal;1936900X, 19369018;eScholarship;Yes;No;0,74;Q1;65;243;444;6508;1051;424;2,19;26,78;42,42;0;United States;Northern America;eScholarship;2011-2026;"Emergency Medicine (Q1); Medicine (miscellaneous) (Q2)";Medicine
24;29574;Burns;journal;03054179, 18791409;Elsevier Ltd;No;No;0,725;Q1;129;353;853;11313;2047;659;2,32;32,05;41,29;1;United Kingdom;Western Europe;Elsevier Ltd;1974-2026;"Emergency Medicine (Q1); Surgery (Q1); Critical Care and Intensive Care Medicine (Q2); Medicine (miscellaneous) (Q2)";Medicine
25;29694;European Journal of Emergency Medicine;journal;14735695, 09699546;Lippincott Williams and Wilkins;No;No;0,701;Q1;61;105;309;2174;624;194;2,3;20,7;40,19;0;United States;Northern America;Lippincott Williams and Wilkins;1994-2026;Emergency Medicine (Q1);Medicine
26;21101017909;Archives of Academic Emergency Medicine;journal;26454904;Shaheed Beheshti University of Medical Sciences and Health Services;Yes;No;0,69;Q1;29;82;231;2738;646;216;2,86;33,39;37,47;0;Iran;Middle East;Shaheed Beheshti University of Medical Sciences and Health Services;2019-2026;"Emergency Medical Services (Q1); Emergency Medicine (Q1); Emergency Nursing (Q1)";"Health Professions; Medicine; Nursing"
27;11700154712;Traumatology;journal;15347656, 10859373;SAGE Publications Ltd;No;No;0,665;Q1;61;98;192;5588;477;192;1,94;57,02;66,85;0;United States;Northern America;SAGE Publications Ltd;1996-1999, 2002-2006, 2008-2025;"Emergency Medicine (Q1); Nursing (miscellaneous) (Q1); Public Health, Environmental and Occupational Health (Q2)";"Medicine; Nursing"
28;19700175857;Emergencias;journal;23865857, 11376821;Saned;No;No;0,642;Q1;32;122;340;1947;557;154;1,88;15,96;46,56;0;Spain;Western Europe;Saned;2010-2026;Emergency Medicine (Q1);Medicine
29;21101108654;JACEP Open;journal;26881152;Elsevier Inc.;Yes;No;0,638;Q1;31;227;664;3814;974;536;1,32;16,8;41,55;0;United States;Northern America;Elsevier Inc.;2020-2026;Emergency Medicine (Q1);Medicine
30;29666;EMA - Emergency Medicine Australasia;journal;17426731, 17426723;John Wiley and Sons Inc;No;No;0,586;Q2;69;247;563;4751;811;437;1,37;19,23;50,06;1;United States;Northern America;John Wiley and Sons Inc;2004-2026;"Emergency Medicine (Q2); Medicine (miscellaneous) (Q2)";Medicine
31;145428;Canadian Journal of Emergency Medicine;journal;14818035, 14818043;Springer Nature;No;No;0,583;Q2;60;229;544;2845;553;282;0,91;12,42;47,42;2;Switzerland;Western Europe;Springer Nature;1999-2026;Emergency Medicine (Q2);Medicine
32;14500154757;International Journal of Emergency Medicine;journal;18651372, 18651380;Springer London;Yes;No;0,565;Q2;45;272;362;7736;794;359;1,97;28,44;36,68;1;United Kingdom;Western Europe;Springer London;2009-2026;Emergency Medicine (Q2);Medicine
33;29582;Chinese Journal of Traumatology - English Edition;journal;10081275;Elsevier B.V.;Yes;Yes;0,557;Q2;42;102;189;3143;471;185;2,45;30,81;30,73;0;Netherlands;Western Europe;Elsevier B.V.;2001-2026;"Emergency Medicine (Q2); Public Health, Environmental and Occupational Health (Q2); Surgery (Q2); Orthopedics and Sports Medicine (Q3)";Medicine
34;21100900274;AEM Education and Training;journal;24725390;"John Wiley &amp; Sons Inc.";No;No;0,555;Q2;30;125;312;3349;511;268;1,45;26,79;51,66;0;United States;Northern America;"John Wiley &amp; Sons Inc.";2017-2026;"Education (Q2); Emergency Medicine (Q2); Emergency Nursing (Q2)";"Medicine; Nursing; Social Sciences"
35;19700182448;Open Access Emergency Medicine;journal;11791500;Dove Medical Press Ltd;Yes;No;0,549;Q2;31;37;151;1093;299;148;1,74;29,54;34;0;New Zealand;Pacific Region;Dove Medical Press Ltd;2010-2026;"Emergency Medicine (Q2); Emergency Nursing (Q2)";"Medicine; Nursing"
36;21100905055;Clinical and Experimental Emergency Medicine;journal;23834625;Korean Society of Emergency Medicine;Yes;Yes;0,523;Q2;23;60;191;1340;381;135;2,27;22,33;30,67;0;South Korea;Asiatic Region;Korean Society of Emergency Medicine;2014, 2018-2025;"Emergency Medicine (Q2); Emergency Nursing (Q2)";"Medicine; Nursing"
37;21100853891;World Journal of Emergency Medicine;journal;19208642;Second Affiliated Hospital, Zhejiang University School of Medicine;No;No;0,513;Q2;21;119;303;2730;513;207;1,61;22,94;45,53;0;China;Asiatic Region;Second Affiliated Hospital, Zhejiang University School of Medicine;2012-2013, 2015-2026;Emergency Medicine (Q2);Medicine
38;15722;Pediatric Emergency Care;journal;07495161, 15351815;Lippincott Williams and Wilkins;No;No;0,508;Q2;82;233;957;5707;1161;880;1,03;24,49;54,77;0;United States;Northern America;Lippincott Williams and Wilkins;1985-2026;"Emergency Medicine (Q2); Pediatrics, Perinatology and Child Health (Q2); Medicine (miscellaneous) (Q3)";Medicine
39;29667;Emergency Medicine Clinics of North America;journal;15580539, 07338627;W.B. Saunders;No;No;0,507;Q2;70;73;200;3174;384;163;1,66;43,48;44,72;1;United States;Northern America;W.B. Saunders;1983-2026;Emergency Medicine (Q2);Medicine
40;4000151705;Journal of Burn Care and Research;journal;15590488, 1559047X;Oxford University Press;No;No;0,486;Q2;100;205;656;6187;1167;623;1,76;30,18;47,24;0;United States;Northern America;Oxford University Press;2006-2026;"Emergency Medicine (Q2); Rehabilitation (Q2); Surgery (Q2); Medicine (miscellaneous) (Q3)";Medicine
41;12214;Journal of Emergency Medicine;journal;07364679, 10901280;Elsevier Inc.;No;No;0,46;Q2;103;365;724;7972;942;625;1,29;21,84;38,1;2;United States;Northern America;Elsevier Inc.;1983-2026;Emergency Medicine (Q2);Medicine
42;19900194818;African Journal of Emergency Medicine;journal;22114203, 2211419X;African Federation for Emergency Medicine;Yes;No;0,434;Q2;30;77;192;1751;281;169;1,23;22,74;38,37;0;South Africa;Africa;African Federation for Emergency Medicine;2011-2026;"Critical Care Nursing (Q2); Emergency Medicine (Q2); Emergency Nursing (Q2); Geochemistry and Petrology (Q3); Gerontology (Q3)";"Earth and Planetary Sciences; Medicine; Nursing"
43;20901;Wilderness and Environmental Medicine;journal;10806032, 15451534;SAGE Publications Inc.;No;No;0,426;Q2;60;162;291;4529;382;222;1,38;27,96;37,07;1;United States;Northern America;SAGE Publications Inc.;1995-2026;"Emergency Medicine (Q2); Public Health, Environmental and Occupational Health (Q3); Sports Science (Q3)";"Health Professions; Medicine"
44;21100438328;Health Security;journal;23265108, 23265094;Mary Ann Liebert Inc.;No;No;0,42;Q2;53;52;228;1667;292;159;1,04;32,06;49,54;0;United States;Northern America;Mary Ann Liebert Inc.;2015-2025;"Emergency Medicine (Q2); Safety Research (Q2); Health (social science) (Q3); Health, Toxicology and Mutagenesis (Q3); Management, Monitoring, Policy and Law (Q3); Public Health, Environmental and Occupational Health (Q3)";"Environmental Science; Medicine; Social Sciences"
45;21100853574;Emergency Medicine International;journal;20902840, 20902859;John Wiley and Sons Ltd;Yes;No;0,416;Q2;10;48;92;1610;156;91;1,7;33,54;40,74;0;United Kingdom;Western Europe;John Wiley and Sons Ltd;2011-2012, 2014-2020, 2022-2026;Emergency Medicine (Q2);Medicine
46;21101184585;Paramedicine;journal;27536386;SAGE Publications Inc.;No;No;0,415;Q2;21;43;63;1807;123;47;2,43;42,02;54,78;1;United States;Northern America;SAGE Publications Inc.;2023-2026;"Emergency Medical Services (Q1); Emergency Medicine (Q2); Emergency Nursing (Q2)";"Health Professions; Medicine; Nursing"
47;16671;Emergency Radiology;journal;14381435, 10703004;Springer Science and Business Media Deutschland GmbH;No;No;0,409;Q2;56;116;306;2857;425;298;1,15;24,63;32,15;0;Germany;Western Europe;Springer Science and Business Media Deutschland GmbH;1994-2026;"Emergency Medicine (Q2); Radiology, Nuclear Medicine and Imaging (Q3)";Medicine
48;34839;Ulusal Travma ve Acil Cerrahi Dergisi;journal;1306696X, 13077945;Turkish Association of Trauma and Emergency Surgery;No;No;0,377;Q2;33;173;600;4382;808;595;1,34;25,33;19,25;0;Turkey;Middle East;Turkish Association of Trauma and Emergency Surgery;2003-2004, 2006-2026;"Emergency Medicine (Q2); Anesthesiology and Pain Medicine (Q3); Surgery (Q3)";Medicine
49;4700152443;AACN Advanced Critical Care;journal;15597776, 15597768;American Association of Critical-Care Nurses;No;No;0,348;Q2;52;51;157;1036;169;152;1,02;20,31;81,65;0;United States;Northern America;American Association of Critical-Care Nurses;2006-2025;"Emergency Medicine (Q2); Critical Care Nursing (Q3); Medicine (miscellaneous) (Q3)";"Medicine; Nursing"
50;21101173097;Journal of Critical Care Medicine;journal;23931817, 23931809;Sciendo;Yes;No;0,348;Q2;19;50;113;1414;162;100;1,12;28,28;45,34;0;Poland;Eastern Europe;Sciendo;2015-2026;"Critical Care and Intensive Care Medicine (Q2); Emergency Medicine (Q2); Anesthesiology and Pain Medicine (Q3); Pulmonary and Respiratory Medicine (Q3)";Medicine
51;21100198555;Medizinische Klinik - Intensivmedizin und Notfallmedizin;journal;21936218, 21936226;Springer Medizin;No;No;0,324;Q2;24;163;323;4953;445;264;1,47;30,39;34,63;0;Germany;Western Europe;Springer Medizin;1997, 2002, 2011-2026;"Emergency Medicine (Q2); Emergency Nursing (Q2); Critical Care and Intensive Care Medicine (Q3); Internal Medicine (Q3)";"Medicine; Nursing"
52;21100909460;Turkish Journal of Anaesthesiology and Reanimation;journal;26676370, 2667677X;Galenos Publishing House;Yes;No;0,322;Q2;21;53;224;1239;230;199;1,17;23,38;49,05;0;Turkey;Middle East;Galenos Publishing House;2019-2026;"Emergency Medicine (Q2); Anesthesiology and Pain Medicine (Q3)";Medicine
53;26994;Air Medical Journal;journal;15326497, 1067991X;Elsevier Inc.;No;No;0,321;Q2;32;118;321;2353;286;310;0,81;19,94;34,38;0;United States;Northern America;Elsevier Inc.;1993-2026;"Emergency Medicine (Q2); Emergency Nursing (Q3)";"Medicine; Nursing"
54;19700183041;Journal of Emergencies, Trauma and Shock;journal;09742700, 0974519X;Wolters Kluwer Medknow Publications;Yes;No;0,321;Q2;46;48;158;940;100;102;0,64;19,58;34,65;0;India;Asiatic Region;Wolters Kluwer Medknow Publications;2009-2025;Emergency Medicine (Q2);Medicine
55;21101079124;Journal of Integrated Disaster Risk Management;journal;21858322;IDRiM Society;No;No;0,297;Q2;7;28;53;1656;85;52;1,67;59,14;50;0;Japan;Asiatic Region;IDRiM Society;2019-2026;"Emergency Medicine (Q2); Urban Studies (Q2); Business, Management and Accounting (miscellaneous) (Q3); Management, Monitoring, Policy and Law (Q3); Management Science and Operations Research (Q3); Safety Research (Q3); Safety, Risk, Reliability and Quality (Q3); Social Psychology (Q3); Global and Planetary Change (Q4)";"Business, Management and Accounting; Decision Sciences; Engineering; Environmental Science; Medicine; Psychology; Social Sciences"
56;21101094911;Emergency and Critical Care Medicine;journal;2693860X, 20970617;Lippincott Williams and Wilkins;Yes;Yes;0,293;Q2;7;36;106;1136;105;102;0,83;31,56;35,4;0;United States;Northern America;Lippincott Williams and Wilkins;2021-2025;"Emergency Medicine (Q2); Critical Care and Intensive Care Medicine (Q3)";Medicine
57;21100823138;Malaysian Orthopaedic Journal;journal;2232111X, 19852533;Malaysian Orthopaedic Association;Yes;No;0,293;Q2;20;60;180;1101;167;164;0,91;18,35;14,39;0;Malaysia;Asiatic Region;Malaysian Orthopaedic Association;2015-2025;"Emergency Medicine (Q2); Orthopedics and Sports Medicine (Q3); Surgery (Q3)";Medicine
58;59726;Trauma (United Kingdom);journal;14770350, 14604086;SAGE Publications Ltd;No;No;0,285;Q2;23;38;175;964;127;153;0,67;25,37;32,11;0;United Kingdom;Western Europe;SAGE Publications Ltd;1999-2026;"Emergency Medicine (Q2); Critical Care and Intensive Care Medicine (Q3); Surgery (Q3)";Medicine
59;12408;Notfall und Rettungsmedizin;journal;14360578, 14346222;Springer Medizin;No;No;0,274;Q3;27;253;381;4163;271;295;0,72;16,45;28,54;1;Germany;Western Europe;Springer Medizin;1999-2001, 2003-2026;Emergency Medicine (Q3);Medicine
60;21101101204;Burns Open;journal;24689122;Elsevier B.V.;Yes;No;0,271;Q3;16;54;134;1343;135;133;0,94;24,87;41,35;0;Netherlands;Western Europe;Elsevier B.V.;2017-2026;"Critical Care and Intensive Care Medicine (Q3); Dermatology (Q3); Emergency Medicine (Q3); Surgery (Q3)";Medicine
61;21101052760;Journal of Public Health and Emergency;journal;25200054;AME Publishing Company;No;No;0,271;Q3;11;40;112;1686;105;89;1,05;42,15;47,58;0;Hong Kong;Asiatic Region;AME Publishing Company;2017, 2019-2025;"Emergency Medicine (Q3); Public Health, Environmental and Occupational Health (Q3)";Medicine
62;21101146384;Health in Emergencies and Disasters Quarterly;journal;23454210;Negah Institute for Social Research and Scientific Communication;Yes;Yes;0,259;Q3;9;33;103;1225;94;90;0,85;37,12;36,57;0;Iran;Middle East;Negah Institute for Social Research and Scientific Communication;2019-2026;"Emergency Medical Services (Q2); Building and Construction (Q3); Civil and Structural Engineering (Q3); Emergency Medicine (Q3); Social Sciences (miscellaneous) (Q3)";"Engineering; Health Professions; Medicine; Social Sciences"
63;4800152316;Advanced Emergency Nursing Journal;journal;19314493, 19314485;Lippincott Williams and Wilkins;No;No;0,254;Q3;26;57;151;763;124;138;0,56;13,39;66,67;0;United States;Northern America;Lippincott Williams and Wilkins;2006-2026;"Emergency Medicine (Q3); Emergency Nursing (Q3)";"Medicine; Nursing"
64;21101140510;Unfallchirurgie (Germany);journal;2731703X, 27317021;Springer Medizin;No;No;0,24;Q3;57;137;415;3065;267;332;0,67;22,37;20,85;0;Germany;Western Europe;Springer Medizin;2022-2026;"Emergency Medicine (Q3); Orthopedics and Sports Medicine (Q3); Surgery (Q3)";Medicine
65;145168;Acta Medica Indonesiana;journal;01259326, 23382732;Indonesian Society of Internal Medicine;Yes;No;0,239;Q3;38;70;228;1912;162;210;0,61;27,31;46,67;0;Indonesia;Asiatic Region;Indonesian Society of Internal Medicine;2004-2025;"Emergency Medicine (Q3); Immunology (Q4); Immunology and Allergy (Q4)";"Immunology and Microbiology; Medicine"
66;19700188351;Annals of Burns and Fire Disasters;journal;15929566, 15929558;Mediterranean Council for Burns and Fire Disasters;Yes;No;0,232;Q3;34;31;153;923;113;145;0,66;29,77;30,59;0;Italy;Western Europe;Mediterranean Council for Burns and Fire Disasters;2010-2025;"Critical Care and Intensive Care Medicine (Q3); Emergency Medicine (Q3); Emergency Nursing (Q3)";"Medicine; Nursing"
67;21100780673;International Journal of Critical Illness and Injury Science;journal;22295151, 22315004;Wolters Kluwer Medknow Publications;Yes;No;0,228;Q3;22;30;106;677;91;95;0,82;22,57;33,98;0;India;Asiatic Region;Wolters Kluwer Medknow Publications;2015-2026;"Critical Care and Intensive Care Medicine (Q3); Emergency Medicine (Q3); Public Health, Environmental and Occupational Health (Q3)";Medicine
68;19700173165;Signa Vitae;journal;13345605, 1845206X;Pharmamed Mado Ltd;No;No;0,227;Q3;17;179;441;5444;350;431;0,83;30,41;39;0;Croatia;Eastern Europe;Pharmamed Mado Ltd;2008-2026;"Critical Care and Intensive Care Medicine (Q3); Emergency Medicine (Q3)";Medicine
69;21101034371;Medicina Katastrof;journal;20701004, 26867966;A.I. Burnazyan Federal Medical Biophysical Center;Yes;Yes;0,224;Q3;9;55;148;833;77;148;0,63;15,15;40,77;0;Russian Federation;Eastern Europe;A.I. Burnazyan Federal Medical Biophysical Center;2019-2025;"Emergency Medical Services (Q2); Health Professions (miscellaneous) (Q2); Emergency Medicine (Q3); Public Health, Environmental and Occupational Health (Q4)";"Health Professions; Medicine"
70;21100976770;Medico-Biological and Socio-Psychological Issues of Safety in Emergency Situations;journal;25417487, 19954441;Nikiforov Russian Center of Emergency and Radiation Medicine, EMERCOM of Russia;Yes;No;0,217;Q3;7;37;117;674;64;117;0,65;18,22;32,91;0;Russian Federation;Eastern Europe;Nikiforov Russian Center of Emergency and Radiation Medicine, EMERCOM of Russia;2019-2025;"Emergency Medical Services (Q2); Emergency Medicine (Q3); Clinical Psychology (Q4); Psychiatry and Mental Health (Q4); Public Health, Environmental and Occupational Health (Q4)";"Health Professions; Medicine; Psychology"
71;29792;Hong Kong Journal of Emergency Medicine;journal;23095407, 10249079;John Wiley and Sons Inc;Yes;No;0,216;Q3;18;68;177;1672;95;157;0,45;24,59;29,36;0;Hong Kong;Asiatic Region;John Wiley and Sons Inc;2004-2026;Emergency Medicine (Q3);Medicine
72;21101073950;Annals of Critical Care;journal;1818474X, 17269806;Practical Medicine Publishing House LLC;Yes;Yes;0,212;Q3;11;51;142;2750;138;138;0,95;53,92;39,86;0;Russian Federation;Eastern Europe;Practical Medicine Publishing House LLC;2017-2026;"Anesthesiology and Pain Medicine (Q3); Critical Care and Intensive Care Medicine (Q3); Emergency Medical Services (Q3); Emergency Medicine (Q3); Law (Q3)";"Health Professions; Medicine; Social Sciences"
73;21101246364;Journal of Trauma and Injury;journal;27994317, 22871683;The Korean Society of Traumatology;Yes;Yes;0,21;Q3;5;56;185;1160;119;178;0,62;20,71;24,26;0;South Korea;Asiatic Region;The Korean Society of Traumatology;2019, 2021-2025;"Emergency Medicine (Q3); Surgery (Q3)";Medicine
74;21100197951;Journal of Acute Medicine;journal;22115587, 22115595;Ainosco Press;Yes;No;0,208;Q3;20;26;79;483;50;72;0,72;18,58;25;0;Taiwan;Asiatic Region;Ainosco Press;2011-2025;"Critical Care and Intensive Care Medicine (Q3); Emergency Medicine (Q3)";Medicine
75;21101022219;Disaster and Emergency Medicine Journal;journal;25435957, 24514691;Via Medica;No;No;0,202;Q3;11;30;113;746;48;80;0,28;24,87;28,57;0;Poland;Eastern Europe;Via Medica;2019-2025;"Critical Care and Intensive Care Medicine (Q3); Emergency Medical Services (Q3); Emergency Medicine (Q3)";"Health Professions; Medicine"
76;21100416035;Trauma Case Reports;journal;23526440;Elsevier Ltd;Yes;No;0,2;Q3;14;151;502;2402;260;502;0,49;15,91;20,59;0;United Kingdom;Western Europe;Elsevier Ltd;2015-2026;"Critical Care and Intensive Care Medicine (Q3); Emergency Medicine (Q3); Orthopedics and Sports Medicine (Q4)";Medicine
77;21101054301;Journal of Emergency and Critical Care Medicine;journal;25213563;AME Publishing Company;No;No;0,19;Q3;7;35;63;858;41;61;0,48;24,51;35,32;0;Hong Kong;Asiatic Region;AME Publishing Company;2020-2025;"Critical Care and Intensive Care Medicine (Q3); Emergency Medicine (Q3)";Medicine
78;21100787322;Romanian Journal of Anaesthesia and Intensive Care;journal;23927518, 25020307;;Yes;No;0,184;Q3;15;0;4;0;3;4;0,75;0;0;0;Romania;Eastern Europe;;2014-2019, 2023;"Anesthesiology and Pain Medicine (Q3); Critical Care and Intensive Care Medicine (Q3); Emergency Medicine (Q3)";Medicine
79;145501;Acute Medicine;journal;17474884, 17474892;Rila Publications Ltd;No;No;0,181;Q3;18;14;115;173;41;100;0,27;12,36;45,61;0;United Kingdom;Western Europe;Rila Publications Ltd;2005-2025;"Emergency Medicine (Q3); Critical Care and Intensive Care Medicine (Q4); Internal Medicine (Q4); Medicine (miscellaneous) (Q4)";Medicine
80;21101038514;Russian Journal of Anesthesiology and Reanimatology /Anesteziologiya i Reanimatologiya;journal;02017563, 24104698;Media Sphera Publishing Group;No;No;0,18;Q3;13;70;217;2022;116;202;0,46;28,89;37,5;0;Russian Federation;Eastern Europe;Media Sphera Publishing Group;1976-2016, 2018-2025;"Anesthesiology and Pain Medicine (Q3); Emergency Medical Services (Q3); Emergency Medicine (Q3); Law (Q3); Critical Care and Intensive Care Medicine (Q4); Pathology and Forensic Medicine (Q4)";"Health Professions; Medicine; Social Sciences"
81;21101039106;Journal of Health Administration;journal;20081200, 20081219;Iran University of Medical Sciences;Yes;No;0,177;Q3;7;15;95;589;42;93;0,27;39,27;29,82;0;Iran;Middle East;Iran University of Medical Sciences;2019-2025;"Emergency Medicine (Q3); Health Informatics (Q4); Health Information Management (Q4); Health Policy (Q4)";"Health Professions; Medicine"
82;21101055430;Clinical Practice and Cases in Emergency Medicine;journal;2474252X;University of California - Department of Emergency Medicine;Yes;No;0,175;Q3;12;120;267;1239;124;254;0,37;10,33;37,92;0;United States;Northern America;University of California - Department of Emergency Medicine;2017-2026;"Emergency Medicine (Q3); Emergency Nursing (Q3)";"Medicine; Nursing"
83;21100244201;Journal of Emergency Management;journal;15435865;Weston Medical Publishing;No;No;0,173;Q3;21;66;212;1393;115;197;0,52;21,11;46,97;0;United States;Northern America;Weston Medical Publishing;2008, 2012-2026;"Emergency Medicine (Q3); Medicine (miscellaneous) (Q4); Safety Research (Q4); Safety, Risk, Reliability and Quality (Q4)";"Engineering; Medicine; Social Sciences"
84;21101082212;Journal of Research in Clinical Medicine;journal;27170616;Tabriz University of Medical Sciences;Yes;Yes;0,172;Q3;5;40;108;1220;56;104;0,53;30,5;28,65;1;Iran;Middle East;Tabriz University of Medical Sciences;2020-2026;"Emergency Medicine (Q3); Anesthesiology and Pain Medicine (Q4); Critical Care and Intensive Care Medicine (Q4); Geriatrics and Gerontology (Q4); Internal Medicine (Q4); Medicine (miscellaneous) (Q4)";Medicine
85;21101060899;Bali Journal of Anesthesiology;journal;25492276;Wolters Kluwer Medknow Publications;Yes;Yes;0,17;Q3;5;48;146;1006;56;130;0,39;20,96;41,78;0;India;Asiatic Region;Wolters Kluwer Medknow Publications;2017-2025;"Emergency Medicine (Q3); Anesthesiology and Pain Medicine (Q4); Critical Care and Intensive Care Medicine (Q4); Critical Care Nursing (Q4); Emergency Nursing (Q4)";"Medicine; Nursing"
86;12700154704;Journal of Emergency Medicine, Trauma and Acute Care;journal;19997086, 19997094;HBKU Press;Yes;Yes;0,168;Q3;9;46;220;1244;156;211;0,57;27,04;28,82;0;Qatar;Middle East;HBKU Press;2008-2009, 2012-2017, 2020-2026;"Emergency Medicine (Q3); Critical Care and Intensive Care Medicine (Q4)";Medicine
87;21101149697;Emergency Care Journal;journal;22822054, 18269826;Page Press Publications;Yes;Yes;0,167;Q4;3;77;110;1559;42;81;0,38;20,25;44,88;0;Italy;Western Europe;Page Press Publications;2022-2025;"Emergency Medical Services (Q3); Emergency Medicine (Q4); Emergency Nursing (Q4)";"Health Professions; Medicine; Nursing"
88;21100197524;Trauma Monthly;journal;22517472, 22517464;;Yes;No;0,152;Q4;27;36;140;1023;53;135;0,49;28,42;34,53;0;Iran;Middle East;;2011-2026;"Critical Care and Intensive Care Medicine (Q4); Emergency Medicine (Q4); Medicine (miscellaneous) (Q4); Surgery (Q4)";Medicine
89;21101093567;Journal of Pediatric Emergency and Intensive Care Medicine (Turkey);journal;27179206;Galenos Publishing House;Yes;No;0,148;Q4;4;15;93;265;33;90;0,27;17,67;47,73;0;Turkey;Middle East;Galenos Publishing House;2021-2025;"Critical Care and Intensive Care Medicine (Q4); Emergency Medicine (Q4); Pediatrics, Perinatology and Child Health (Q4)";Medicine
90;21101047723;Journal of Arrhythmology;journal;15618641, 26587327;NJSC Institute of Cardiological Technology (INCART);Yes;Yes;0,146;Q4;5;31;134;901;50;126;0,38;29,06;38,74;0;Russian Federation;Eastern Europe;NJSC Institute of Cardiological Technology (INCART);2019-2026;"Cardiology and Cardiovascular Medicine (Q4); Emergency Medicine (Q4); Pharmacology (medical) (Q4)";Medicine
91;21100857526;Russian Sklifosovsky Journal of Emergency Medical Care;journal;22239022, 25418017;Sklifosovsky Research Institute for Emergency Medicine;Yes;Yes;0,145;Q4;11;90;245;2477;75;242;0,32;27,52;36,32;0;Russian Federation;Eastern Europe;Sklifosovsky Research Institute for Emergency Medicine;2017-2025;Emergency Medicine (Q4);Medicine
92;16374;Notarzt;journal;14388693, 01772309;Georg Thieme Verlag;No;No;0,142;Q4;13;64;219;660;27;123;0,07;10,31;23,7;0;Germany;Western Europe;Georg Thieme Verlag;1985-1993, 1999-2026;"Critical Care and Intensive Care Medicine (Q4); Emergency Medicine (Q4)";Medicine
93;21101041556;Complex Issues of Cardiovascular Diseases;journal;23061278, 25879537;NII KPSSZ;No;No;0,14;Q4;9;124;317;3804;113;316;0,3;30,68;52,41;0;Russian Federation;Eastern Europe;NII KPSSZ;2019-2025;"Cardiology and Cardiovascular Medicine (Q4); Critical Care and Intensive Care Medicine (Q4); Emergency Medicine (Q4); Rehabilitation (Q4); Surgery (Q4)";Medicine
94;21394;Anasthesiologie, Intensivmedizin, Notfallmedizin, Schmerztherapie : AINS;journal;14391074, 09392661;Georg Thieme Verlag;Yes;No;0,136;Q4;31;56;293;1463;59;179;0,17;26,13;35,83;0;Germany;Western Europe;Georg Thieme Verlag;1980-2026;"Anesthesiology and Pain Medicine (Q4); Critical Care and Intensive Care Medicine (Q4); Emergency Medicine (Q4); Medicine (miscellaneous) (Q4)";Medicine
95;21100939599;Kardiologiya i Serdechno-Sosudistaya Khirurgiya;journal;23094737, 19966385;Media Sphera Publishing Group;No;No;0,136;Q4;11;99;281;2420;66;281;0,24;24,44;41,08;0;Russian Federation;Eastern Europe;Media Sphera Publishing Group;2012-2025;"Cardiology and Cardiovascular Medicine (Q4); Emergency Medicine (Q4); Surgery (Q4)";Medicine
96;21101058281;Frontiers in Emergency Medicine;journal;27173593;Tehran University of Medical Sciences;No;No;0,134;Q4;9;37;139;910;74;110;0,67;24,59;33,04;0;Iran;Middle East;Tehran University of Medical Sciences;2021-2025;"Emergency Medical Services (Q4); Emergency Medicine (Q4); Emergency Nursing (Q4)";"Health Professions; Medicine; Nursing"
97;21100982275;Journal of Emergency Practice and Trauma;journal;23834544;Kerman University of Medical Sciences;Yes;Yes;0,134;Q4;6;3;83;111;21;76;0,2;37;35,71;0;Iran;Middle East;Kerman University of Medical Sciences;2019-2025;"Critical Care and Intensive Care Medicine (Q4); Emergency Medicine (Q4); Emergency Nursing (Q4)";"Medicine; Nursing"
98;21101041554;Messenger of Anesthesiology and Resuscitation;journal;20785658, 25418653;New Terra Publishing House;Yes;Yes;0,134;Q4;8;73;225;2472;86;224;0,38;33,86;40,23;0;Russian Federation;Eastern Europe;New Terra Publishing House;2019-2025;"Anesthesiology and Pain Medicine (Q4); Critical Care and Intensive Care Medicine (Q4); Emergency Medicine (Q4)";Medicine
99;21100886212;Medecine Intensive Reanimation;journal;24966142;Societe de Reanimation de Langue Francaise;No;No;0,133;Q4;5;0;1;0;0;1;0;0;0;0;France;Western Europe;Societe de Reanimation de Langue Francaise;2018-2022;"Emergency Medicine (Q4); Emergency Nursing (Q4)";"Medicine; Nursing"
100;21101242004;Chinese Journal of Trauma;journal;10018050;Chinese Medical Journals Publishing House Co.Ltd;No;No;0,129;Q4;6;123;443;5002;133;443;0,29;40,67;32,15;0;China;Asiatic Region;Chinese Medical Journals Publishing House Co.Ltd;2020-2026;"Emergency Medicine (Q4); Orthopedics and Sports Medicine (Q4); Surgery (Q4)";Medicine
101;19971;International Journal of Emergency Management;journal;17415071, 14714825;Inderscience Publishers;No;No;0,129;Q4;28;0;29;0;11;29;0,29;0;0;0;United Kingdom;Western Europe;Inderscience Publishers;2003-2024;"Emergency Medicine (Q4); Strategy and Management (Q4)";"Business, Management and Accounting; Medicine"
102;21100202939;Annales Francaises de Medecine d'Urgence;journal;21086591, 21086524;John Libbey;Yes;No;0,127;Q4;14;62;181;1302;24;126;0,12;21;34,62;0;France;Western Europe;John Libbey;2011-2025;Emergency Medicine (Q4);Medicine
103;21101186835;Regional Anesthesia and Acute Pain Management;journal;19936508, 26871394;Eco-Vector LLC;No;No;0,127;Q4;4;31;83;1124;28;83;0,38;36,26;48,68;0;Russian Federation;Eastern Europe;Eco-Vector LLC;2021-2025;"Anesthesiology and Pain Medicine (Q4); Emergency Medical Services (Q4); Emergency Medicine (Q4)";"Health Professions; Medicine"
104;21101169013;Russian Journal of Pediatric Surgery, Anesthesia and Intensive Care;journal;25876554, 22194061;Eco-Vector LLC;No;No;0,126;Q4;5;49;157;1402;32;141;0,25;28,61;36,45;0;Russian Federation;Eastern Europe;Eco-Vector LLC;2019-2025;"Anesthesiology and Pain Medicine (Q4); Emergency Medicine (Q4); Pediatrics, Perinatology and Child Health (Q4); Surgery (Q4)";Medicine
105;21101105772;Craniomaxillofacial Research and Innovation;journal;27528464;SAGE Publications Ltd;No;No;0,124;Q4;2;0;28;0;7;28;0,42;0;0;0;United Kingdom;Western Europe;SAGE Publications Ltd;2022-2023;"Emergency Medicine (Q4); Oral Surgery (Q4); Otorhinolaryngology (Q4); Surgery (Q4)";"Dentistry; Medicine"
106;3200147821;Chinese Journal of Emergency Medicine;journal;16710282;Chinese Medical Journals Publishing House Co.Ltd;No;No;0,123;Q4;8;114;442;2888;88;438;0,16;25,33;43,8;0;China;Asiatic Region;Chinese Medical Journals Publishing House Co.Ltd;2006-2026;"Emergency Medicine (Q4); Emergency Nursing (Q4)";"Medicine; Nursing"
107;21100431882;Visual Journal of Emergency Medicine;journal;24054690;Elsevier Inc.;No;No;0,122;Q4;6;233;919;887;33;919;0,04;3,81;41,67;0;United States;Northern America;Elsevier Inc.;2015-2026;Emergency Medicine (Q4);Medicine
108;21101392350;Anatolian journal of emergency medicine;journal;26514311;Turkiye Acil Tıp Dernegi;No;No;0,121;Q4;2;32;105;744;16;103;0,16;23,25;29,41;0;Turkey;Middle East;Turkiye Acil Tıp Dernegi;2022-2025;"Emergency Medicine (Q4); Medicine (miscellaneous) (Q4)";Medicine
109;4000149102;Oxymag;journal;9901310;Elsevier Masson s.r.l.;No;No;0,121;Q4;2;43;141;687;6;88;0,03;15,98;44,58;0;France;Western Europe;Elsevier Masson s.r.l.;2006-2026;"Emergency Medicine (Q4); Emergency Nursing (Q4)";"Medicine; Nursing"
110;21101151823;Emergency Medicine (Ukraine);journal;23071230, 22240586;Zaslavsky Publishing House;Yes;No;0,119;Q4;5;113;275;3018;64;252;0,29;26,71;36,98;0;Ukraine;Eastern Europe;Zaslavsky Publishing House;2019-2025;"Anesthesiology and Pain Medicine (Q4); Emergency Medicine (Q4)";Medicine
111;21101023405;Journal of Endovascular Resuscitation and Trauma Management;journal;2003539X, 20027567;Orebro University Hospital;Yes;Yes;0,112;Q4;9;11;72;206;9;55;0,12;18,73;35,19;0;Sweden;Western Europe;Orebro University Hospital;2017-2025;"Critical Care and Intensive Care Medicine (Q4); Emergency Medicine (Q4); Surgery (Q4)";Medicine
112;21101257049;Journal of Clinical Emergency;journal;10095918;;No;No;0,11;Q4;4;76;392;1824;46;392;0,15;24;43,31;0;China;Asiatic Region;;2020-2025;Emergency Medicine (Q4);Medicine
113;4000150801;Praticien en Anesthesie Reanimation;journal;12797960;Elsevier Masson s.r.l.;No;No;0,108;Q4;6;61;168;1127;11;146;0,07;18,48;39,81;0;France;Western Europe;Elsevier Masson s.r.l.;2006-2026;"Anesthesiology and Pain Medicine (Q4); Emergency Medicine (Q4); Emergency Nursing (Q4)";"Medicine; Nursing"
114;21100228103;Journal Europeen des Urgences et de Reanimation;journal;22114238;Elsevier Masson s.r.l.;No;No;0,102;Q4;4;0;40;0;2;28;0;0;0;0;France;Western Europe;Elsevier Masson s.r.l.;2011-2023;"Critical Care and Intensive Care Medicine (Q4); Emergency Medicine (Q4)";Medicine
115;21101392035;Medical physics – the current status, problems, the way of development. Innovation technologies;book series;30411491;Taras Shevchenko National University of Kyiv;No;No;0,101;Q4;1;0;53;0;0;52;0;0;0;0;Ukraine;Eastern Europe;Taras Shevchenko National University of Kyiv;2021, 2024;"Emergency Medicine (Q4); Public Health, Environmental and Occupational Health (Q4); Radiation (Q4); Radiology, Nuclear Medicine and Imaging (Q4)";"Medicine; Physics and Astronomy"
